"ArtikelNr","Bezeichnung","Hersteller","Land","Qualitaet","Gebinde","PreisInklMwst","EntMwst","MwstSatz"
"37100","Bechermalve","Bingenheimer Saatgut","Europäische Union","Demeter (Deutschland)","5Tüten","7.7755","1.1495","7"
"37102","Bunte Wucherblume","Bingenheimer Saatgut","Deutschland","Demeter (Deutschland)","5Tüten","11.5025","1.7005","7"
"37103","Calendula","Bingenheimer Saatgut","Europäische Union","Demeter (Deutschland)","5Tüten","11.5025","1.7005","7"
"37104","Cosmea","Bingenheimer Saatgut","Deutschland","Demeter (Deutschland)","5Tüten","11.5025","1.7005","7"
"37105","Jungfer im Grünen","Bingenheimer Saatgut","Deutschland","Demeter (Deutschland)","5Tüten","11.5025","1.7005","7"
"37106","Kapuzinerkresse","Bingenheimer Saatgut","Europäische Union","Demeter (Deutschland)","5Tüten","13.1733","1.9475","7"
"37107","Kornblume","Bingenheimer Saatgut","Deutschland","Demeter (Deutschland)","5Tüten","7.7755","1.1495","7"
"37108","Lanzenrittersporn","Bingenheimer Saatgut","Deutschland","Demeter (Deutschland)","5Tüten","11.5025","1.7005","7"
"37109","Prachtwinde","Bingenheimer Saatgut","Deutschland","Demeter (Deutschland)","5Tüten","13.1733","1.9475","7"
"37110","Schleierkraut","Bingenheimer Saatgut","Europäische Union","Demeter (Deutschland)","5Tüten","13.1733","1.9475","7"
"37111","Sommeraster","Bingenheimer Saatgut","Deutschland","Demeter (Deutschland)","5Tüten","11.5025","1.7005","7"
"37112","Sonnenblume La Torre","Bingenheimer Saatgut","Deutschland","Demeter (Deutschland)","5Tüten","11.5025","1.7005","7"
"37113","Tagetes","Bingenheimer Saatgut","Deutschland","Demeter (Deutschland)","5Tüten","11.5025","1.7005","7"
"37114","Edelwicke","Bingenheimer Saatgut","Deutschland","Demeter (Deutschland)","5Tüten","13.1733","1.9475","7"
"37115","Blumenmischung Sommerpracht","Bingenheimer Saatgut","Deutschland","Demeter (Deutschland)","5Tüten","13.1733","1.9475","7"
"37116","Klatschmohn","Bingenheimer Saatgut","Deutschland","Demeter (Deutschland)","5Tüten","7.7755","1.1495","7"
"37118","Kletterlöwenmäulchen","Bingenheimer Saatgut","Europäische Union","Demeter (Deutschland)","5Tüten","13.1733","1.9475","7"
"37119","Goldmohn","Bingenheimer Saatgut","Deutschland","Demeter (Deutschland)","5Tüten","13.1733","1.9475","7"
"37121","Blumenmischung Essbare Blüten","Bingenheimer Saatgut","Deutschland","Demeter (Deutschland)","5Tüten","13.1733","1.9475","7"
"37122","Sonnenblume Velvet Queen","Bingenheimer Saatgut","Deutschland","Demeter (Deutschland)","5Tüten","11.5025","1.7005","7"
"37123","Roter Lein Linum grandiflorum","Bingenheimer Saatgut","Europäische Union","Demeter (Deutschland)","5Tüten","11.5025","1.7005","7"
"37125","Ostergras Sommergerste Pirona","Bingenheimer Saatgut","Europäische Union","Demeter (Deutschland)","5Tüten","7.7755","1.1495","7"
"37128","Prunkbohne Preisgewinner","Bingenheimer Saatgut","Deutschland","Demeter (Deutschland)","5Tüten","13.1733","1.9475","7"
"37130","Phacelie Bienenfreund","Bingenheimer Saatgut","Deutschland","Demeter (Deutschland)","5Tüten","13.1733","1.9475","7"
"37132","Weißkohl Dottenfelder Dauer","Bingenheimer Saatgut","Deutschland","Demeter (Deutschland)","5Tüten","13.1733","1.9475","7"
"37133","Möhre Robila bioverita","Bingenheimer Saatgut","Deutschland","Demeter (Deutschland)","5Tüten","13.1733","1.9475","7"
"37134","Möhren Milan bioverita","Bingenheimer Saatgut","Deutschland","Demeter (Deutschland)","5Tüten","13.1733","1.9475","7"
"37135","Paprika Pantos bioverita","Bingenheimer Saatgut","Deutschland","Demeter (Deutschland)","5Tüten","13.1733","1.9475","7"
"37137","Spinat Verdil bioverita","Bingenheimer Saatgut","Deutschland","Demeter (Deutschland)","5Tüten","13.1733","1.9475","7"
"37140","Buschbohne Saxa","Bingenheimer Saatgut","Deutschland","Demeter (Deutschland)","5Tüten","13.1733","1.9475","7"
"37141","Buschbohne Marona","Bingenheimer Saatgut","Deutschland","Demeter (Deutschland)","5Tüten","13.1733","1.9475","7"
"37142","Buschbohne Helios bioverita","Bingenheimer Saatgut","Deutschland","Demeter (Deutschland)","5Tüten","13.1733","1.9475","7"
"37143","Stangenbohne Neckarkönigin","Bingenheimer Saatgut","Deutschland","Demeter (Deutschland)","5Tüten","13.1733","1.9475","7"
"37145","Freilandgurke Persika bioverita","Bingenheimer Saatgut","Europäische Union","Demeter (Deutschland)","5Tüten","13.1733","1.9475","7"
"37146","Feldsalat vert á coeur plein","Bingenheimer Saatgut","Deutschland","Demeter (Deutschland)","5Tüten","13.1733","1.9475","7"
"37149","Rotkohl Rodynda","Bingenheimer Saatgut","Deutschland","Demeter (Deutschland)","5Tüten","13.1733","1.9475","7"
"37151","Kohlrabi blau Azur Star","Bingenheimer Saatgut","Deutschland","Demeter (Deutschland)","5Tüten","13.1733","1.9475","7"
"37152","Kohlrabi weiß Superschmelz","Bingenheimer Saatgut","Deutschland","Demeter (Deutschland)","5Tüten","13.1733","1.9475","7"
"37153","Kresse einfach","Bingenheimer Saatgut","Europäische Union","Demeter (Deutschland)","5Tüten","11.5025","1.7005","7"
"37155","Kürbis Hokkaido Red Kuri","Bingenheimer Saatgut","Deutschland","Demeter (Deutschland)","5Tüten","13.1733","1.9475","7"
"37156","Stiel-Mangold Glatter Silber","Bingenheimer Saatgut","Deutschland","Demeter (Deutschland)","5Tüten","11.5025","1.7005","7"
"37157","Möhre Rodelika bioverita","Bingenheimer Saatgut","Europäische Union","Demeter (Deutschland)","5Tüten","13.1733","1.9475","7"
"37161","Petersilie kraus Mooskrause","Bingenheimer Saatgut","Deutschland","Demeter (Deutschland)","5Tüten","7.7755","1.1495","7"
"37163","Radies Eiszapfen","Bingenheimer Saatgut","Deutschland","Demeter (Deutschland)","5Tüten","11.5025","1.7005","7"
"37164","Radies Sora","Bingenheimer Saatgut","Europäische Union","Demeter (Deutschland)","5Tüten","11.5025","1.7005","7"
"37165","Rettich Runder Schwarzer Winter","Bingenheimer Saatgut","Deutschland","Demeter (Deutschland)","5Tüten","11.5025","1.7005","7"
"37166","Rote Bete Robuschka bioverita","Bingenheimer Saatgut","Deutschland","Demeter (Deutschland)","5Tüten","7.7755","1.1495","7"
"37169","Eissalat Laibacher Eis","Bingenheimer Saatgut","Deutschland","Demeter (Deutschland)","5Tüten","13.1733","1.9475","7"
"37170","Batavia Maravilla da Verano","Bingenheimer Saatgut","Deutschland","Demeter (Deutschland)","5Tüten","11.5025","1.7005","7"
"37171","Pflücksalat Red Salad Bowl","Bingenheimer Saatgut","Deutschland","Demeter (Deutschland)","5Tüten","11.5025","1.7005","7"
"37172","Pflücksalat Lollo Bionda","Bingenheimer Saatgut","Deutschland","Demeter (Deutschland)","5Tüten","11.5025","1.7005","7"
"37173","Pflücksalat Till","Bingenheimer Saatgut","Deutschland","Demeter (Deutschland)","5Tüten","11.5025","1.7005","7"
"37176","Tomate Hellfrucht","Bingenheimer Saatgut","Deutschland","Demeter (Deutschland)","5Tüten","11.5025","1.7005","7"
"37177","Tomate Matina","Bingenheimer Saatgut","Deutschland","Demeter (Deutschland)","5Tüten","11.5025","1.7005","7"
"37178","Cocktailtomate Zuckertraube","Bingenheimer Saatgut","Europäische Union","Demeter (Deutschland)","5Tüten","13.1733","1.9475","7"
"37179","Tomate Berner Rose - Fleischtomate","Bingenheimer Saatgut","Deutschland","Demeter (Deutschland)","5Tüten","11.5025","1.7005","7"
"37181","Zucchini Zuboda","Bingenheimer Saatgut","Europäische Union","Demeter (Deutschland)","5Tüten","11.5025","1.7005","7"
"37183","Rucola Salatrauke","Bingenheimer Saatgut","Europäische Union","Demeter (Deutschland)","5Tüten","7.7755","1.1495","7"
"37186","Asia Salat Red Giant","Bingenheimer Saatgut","Deutschland","Demeter (Deutschland)","5Tüten","11.5025","1.7005","7"
"37188","Lauch Avano bioverita","Bingenheimer Saatgut","Deutschland","Demeter (Deutschland)","5Tüten","11.5025","1.7005","7"
"37191","Basilikum rot","Bingenheimer Saatgut","Deutschland","Demeter (Deutschland)","5Tüten","11.5025","1.7005","7"
"37192","Bohnenkraut einjährig","Bingenheimer Saatgut","Deutschland","Demeter (Deutschland)","5Tüten","7.7755","1.1495","7"
"37194","Dill Bob","Bingenheimer Saatgut","Deutschland","Demeter (Deutschland)","5Tüten","7.7755","1.1495","7"
"37195","Kerbel Commun","Bingenheimer Saatgut","Deutschland","Demeter (Deutschland)","5Tüten","7.7755","1.1495","7"
"37196","Schnittlauch Schmitt mittelgrobröhrig","Bingenheimer Saatgut","Deutschland","Demeter (Deutschland)","5Tüten","11.5025","1.7005","7"
"37197","Thymian","Bingenheimer Saatgut","Deutschland","Demeter (Deutschland)","5Tüten","11.5025","1.7005","7"
"37198","Rucola Salatrauke - Saatscheibe","Bingenheimer Saatgut","Deutschland","Demeter (Deutschland)","5Tüten","11.5025","1.7005","7"
"37199","Basilikum - Saatscheibe","Bingenheimer Saatgut","Deutschland","Demeter (Deutschland)","5Tüten","11.5025","1.7005","7"
"37201","Möhre Robila - Saatbänder bioverita","Bingenheimer Saatgut","Deutschland","Demeter (Deutschland)","5Tüten","13.1733","1.9475","7"
"37202","Saatband Radies Rudi GS","Bingenheimer Saatgut","Europäische Union","Demeter (Deutschland)","5Tüten","13.1733","1.9475","7"
"37205","Zitronenmelisse Mia","Bingenheimer Saatgut","Deutschland","Demeter (Deutschland)","5Tüten","11.5025","1.7005","7"
"37207","Basilikum großblättrig","Bingenheimer Saatgut","Europäische Union","Demeter (Deutschland)","5Tüten","7.7755","1.1495","7"
"37208","Petersilie glatt","Bingenheimer Saatgut","Europäische Union","EG-Bio","5Tüten","7.7755","1.1495","7"
"37213","Pastinake Aromata bioverita","Bingenheimer Saatgut","Deutschland","Demeter (Deutschland)","5Tüten","13.1733","1.9475","7"
"68269","Heilerde Luvos 2 hautfein","LUVOS","Deutschland","S#","480g","5.4235","0.8018","19"
"88605","Kajal black","Benecos","Diverse","Naturkosmetik (BNN)","Stück","1.9792","0.2926","19"
"88606","Kajal green","Benecos","Diverse","Naturkosmetik (BNN)","Stück","1.9792","0.2926","19"
"88607","Kajal brown","Benecos","Diverse","Naturkosmetik (BNN)","Stück","1.9792","0.2926","19"
"88608","Kajal night-blue","Benecos","Diverse","Naturkosmetik (BNN)","Stück","1.9792","0.2926","19"
"88609","Kajal bright-blue","Benecos","Diverse","Naturkosmetik (BNN)","Stück","1.9792","0.2926","19"
"88610","Kajal grey","Benecos","Diverse","Naturkosmetik (BNN)","Stück","1.9792","0.2926","19"
"88611","Kajal olive","Benecos","Diverse","Naturkosmetik (BNN)","Stück","1.9792","0.2926","19"
"88612","Kajal white","Benecos","Diverse","Naturkosmetik (BNN)","Stück","1.9792","0.2926","19"
"88615","Eyebrow-Designer brown","Benecos","Diverse","Naturkosmetik (BNN)","Stück","1.9921","0.2945","19"
"88616","Eyebrow-Designer gentle brown","Benecos","Diverse","Naturkosmetik (BNN)","Stück","1.9921","0.2945","19"
"88618","Eyeliner black liquid","Benecos","Diverse","Naturkosmetik (BNN)","Stück","2.8146","0.4161","19"
"88621","Lipliner pink","Benecos","Diverse","Naturkosmetik (BNN)","Stück","1.9792","0.2926","19"
"88622","Lipliner brown","Benecos","Diverse","Naturkosmetik (BNN)","Stück","1.9792","0.2926","19"
"88625","Mascara Maximum Volume deep black","Benecos","Diverse","Naturkosmetik (BNN)","Stück","3.303","0.4883","19"
"88626","Mascara Maximum Volume smooth brown","Benecos","Diverse","Naturkosmetik (BNN)","Stück","3.303","0.4883","19"
"88627","Mascara Maximum Length carbon black","Benecos","Diverse","Naturkosmetik (BNN)","Stück","3.2001","0.4731","19"
"88628","Mascara Multi Effect justblack","Benecos","Diverse","Naturkosmetik (BNN)","Stück","3.303","0.4883","19"
"88630","Creamy Make-Up caramel","Benecos","Diverse","Naturkosmetik (BNN)","Stück","4.6267","0.684","19"
"88631","Creamy Make-Up honey","Benecos","Diverse","Naturkosmetik (BNN)","Stück","4.6267","0.684","19"
"88632","Creamy Make-Up nude","Benecos","Diverse","Naturkosmetik (BNN)","Stück","4.6267","0.684","19"
"88637","Eyeshadow Quattro beauty eyes","Benecos","Diverse","Naturkosmetik (BNN)","Stück","3.8556","0.57","19"
"88640","Mineral Powder sand","Benecos","Diverse","Naturkosmetik (BNN)","Stück","4.0612","0.6004","19"
"88642","Mineral Powder light sand","Benecos","Diverse","Naturkosmetik (BNN)","Stück","4.0612","0.6004","19"
"88643","Mineral Powder medium beige","Benecos","Diverse","Naturkosmetik (BNN)","Stück","4.0612","0.6004","19"
"88655","Lipgloss rosé","Benecos","Diverse","Naturkosmetik (BNN)","Stück","3.2901","0.4864","19"
"88664","Lipstick hot pink","Benecos","Diverse","Naturkosmetik (BNN)","Stück","3.2901","0.4864","19"
"88666","Lipstick just red","Benecos","Diverse","Naturkosmetik (BNN)","Stück","3.2901","0.4864","19"
"88667","Lipstick soft coral","Benecos","Diverse","Naturkosmetik (BNN)","Stück","3.2901","0.4864","19"
"88668","Lipstick pink rose","Benecos","Diverse","Naturkosmetik (BNN)","Stück","3.2901","0.4864","19"
"88669","Lipstick pink honey","Benecos","Diverse","Naturkosmetik (BNN)","Stück","3.2901","0.4864","19"
"88675","Concealer beige","Benecos","Diverse","Naturkosmetik (BNN)","Stück","3.1487","0.4655","19"
"88678","Lipgloss kiss me","Benecos","Diverse","Naturkosmetik (BNN)","Stück","3.2901","0.4864","19"
"88679","Lipstick marry me","Benecos","Diverse","Naturkosmetik (BNN)","Stück","3.2901","0.4864","19"
"88695","Doppelanspitzer","Benecos","Diverse","","Stück","1.2723","0.1881","19"
"89020","Katzen-Paté Huhn mit Spirulina & Seetang - Dose","Yarrah","Diverse","100% Biozutaten","12x400g","33.7751","4.9932","7"
"89025","Katzen-Paté Fisch mit Spirulina & Seetang - Dose","Yarrah","Diverse","100% Biozutaten","12x400g","33.7751","4.9932","7"
"89036","Katzen-Bröckchen Fisch getreidefrei - AluCup","Yarrah","Diverse","100% Biozutaten","16x100g","18.9181","2.7968","7"
"89037","Katzen-Bröckchen mit Truthahn - Dose","Yarrah","Diverse","100% Biozutaten","12x400g","33.7751","4.9932","7"
"89038","Katzen-Bröckchen Huhn-Truthahn in Sauce - AluCup","Yarrah","Diverse","100% Biozutaten","16x100g","18.9181","2.7968","7"
"89080","Katzenklumpstreu","Yarrah","CDN","100% Biozutaten","7kg","11.6311","1.7195","7"
"89086","Hund Bröckchen Huhn mit Rind - Dose","Yarrah","Diverse","100% Biozutaten","12x405g","33.0039","4.8792","7"
"89089","Hund Bröckchen Huhn mit Rind - Dose","Yarrah","Diverse","100% Biozutaten","6x820g","27.6832","4.0926","7"
"89105","Hunde-Paté Huhn-Spirulina & Seetang - Dose","Yarrah","Diverse","100% Biozutaten","12x400g","33.0039","4.8792","7"
"89107","Hunde-Bröckchen Huhn-Tomate in Sauce - Dose","Yarrah","Diverse","100% Biozutaten","6x820g","27.6832","4.0926","7"
"89110","Hundekekse vegan","Yarrah","Diverse","100% Biozutaten","4x500g","20.5118","3.0324","7"
"89114","Hundesticks mit Rind","Yarrah","Diverse","100% Biozutaten","25x33g","49.1589","7.2675","7"
"89118","Hunde-Bröckchen Huhn-Tomate in Sauce - Dose","Yarrah","Diverse","100% Biozutaten","12x405g","33.0039","4.8792","7"
"89120","Katzensticks mit Spirulina & Seetang","Yarrah","Diverse","100% Biozutaten","25x15g","36.9495","5.4625","7"
"89121","Katzen-Bröckchen mit Huhn - Dose","Yarrah","Diverse","100% Biozutaten","12x405g","33.7751","4.9932","7"
"89123","Katze Bröckchen mit Rind - Dose","Yarrah","Diverse","100% Biozutaten","12x405g","33.7751","4.9932","7"
"89190","Zahncreme Ayurdent classic","Maharishi Ayurveda","Diverse","Naturkosmetik (BNN)","75ml","5.5649","0.8227","19"
"89200","ROSE Cream DEMETER","Martina Gebhardt","Diverse","Demeter (Deutschland)","50ml","15.3581","2.2705","19"
"89201","SALVIA Cream DEMETER","Martina Gebhardt","Diverse","Demeter (Deutschland)","50ml","11.8752","1.7556","19"
"89202","MELISSA Cream DEMETER","Martina Gebhardt","Diverse","Demeter (Deutschland)","50ml","13.7388","2.0311","19"
"89203","7-Herbs Vital Mask Face & Décolleté DEMETER","Martina Gebhardt","Bayern","Demeter (Deutschland)","100ml","18.9567","2.8025","19"
"89204","SHEABUTTER Cream DEMETER","Martina Gebhardt","Diverse","Demeter (Deutschland)","50ml","13.2504","1.9589","19"
"89207","PROPOLIS Cream DEMETER","Martina Gebhardt","Diverse","Demeter (Deutschland)","50ml","12.852","1.9","19"
"89208","GINSENG Cream DEMETER","Martina Gebhardt","Diverse","Demeter (Deutschland)","50ml","16.0136","2.3674","19"
"89209","ALOE VERA Cream DEMETER","Martina Gebhardt","Diverse","Demeter (Deutschland)","50ml","21.8741","3.2338","19"
"89210","HAPPY AGING Cream DEMETER - Kleingröße","Martina Gebhardt","Diverse","Demeter (Deutschland)","15ml","8.3024","1.2274","19"
"89213","NEROLI Cream DEMETER","Martina Gebhardt","Diverse","Demeter (Deutschland)","50ml","23.7248","3.5074","19"
"89220","Happy Aging Vital Mask DEMETER","Martina Gebhardt","Bayern","Demeter (Deutschland)","50ml","22.3625","3.306","19"
"89222","ROSE Balm DEMETER - vegan","Martina Gebhardt","Diverse","Demeter (Deutschland)","15ml","8.0454","1.1894","19"
"89227","CALENDULA Cream DEMETER","Martina Gebhardt","Diverse","Demeter (Deutschland)","50ml","9.6647","1.4288","19"
"89234","EYE CARE Cream DEMETER","Martina Gebhardt","Diverse","Demeter (Deutschland)","15ml","10.7314","1.5865","19"
"89260","ROSE Cleanser DEMETER","Martina Gebhardt","Diverse","Demeter (Deutschland)","150ml","13.7388","2.0311","19"
"89261","SALVIA Cleanser DEMETER","Martina Gebhardt","Diverse","Demeter (Deutschland)","150ml","11.2969","1.6701","19"
"89262","GINSENG Cleanser DEMETER","Martina Gebhardt","Diverse","Demeter (Deutschland)","150ml","14.1886","2.0976","19"
"89265","SHEABUTTER Cleanser DEMETER","Martina Gebhardt","Diverse","Demeter (Deutschland)","150ml","11.7853","1.7423","19"
"89270","ROSE Tonic DEMETER","Martina Gebhardt","Diverse","Demeter (Deutschland)","100ml","10.4872","1.5504","19"
"89271","SALVIA Tonic DEMETER","Martina Gebhardt","Diverse","Demeter (Deutschland)","100ml","7.8911","1.1666","19"
"89273","GINSENG Tonic DEMETER","Martina Gebhardt","Diverse","Demeter (Deutschland)","100ml","11.0527","1.634","19"
"89276","SHEABUTTER Tonic DEMETER","Martina Gebhardt","Diverse","Demeter (Deutschland)","100ml","8.8679","1.311","19"
"89280","ROSE Face Lotion DEMETER","Martina Gebhardt","Diverse","Demeter (Deutschland)","100ml","18.2884","2.7037","19"
"89281","SALVIA Face Lotion DEMETER","Martina Gebhardt","Diverse","Demeter (Deutschland)","100ml","13.2504","1.9589","19"
"89283","GINSENG Face Lotion DEMETER","Martina Gebhardt","Diverse","Demeter (Deutschland)","100ml","18.9567","2.8025","19"
"89285","SHEABUTTER Face Lotion DEMETER","Martina Gebhardt","Diverse","Demeter (Deutschland)","100ml","15.371","2.2724","19"
"89294","HAPPY AGING Cream DEMETER","Martina Gebhardt","Diverse","Demeter (Deutschland)","50ml","18.9438","2.8006","19"
"89295","HAPPY AGING Lotion DEMETER","Martina Gebhardt","Diverse","Demeter (Deutschland)","100ml","22.7223","3.3592","19"
"89296","HAPPY AGING Cleanser DEMETER","Martina Gebhardt","Diverse","Demeter (Deutschland)","150ml","15.7823","2.3332","19"
"89297","HAPPY AGING Tonic DEMETER","Martina Gebhardt","Diverse","Demeter (Deutschland)","100ml","13.6617","2.0197","19"
"89320","Gesichtslotion Wild Utah DEMETER","Martina Gebhardt","Diverse","Demeter (Deutschland)","100ml","14.2272","2.1033","19"
"89322","WILD UTAH Aftershave DEMETER","Martina Gebhardt","Diverse","Demeter (Deutschland)","100ml","10.9756","1.6226","19"
"89323","WILD UTAH Cream DEMETER","Martina Gebhardt","Diverse","Demeter (Deutschland)","50ml","10.9756","1.6226","19"
"89342","ROSE Bodylotion DEMETER","Martina Gebhardt","Diverse","Demeter (Deutschland)","150ml","16.669","2.4643","19"
"89415","CALENDULA Super Protect DEMETER","Martina Gebhardt","Diverse","Demeter (Deutschland)","100ml","13.2504","1.9589","19"
"89423","CALENDULA Babybalm DEMETER","Martina Gebhardt","Diverse","Demeter (Deutschland)","50ml","12.9163","1.9095","19"
"89439","ROSE Cream DEMETER - Kleingröße","Martina Gebhardt","Diverse","Demeter (Deutschland)","15ml","7.3899","1.0925","19"
"89441","SHEABUTTER Cream DEMETER - Kleingröße","Martina Gebhardt","Diverse","Demeter (Deutschland)","15ml","7.0686","1.045","19"
"89445","ALOE VERA Cream DEMETER - Kleingröße","Martina Gebhardt","Bayern","Demeter (Deutschland)","15ml","8.7779","1.2977","19"
"89470","BAOBAB Leg Lotion DEMETER","Martina Gebhardt","Diverse","Demeter (Deutschland)","150ml","12.9163","1.9095","19"
"89474","BAOBAB Foot Balm DEMETER","Martina Gebhardt","Diverse","Demeter (Deutschland)","50ml","9.6647","1.4288","19"
"89476","BAOBAB Foot Cream DEMETER","Martina Gebhardt","Diverse","Demeter (Deutschland)","50ml","9.6647","1.4288","19"
"89981","Slipeinlagen-Mini luftdurchlässig","Natracare","S","100% Biozutaten","10x30Stück","22.6195","3.344","7"
"90000","Tampons normal - 100% Baumwolle","Natracare","Diverse","100% Biozutaten","12x20Stück","40.8694","6.042","7"
"90001","Tampons super - 100% Baumwolle","Natracare","Diverse","100% Biozutaten","12x20Stück","43.4912","6.4296","7"
"90002","Tampons super plus - 100% Baumwolle","Natracare","Diverse","100% Biozutaten","12x20Stück","47.3468","6.9996","7"
"90005","Inkontinenzbinde slim - Dry & Light","Natracare","Diverse","100% Biozutaten","6x20Stück","26.2952","3.8874","19"
"90009","Slipeinlagen geformt","Natracare","S","100% Biozutaten","16x30Stück","36.1912","5.3504","7"
"90010","Slipeinlagen extradünn","Natracare","S","100% Biozutaten","16x22Stück","42.1546","6.232","7"
"90011","Damenbinden super mit Flügeln","Natracare","S","100% Biozutaten","12x12Stück","36.2426","5.358","7"
"90013","Damenbinden normal","Natracare","Griechenland","100% Biozutaten","12x14Stück","34.5462","5.1072","7"
"90014","Damenbinden super","Natracare","Griechenland","100% Biozutaten","12x12Stück","34.5462","5.1072","7"
"90015","Damenbinden super für nachts","Natracare","Griechenland","100% Biozutaten","12x10Stück","43.4912","6.4296","7"
"90016","Damenbinden normal mit Flügeln","Natracare","S","100% Biozutaten","12x14Stück","36.2426","5.358","7"
"90018","Babypflegetücher feucht","Natracare","Diverse","100% Biozutaten","16x50Stück","67.4473","9.9712","19"
"90420","Argan-Pflegeöl","Arganpur","Marokko","EG-Bio","100ml","29.8166","4.408","7"
"90432","ZEDAN Juckreizstopp - Rollstift","MM-Cosmetic","Diverse","Naturkosmetik (BNN)","12ml","6.0276","0.8911","19"
"90529","Spülmaschinen-Tabs Classic Zitrone 25St","Ecover","Diverse","konventionell","12x500g","79.1169","11.6964","19"
"90541","WC-Reiniger Atlantikfrische","Ecover","Diverse","konventionell","6x750ml","15.2682","2.2572","19"
"90563","Flüssigwaschmittel Color Mint-Lemon","Sonett","Diverse","WP","6x1,5l","36.0884","5.3352","19"
"90570","Handseife 7-Kräuter - Spender","Sonett","Diverse","Naturkosmetik (BNN)","6x300ml","26.2952","3.8874","19"
"90571","Handseife 7-Kräuter - Nachfüllflasche","Sonett","Diverse","Naturkosmetik (BNN)","6x1,0l","52.8988","7.8204","19"
"90576","Sprühstärke - Sprühflasche","Sonett","Diverse","WP","6x500ml","14.3428","2.1204","19"
"90579","Spülmaschinentabs 25St","Sonett","Diverse","WP","5x500g","27.5033","4.066","19"
"90580","Flüssigwaschmittel sensitiv","Sonett","Diverse","WP","6x2,0l","45.7274","6.7602","19"
"90584","Oliven-Waschmittel sensitiv für Wolle und Seide","Sonett","Diverse","WP","6x1,0l","33.6208","4.9704","19"
"90585","Handseife sensitiv - Spender","Sonett","Diverse","Naturkosmetik (BNN)","6x300ml","23.9047","3.534","19"
"90586","Handseife sensitiv - Nachfüllfllasche","Sonett","Diverse","Naturkosmetik (BNN)","6x1,0l","48.1179","7.1136","19"
"90587","Orangen Kraftreiniger","Sonett","Diverse","WP","6x500ml","15.4995","2.2914","19"
"90587","Orangen Kraftreiniger","Sonett","Diverse","WP","6x500ml","15.4995","2.2914","19"
"90590","Waschmittelkonzentrat Pulver","Sonett","Diverse","WP","4x1,2kg","27.092","4.0052","19"
"90591","Waschmittelkonzentrat Pulver","Sonett","Diverse","WP","4x2,4kg","39.5842","5.852","19"
"90592","Enthärter","Sonett","Diverse","WP","4x500g","12.8006","1.8924","19"
"90593","Bleichkomplex","Sonett","Diverse","WP","4x450g","11.2069","1.6568","19"
"90594","Boden-Wischpflege","Sonett","Diverse","WP","6x500ml","47.8866","7.0794","19"
"90596","Badreiniger - Sprühflasche","Sonett","Diverse","WP","6x500ml","14.3428","2.1204","19"
"90597","Badreiniger - Nachfüllflasche","Sonett","Diverse","WP","6x1l","23.9818","3.5454","19"
"90599","Bleichkomplex","Sonett","Diverse","WP","4x900g","15.9879","2.3636","19"
"90602","Flüssigwaschmittel Lavendel","Sonett","Diverse","WP","6x2l","45.6503","6.7488","19"
"90603","Geschirrspülmittel Calendula - Pumpspender","Sonett","Diverse","WP","6x300ml","11.4897","1.6986","19"
"90604","Oliven-Waschmittel für Wolle & Seide","Sonett","Diverse","WP","6x1,0l","33.6208","4.9704","19"
"90606","Wäschespüler","Sonett","Diverse","WP","6x1l","21.1287","3.1236","19"
"90607","WC-Reiniger Zeder-Citronella","Sonett","Diverse","WP","6x750ml","16.8104","2.4852","19"
"90608","Glasreiniger - Nachfüllflasche","Sonett","Diverse","WP","6x1l","23.9818","3.5454","19"
"90612","Regeneriersalz","Sonett","Diverse","WP","6x2kg","13.4946","1.995","19"
"90613","Flächendesinfektion - Sprühflasche","Sonett","Diverse","WP","6x500ml","33.6208","4.9704","19"
"90614","Flächendesinfektion - Nachfüllflasche","Sonett","Diverse","WP","6x1l","48.1179","7.1136","19"
"90615","Allesreiniger - Nachfüllflasche","Sonett","Diverse","WP","6x1,0l","18.8153","2.7816","19"
"90615","Allesreiniger - Nachfüllflasche","Sonett","Diverse","WP","6x1,0l","18.8153","2.7816","19"
"90616","Geschirrspülmittel Lemon - Nachfüllflasche","Sonett","Diverse","WP","6x1,0l","16.6562","2.4624","19"
"90616","Geschirrspülmittel Lemon - Nachfüllflasche","Sonett","Diverse","WP","6x1,0l","16.6562","2.4624","19"
"90622","Handseife Lavendel - Spender","Sonett","Diverse","Naturkosmetik (BNN)","6x300ml","23.9047","3.534","19"
"90624","Handseife Lavendel - Nachfüllflasche","Sonett","Diverse","Naturkosmetik (BNN)","6x1,0l","48.195","7.125","19"
"90625","Wollkur","Sonett","Diverse","WP","6x300ml","38.4789","5.6886","19"
"90626","Glasreiniger - Sprühflasche","Sonett","Diverse","WP","6x500ml","14.3428","2.1204","19"
"90630","Gallseifenstücke","Sonett","Diverse","WP","12x100g","17.7358","2.622","19"
"90631","Kernseifenstück","Sonett","Diverse","Naturkosmetik (BNN)","28x100g","33.4666","4.9476","19"
"90632","Gallseife flüssig","Sonett","Diverse","WP","6x120ml","10.4872","1.5504","19"
"90635","Gallseife flüssig","Sonett","Diverse","WP","6x300ml","19.2009","2.8386","19"
"90636","Gallseife flüssig - Nachfüllflasche","Sonett","Diverse","WP","6x1,0l","43.8767","6.4866","19"
"90640","Scheuerpulver - Streudose","Sonett","Diverse","WP","6x450g","16.6562","2.4624","19"
"90643","Handseife Rose - Spender","Sonett","Diverse","Naturkosmetik (BNN)","6x300ml","23.9818","3.5454","19"
"90644","Handseife Rose - Nachfüllflasche","Sonett","Diverse","Naturkosmetik (BNN)","6x1,0l","48.1179","7.1136","19"
"90652","Handdesinfektion - Pumpspender","Sonett","Diverse","WP","6x300ml","28.6857","4.2408","19"
"90653","Handdesinfektion - Nachfüllflasche","Sonett","Diverse","WP","6x1l","67.2417","9.9408","19"
"90654","Schmierseife flüssig","Sonett","Diverse","WP","6x500ml","21.7456","3.2148","19"
"90655","Enthärter","Sonett","Diverse","WP","4x1kg","17.6329","2.6068","19"
"90659","Geschirrspülmittel Calendula - Nachfüllflasche","Sonett","Diverse","WP","6x1l","21.6685","3.2034","19"
"90660","Kalklöser","Sonett","Diverse","WP","6x1,0l","21.1287","3.1236","19"
"90663","Abfüllpumpe für 5L- & 10L-Kanister","Sonett","Diverse","","Stück","15.8208","2.3389","19"
"90665","Abfüllhahn für 5L- & 10L-Kanister","Sonett","Diverse","","Stück","3.303","0.4883","19"
"90666","Allesreiniger","Sonett","Diverse","WP","6x500ml","14.6513","2.166","19"
"90669","Geschirrspülmittel Lemon - Pumpspender","Sonett","Diverse","WP","6x300ml","9.639","1.425","19"
"90675","Dosierkugel zum Mitwaschen","Sonett","Schweiz","konventionell","Stück","0.7711","0.114","19"
"90676","Messlöffel zum Dosieren","Sonett","Diverse","","Stück","0.3213","0.0475","19"
"90680","Handseife Citrus - Spender","Sonett","Diverse","Naturkosmetik (BNN)","6x300ml","23.9047","3.534","19"
"90681","Handseife Citrus - Nachfüllflasche","Sonett","Diverse","Naturkosmetik (BNN)","6x1,0l","46.1901","6.8286","19"
"90685","Klarspüler","Sonett","Diverse","WP","6x500ml","19.2009","2.8386","19"
"90688","Handseife Rosmarin - Spender","Sonett","Diverse","Naturkosmetik (BNN)","6x300ml","23.9047","3.534","19"
"90689","Handseife Rosmarin - Nachfüllflasche","Sonett","Diverse","Naturkosmetik (BNN)","6x1,0l","48.1179","7.1136","19"
"90696","Geschirrspülmittel sensitiv - Pumpspender","Sonett","Diverse","WP","6x300ml","9.7161","1.4364","19"
"90697","Geschirrspülmittel sensitiv - Nachfüllflasche","Sonett","Diverse","WP","6x1,0l","19.2009","2.8386","19"
"90757","Möbel-Intensivpflege Politur","Auro","Diverse","konventionell","500ml","13.6488","2.0178","19"
"90758","Holzbodenreinigung und -pflege","Auro","Diverse","konventionell","500ml","13.4817","1.9931","19"
"90759","Backofen-Reiniger","Auro","Diverse","konventionell","500ml","11.7596","1.7385","19"
"90760","Schimmel-Entferner - Sprühflasche","Auro","Diverse","konventionell","500ml","10.1402","1.4991","19"
"90772","Vollwaschmittel","AlmaWin","Diverse","WP","5x1,08kg","35.6","5.263","19"
"90774","Wäscheduft Verbena","AlmaWin","Diverse","WP","6x750ml","25.9867","3.8418","19"
"90775","Cleanut palmölfrei für Feines & Buntes","AlmaWin","Diverse","WP","6x750ml","29.9195","4.4232","19"
"90777","Wolle & Seide Waschmittel","AlmaWin","Diverse","WP","6x750ml","28.3001","4.1838","19"
"90778","Sport & Outdoor Waschmittel","AlmaWin","Diverse","WP","6x750ml","38.4018","5.6772","19"
"90783","Vollwaschmittel Lavendel","AlmaWin","Diverse","WP","6x2kg","75.1842","11.115","19"
"90788","Klarspüler","AlmaWin","Diverse","WP","6x500ml","18.1213","2.679","19"
"90789","Geschirrspülsalz","AlmaWin","Diverse","WP","6x2kg","14.8826","2.2002","19"
"90792","Haushaltsreiniger","AlmaWin","Diverse","WP","6x500ml","13.803","2.0406","19"
"90793","Orangenöl-Reiniger","AlmaWin","Diverse","WP","6x500ml","57.7569","8.5386","19"
"90794","Kochfeld Reiniger","AlmaWin","Diverse","WP","8x250ml","21.5914","3.192","19"
"90795","Badreiniger - Sprühflasche","AlmaWin","Diverse","WP","6x500ml","15.808","2.337","19"
"90797","Glas-und Fensterreiniger - Sprühflasche","AlmaWin","Diverse","WP","6x500ml","14.4971","2.1432","19"
"90800","Flüssigwaschmittel Color Limette","Sodasan","Diverse","WP","6x1,5l","32.4642","4.7994","19"
"90803","Flüssigwaschmittel Color sensitiv","Sodasan","Diverse","WP","6x1,5l","35.8571","5.301","19"
"90811","Weichspüler","Sodasan","Diverse","WP","6x750ml","15.7308","2.3256","19"
"90813","Bleichmittel-Fleckensalz - Tüte","Sodasan","Diverse","WP","8x500g","19.4322","2.8728","19"
"90815","Enthärter","Sodasan","Diverse","WP","5x750g","21.1415","3.1255","19"
"90823","Spülmittel Lemon & Lime","Sodasan","Diverse","WP","6x500ml","13.0319","1.9266","19"
"90824","Spülmittel Lemon & Lime","Sodasan","Diverse","WP","6x1,0l","21.36","3.1578","19"
"90830","Klarspüler","Sodasan","Diverse","WP","6x500ml","19.0467","2.8158","19"
"90833","Regeneriersalz","Sodasan","Diverse","WP","5x2kg","15.9365","2.356","19"
"90834","Spülmittel sensitiv","Sodasan","Diverse","WP","6x500ml","13.0319","1.9266","19"
"90837","Fleckengel mit Auftragsbürste","Sodasan","Diverse","WP","6x200ml","14.2657","2.109","19"
"90839","Kernseife - Faltschachtel","Sodasan","Diverse","Naturkosmetik (BNN)","12x100g","15.8851","2.3484","19"
"90842","Scheuermilch - auch für Glaskeramik-Kochfelder","Sodasan","Diverse","WP","6x500ml","16.502","2.4396","19"
"90843","Allzweckreiniger sensitiv","Sodasan","Diverse","WP","6x1,0l","20.0491","2.964","19"
"90847","Bio-Essigreiniger","Sodasan","Diverse","WP","6x1,0l","19.8949","2.9412","19"
"90848","Kalklöser","Sodasan","Diverse","WP","6x1,0l","24.2132","3.5796","19"
"90850","Orangenreiniger","Sodasan","Diverse","WP","6x500ml","19.1238","2.8272","19"
"90851","Glas- & Flächenreiniger - Sprühflasche","Sodasan","Diverse","WP","6x500ml","17.7358","2.622","19"
"90854","Bad & Dusche Reiniger - Sprühflasche","Sodasan","Diverse","WP","6x500ml","17.7358","2.622","19"
"90855","WC-Reiniger - Schräghalsflasche","Sodasan","Diverse","WP","6x750ml","16.4249","2.4282","19"
"90883","Zitronensäure-Kalklöser sensitive ohne Duft","Klar","Diverse","WP","6x500ml","19.3551","2.8614","19"
"90884","BIO-Entkalker sensitive ohne Duft","Klar","Diverse","WP","6x280g","18.1984","2.6904","19"
"90904","Waschmittel flüssig","AlmaWin","Diverse","WP","6x750ml","21.6685","3.2034","19"
"90910","Flüssigseife sensitiv","Sodasan","Diverse","Naturkosmetik (BNN)","6x300ml","19.2009","2.8386","19"
"90911","Flüssigseife sensitiv - Nachfüllflasche","Sodasan","Diverse","Naturkosmetik (BNN)","6x1l","38.4789","5.6886","19"
"90920","Seife Lavendel & Kamille","Sodasan","Diverse","Naturkosmetik (BNN)","12x100g","19.4322","2.8728","19"
"90921","Seife Mandel & Avocado","Sodasan","Diverse","Naturkosmetik (BNN)","12x100g","19.4322","2.8728","19"
"90924","Seife Verbene & Lemon","Sodasan","Diverse","Naturkosmetik (BNN)","12x100g","19.4322","2.8728","19"
"90925","Seife Lemongrass & Ingwer","Sodasan","Diverse","Naturkosmetik (BNN)","12x100g","19.4322","2.8728","19"
"90926","Seife Rose & Geranie","Sodasan","Diverse","Naturkosmetik (BNN)","12x100g","19.4322","2.8728","19"
"90932","Flüssigseife Rose & Olive - Nachfüllflasche","Sodasan","Diverse","Naturkosmetik (BNN)","6x1,0l","36.3969","5.3808","19"
"90938","Flüssigseife Lavendel & Olive","Sodasan","Diverse","Naturkosmetik (BNN)","6x300ml","19.0467","2.8158","19"
"90939","Flüssigseife Lavendel & Olive - Nachfüllflasche","Sodasan","Diverse","Naturkosmetik (BNN)","6x1,0l","38.4789","5.6886","19"
"90940","Flüssigseife Citrus & Olive","Sodasan","Diverse","Naturkosmetik (BNN)","6x300ml","17.7358","2.622","19"
"90941","Flüssigseife Citrus & Olive - Nachfüllflasche","Sodasan","Diverse","Naturkosmetik (BNN)","6x1,0l","38.4789","5.6886","19"
"90944","Flüssigseife Rose & Olive","Sodasan","Diverse","Naturkosmetik (BNN)","6x300ml","19.0467","2.8158","19"
"90957","Fruchtfliegen-Set - 2x Falle + 1x Lockstoff","Aries","Diverse","konventionell","6Stück","56.8315","8.4018","19"
"90961","Fruchtfliegen Lockstoff","Aries","Diverse","konventionell","6x250ml","38.4789","5.6886","19"
"90969","Gelbsticker- insektizidfreie Fluginsektenfallen","Aries","Diverse","konventionell","6x7Stück","26.835","3.9672","19"
"90970","Mottlock Maxi - Mottenklebefalle für Gewerbe","Aries","Diverse","konventionell","2Stück","8.4695","1.2521","19"
"90975","Mottlock Mottenklebefallen 3St","Aries","Diverse","konventionell","24Set","101.1709","14.9568","19"
"90976","Mottlock Kleidermottenbox - Klebefalle","Aries","Diverse","konventionell","10Stück","53.8499","7.961","19"
"90979","Mottlock Kleidermottenbox - Ersatzset 2St","Aries","Diverse","konventionell","10Sets","74.7986","11.058","19"
"91060","Lavaerde-Pulver - Vorrat","Logona","Diverse","Naturkosmetik (BNN)","kg","13.546","2.0026","19"
"91061","Lavaerde-Pulver","Logona","Diverse","Naturkosmetik (BNN)","300g","5.7448","0.8493","19"
"91062","Lavaerde-Waschcreme Patchouli","Logona","Diverse","Naturkosmetik (BNN)","200ml","4.9994","0.7391","19"
"91066","Lavaerde-Waschcreme weiß Lotusblüte","Logona","Diverse","Naturkosmetik (BNN)","200ml","5.5135","0.8151","19"
"91236","Farbreflex Shampoo rot-braun Henna","Logona","Diverse","Naturkosmetik (BNN)","250ml","6.0533","0.8949","19"
"91237","Farbreflex Shampoo braun-schwarz Haselnuss","Logona","Diverse","Naturkosmetik (BNN)","250ml","6.0533","0.8949","19"
"91238","Sensitiv Shampoo Ringelblume","Logona","Diverse","Naturkosmetik (BNN)","250ml","6.0533","0.8949","19"
"91242","Anti-Schuppen Shampoo Wacholderöl","Logona","Diverse","Naturkosmetik (BNN)","250ml","6.0533","0.8949","19"
"91243","Anti-Fett Shampoo Zitronenmelisse","Logona","Diverse","Naturkosmetik (BNN)","250ml","6.0533","0.8949","19"
"91244","Volumen-Shampoo Bier-Honig","Logona","Diverse","Naturkosmetik (BNN)","250ml","6.0533","0.8949","19"
"91246","Pflege-Shampoo Brennessel","Logona","Diverse","Naturkosmetik (BNN)","250ml","6.0533","0.8949","19"
"91922","Lavandinöl-Allos","Allos","Frankreich","100% Biozutaten","12x20ml","72.4853","10.716","19"
"91923","Lavandinöl-Allos","Allos","Frankreich","100% Biozutaten","6x100ml","128.0059","18.924","19"
"93551","AUROMÈRE Kräuter-Mundspülung","spa vivent Vertriebs GmbH","Diverse","Naturkosmetik (BNN)","250ml","14.1243","2.0881","19"
"93945","Benzoe Siam","Primavera","LAO","Naturkosmetik (BNN)","5ml","5.642","0.8341","19"
"93951","Litsea","Primavera","Vietnam","Naturkosmetik (BNN)","5ml","4.2155","0.6232","19"
"94087","Duftstein Rosenblüte","Primavera","Diverse","nicht per Bio-VO geregelt","Stück","11.3483","1.6777","19"
"94107","Latschenkiefer","Primavera","Italien","Naturkosmetik (BNN)","5ml","5.642","0.8341","19"
"94108","Zirbelkiefer","Primavera","Diverse","EG-Bio","5ml","7.0429","1.0412","19"
"94415","Bergamotte","Primavera","Italien","Naturkosmetik (BNN)","5ml","6.3617","0.9405","19"
"94416","Bergamotte","Primavera","Italien","Naturkosmetik (BNN)","10ml","10.6415","1.5732","19"
"94421","Oregano 31 %","Primavera","Frankreich","Naturkosmetik (BNN)","5ml","7.7883","1.1514","19"
"94422","Blutorange","Primavera","Italien","Naturkosmetik (BNN)","5ml","4.9223","0.7277","19"
"94440","Cistrose","Primavera","Portugal","Naturkosmetik (BNN)","5ml","20.6403","3.0514","19"
"94441","Citronella","Primavera","NEP","Naturkosmetik (BNN)","5ml","5.6549","0.836","19"
"94457","Eukalyptus citriodora","Primavera","Brasilien","Naturkosmetik (BNN)","5ml","5.6549","0.836","19"
"94458","Eukalyptus globulus","Primavera","Portugal","Naturkosmetik (BNN)","5ml","4.9223","0.7277","19"
"94459","Eukalyptus globulus","Primavera","Portugal","Naturkosmetik (BNN)","10ml","7.0686","1.045","19"
"94462","Eukalyptus radiata","Primavera","AUS","Naturkosmetik (BNN)","5ml","6.3489","0.9386","19"
"94465","Fichtennadeln sibirisch","Primavera","RUS","WILD","5ml","4.9223","0.7277","19"
"94479","Grapefruit","Primavera","Diverse","Naturkosmetik (BNN)","5ml","7.0686","1.045","19"
"94493","Jasmin 4% konventionell","Primavera","Ägypten","Naturkosmetik (BNN)","5ml","12.068","1.7841","19"
"94504","Kiefernnadel","Primavera","Frankreich","Naturkosmetik (BNN)","5ml","6.0661","0.8968","19"
"94517","Lavendel fein","Primavera","Italien","EG-Bio","5ml","7.0686","1.045","19"
"94528","Lavendel fein","Primavera","Frankreich","EG-Bio","10ml","9.9217","1.4668","19"
"94535","Lavendel extra wild","Primavera","Frankreich","WILD","5ml","17.7872","2.6296","19"
"94537","Lemongrass","Primavera","NEP","Naturkosmetik (BNN)","5ml","5.3721","0.7942","19"
"94539","Lemongrass","Primavera","NEP","Naturkosmetik (BNN)","10ml","7.7883","1.1514","19"
"94540","Limette","Primavera","Brasilien","Naturkosmetik (BNN)","5ml","6.3617","0.9405","19"
"94541","Limette","Primavera","Brasilien","Naturkosmetik (BNN)","10ml","8.4952","1.2559","19"
"94553","Majoran","Primavera","Ägypten","EG-Bio","5ml","7.0686","1.045","19"
"94554","Mandarine grün","Primavera","Brasilien","Naturkosmetik (BNN)","5ml","6.3617","0.9405","19"
"94559","Mandarine rot","Primavera","Italien","Naturkosmetik (BNN)","5ml","6.2975","0.931","19"
"94560","Mandarine rot","Primavera","Italien","EG-Bio","10ml","9.2277","1.3642","19"
"94561","Manuka konventionell","Primavera","Neuseeland","Naturkosmetik (BNN)","5ml","12.068","1.7841","19"
"94562","Melisse 30%","Primavera","Frankreich","Naturkosmetik (BNN)","1ml","10.6415","1.5732","19"
"94568","Muskatellersalbei","Primavera","Italien","Naturkosmetik (BNN)","5ml","9.9217","1.4668","19"
"94569","Melisse 30%","Primavera","Frankreich","Naturkosmetik (BNN)","5ml","44.9177","6.6405","19"
"94575","Myrte türkisch","Primavera","Türkei","Naturkosmetik (BNN)","5ml","7.7883","1.1514","19"
"94581","Nelkenknospe","Primavera","RM","Naturkosmetik (BNN)","5ml","7.0686","1.045","19"
"94582","Neroli","Primavera","Marokko","Naturkosmetik (BNN)","1ml","23.4935","3.4732","19"
"94584","Neroli 10% konventionell","Primavera","Marokko","Naturkosmetik (BNN)","5ml","12.068","1.7841","19"
"94589","Niauli","Primavera","RM","Naturkosmetik (BNN)","5ml","5.642","0.8341","19"
"94592","Orange","Primavera","Italien","Naturkosmetik (BNN)","5ml","4.2155","0.6232","19"
"94593","Orange","Primavera","Italien","Naturkosmetik (BNN)","10ml","6.3617","0.9405","19"
"94604","Palmarosa","Primavera","NEP","Naturkosmetik (BNN)","5ml","5.3593","0.7923","19"
"94606","Patchouli","Primavera","Indonesien","Naturkosmetik (BNN)","5ml","7.7883","1.1514","19"
"94615","Pfefferminze","Primavera","Italien","Naturkosmetik (BNN)","5ml","5.642","0.8341","19"
"94616","Pfefferminze","Primavera","Italien","Naturkosmetik (BNN)","10ml","8.4952","1.2559","19"
"94617","Ravintsara","Primavera","RM","Naturkosmetik (BNN)","5ml","7.7883","1.1514","19"
"94619","Riesentanne","Primavera","Frankreich","Naturkosmetik (BNN)","5ml","9.9217","1.4668","19"
"94625","Rose absolue","Primavera","Türkei","Naturkosmetik (BNN)","1ml","14.8569","2.1964","19"
"94631","Rose türkisch 10%","Primavera","Türkei","Naturkosmetik (BNN)","5ml","20.6403","3.0514","19"
"94632","Rosengeranie","Primavera","Ägypten","EG-Bio","5ml","8.4952","1.2559","19"
"94638","Rosmarin Campher","Primavera","Portugal","Naturkosmetik (BNN)","5ml","6.3617","0.9405","19"
"94645","Salbei","Primavera","Frankreich","Naturkosmetik (BNN)","5ml","7.0686","1.045","19"
"94663","Thymian Linalool","Primavera","Frankreich","Naturkosmetik (BNN)","5ml","11.3612","1.6796","19"
"94664","Rosmarin Cineol","Primavera","Marokko","Naturkosmetik (BNN)","5ml","6.3489","0.9386","19"
"94665","Teebaum","Primavera","AUS","Naturkosmetik (BNN)","5ml","4.9223","0.7277","19"
"94666","Teebaum","Primavera","AUS","Naturkosmetik (BNN)","10ml","7.7883","1.1514","19"
"94680","Thymian türkisch","Primavera","Türkei","Naturkosmetik (BNN)","5ml","7.7883","1.1514","19"
"94687","Vanilleextrakt","Primavera","RM","Naturkosmetik (BNN)","5ml","20.6403","3.0514","19"
"94689","Vetiver","Primavera","Spanien","Naturkosmetik (BNN)","5ml","12.068","1.7841","19"
"94690","Wacholder","Primavera","Frankreich","Naturkosmetik (BNN)","5ml","9.2277","1.3642","19"
"94699","Weihrauch indisch konventionell","Primavera","Indien","Naturkosmetik (BNN)","5ml","7.7755","1.1495","19"
"94700","Weißtanne","Primavera","Frankreich","Naturkosmetik (BNN)","5ml","8.4952","1.2559","19"
"94709","Ylang-Ylang extra","Primavera","RM","Naturkosmetik (BNN)","5ml","9.2149","1.3623","19"
"94710","Ylang-Ylang komplett","Primavera","RM","Naturkosmetik (BNN)","5ml","9.2149","1.3623","19"
"94711","Ysop","Primavera","Frankreich","Naturkosmetik (BNN)","5ml","10.6415","1.5732","19"
"94713","Zeder","Primavera","Frankreich","Naturkosmetik (BNN)","5ml","5.642","0.8341","19"
"94727","Zitrone","Primavera","Italien","EG-Bio","5ml","4.9095","0.7258","19"
"94730","Zitrone","Primavera","Italien","EG-Bio","10ml","7.7755","1.1495","19"
"94737","Zypresse","Primavera","Frankreich","Naturkosmetik (BNN)","5ml","7.0686","1.045","19"
"96036","Streudosen leer (grober Streueinsatz)","Sonnentor","Österreich","","6Stück","10.7957","1.596","19"
"96415","Duftlampe Primavera cremeweiß","Primavera","Diverse","nicht per Bio-VO geregelt","Stück","19.2137","2.8405","19"
"96450","Duftlampenreiniger AromEx","Primavera","Diverse","nicht per Bio-VO geregelt","100ml","5.6035","0.8284","19"
"96452","Glas für Teelichte","Primavera","Diverse","nicht per Bio-VO geregelt","Stück","2.0692","0.3059","19"
"96609","Salbei-Zahnfleischbalsam","Weleda","Diverse","Naturkosmetik (BNN)","30ml","6.1304","0.9063","19"
"96610","Calendula-Zahncreme","Weleda","Diverse","Naturkosmetik (BNN)","75ml","4.3954","0.6498","19"
"96613","Ratanhia-Mundwasser","Weleda","Diverse","Naturkosmetik (BNN)","50ml","6.6445","0.9823","19"
"96615","Ratanhia-Zahncreme","Weleda","Diverse","Naturkosmetik (BNN)","75ml","4.3954","0.6498","19"
"96616","Sole-Zahncreme","Weleda","Diverse","Naturkosmetik (BNN)","75ml","4.4082","0.6517","19"
"96632","Lippenpflegestift Everon","Weleda","Diverse","Naturkosmetik (BNN)","4,8g","3.9199","0.5795","19"
"96641","Fußbalsam","Weleda","Diverse","Naturkosmetik (BNN)","75ml","6.6059","0.9766","19"
"96663","Arnika Massage-Öl","Weleda","Diverse","Naturkosmetik (BNN)","200ml","17.5173","2.5897","19"
"96679","Birke Cellulite-Öl","Weleda","Diverse","Naturkosmetik (BNN)","200ml","25.4341","3.7601","19"
"96690","Calendula-Pflanzenseife","Weleda","Diverse","Naturkosmetik (BNN)","100g","4.6396","0.6859","19"
"96697","Citrus Hand- und Nagelcreme","Weleda","Diverse","Naturkosmetik (BNN)","50ml","6.0019","0.8873","19"
"96701","Citrus Fresh Deo Spray","Weleda","Diverse","Naturkosmetik (BNN)","100ml","8.4566","1.2502","19"
"96702","Citrus Deodorant - Nachfüllflasche","Weleda","Diverse","Naturkosmetik (BNN)","200ml","15.6023","2.3066","19"
"96703","Salbei Deodorant","Weleda","Diverse","Naturkosmetik (BNN)","100ml","8.4566","1.2502","19"
"96704","Herbal Fresh Deo - Nachfüllflasche","Weleda","Diverse","Naturkosmetik (BNN)","200ml","15.6023","2.3066","19"
"96716","Rasiercreme For Men","Weleda","Diverse","konventionell","75ml","4.9095","0.7258","19"
"96717","Rasierwasser","Weleda","Diverse","Naturkosmetik (BNN)","100ml","11.5668","1.71","19"
"96761","Brust-Massageöl","Weleda","Diverse","Naturkosmetik (BNN)","50ml","11.9652","1.7689","19"
"96762","Damm-Massageöl","Weleda","Diverse","Naturkosmetik (BNN)","50ml","11.9652","1.7689","19"
"97091","PROBE Waschmittel flüssig Lavendel","Sonett","Diverse","WP","15x120ml","12.9163","1.9095","19"
"97093","PROBE Geschirrspülmittel Lemon","Sonett","Diverse","WP","15x120ml","12.9163","1.9095","19"
"97270","Natur Eierfarben","Nawaro","Diverse","nicht per Bio-VO geregelt","20x5Stück","63.7459","9.424","19"
"98030","Papier-Teefilter Größe 2","Lebensbaum","Diverse","nicht per Bio-VO geregelt","12x100St","31.6159","4.674","19"
"98031","Papier-Teefilter Größe 4","Lebensbaum","Diverse","nicht per Bio-VO geregelt","12x100St","36.2426","5.358","19"
"98034","Teenetz Größe 2","Lebensbaum","Diverse","nicht per Bio-VO geregelt","10Stück","18.8924","2.793","19"
"98048","Papier-Kaffeefilter Größe 4","Lebensbaum","Diverse","nicht per Bio-VO geregelt","18x100St","34.0064","5.0274","19"
"529252","Compostella 1 für 4 - Papier B=38cm | 8lfm","Compostella","Deutschland","S#","12Ro","44.2623","6.5436","19"
"529253","Compostella Naturwachspapier FSC vegan|8lfm-B38cm","Compostella","Deutschland","nicht per Bio-VO geregelt","12Ro","55.8291","8.2536","19"
"537013","Schafwollpellets Universaldünger","Aries","Deutschland","S#","6x450g","38.9416","5.757","19"
"537068","Koriander Konrad","Bingenheimer Saatgut","Europäische Union","Demeter (Deutschland)","5Tüten","7.7755","1.1495","7"
"537069","Lauchzwiebel Ishikrona bioverita","Bingenheimer Saatgut","Europäische Union","Demeter (Deutschland)","5Tüten","13.1733","1.9475","7"
"537070","Tomatenmischung Snack-Tomaten Mix","Bingenheimer Saatgut","Europäische Union","Demeter (Deutschland)","5Tüten","17.4787","2.584","7"
"537071","Kopfsalat Lucinde bioverita","Bingenheimer Saatgut","Europäische Union","Demeter (Deutschland)","5Tüten","13.1733","1.9475","7"
"537072","Physalis Schönbrunner Gold","Bingenheimer Saatgut","Europäische Union","Demeter (Deutschland)","5Tüten","13.1733","1.9475","7"
"537073","Paprika Liebesapfel","Bingenheimer Saatgut","Deutschland","Demeter (Deutschland)","5Tüten","13.1733","1.9475","7"
"537076","Chili Lila Luzi","Bingenheimer Saatgut","Deutschland","Demeter (Deutschland)","5Tüten","13.1733","1.9475","7"
"537077","Tomate Dorenia bioverita","Bingenheimer Saatgut","Deutschland","Demeter (Deutschland)","5Tüten","13.1733","1.9475","7"
"537078","Strohblume Hohe","Bingenheimer Saatgut","Europäische Union","Demeter (Deutschland)","5Tüten","11.5025","1.7005","7"
"537080","Sonnenhut","Bingenheimer Saatgut","Deutschland","Demeter (Deutschland)","5Tüten","11.5025","1.7005","7"
"537089","Tomatenmischung Tomaten-Garten","Bingenheimer Saatgut","Europäische Union","Demeter (Deutschland)","5Tüten","17.4787","2.584","7"
"537094","Blatt-Mangold bunt Rainbow bioverita","Bingenheimer Saatgut","Europäische Union","Demeter (Deutschland)","5Tüten","13.1733","1.9475","7"
"537095","Kürbis Spaghetti-Kürbis","Bingenheimer Saatgut","Deutschland","Demeter (Deutschland)","5Tüten","13.1733","1.9475","7"
"537096","Brokkoli Calinaro bioverita","Bingenheimer Saatgut","Deutschland","EG-Bio","5Tüten","13.1733","1.9475","7"
"537098","Zuckererbse Ambrosia","Bingenheimer Saatgut","Deutschland","Demeter (Deutschland)","5Tüten","13.1733","1.9475","7"
"537099","Löwenmäulchen","Bingenheimer Saatgut","Deutschland","Demeter (Deutschland)","5Tüten","11.5025","1.7005","7"
"537124","Blühstreifenmischung Insektenbuffet","Bingenheimer Saatgut","Deutschland","EG-Bio","5Tüten","11.5025","1.7005","7"
"537148","Markerbse Wunder von Kelvedon","Bingenheimer Saatgut","Deutschland","Demeter (Deutschland)","5Tüten","13.1733","1.9475","7"
"537216","Kohlrabi weiß Orinoko","Bingenheimer Saatgut","Deutschland","Demeter (Deutschland)","5Tüten","13.1733","1.9475","7"
"537219","Wirsingkohl Smaragd bioverita","Bingenheimer Saatgut","Deutschland","Demeter (Deutschland)","5Tüten","13.1733","1.9475","7"
"537236","Asia Salat Mizuna","Bingenheimer Saatgut","Deutschland","Demeter (Deutschland)","5Tüten","11.5025","1.7005","7"
"537238","Chili Cayenne","Bingenheimer Saatgut","Deutschland","Demeter (Deutschland)","5Tüten","13.1733","1.9475","7"
"537251","Mottenschutzspray Antimott - Luftdruckflasche","Aries","Diverse","konventionell","200ml","7.3899","1.0925","19"
"537265","Vogelfutter Vogelglück Klassiker BIOLAND","Aries","Diverse","Bioland","6x500g","13.803","2.0406","7"
"537266","Vogelfutter Vogelglück Klassiker BIOLAND","Aries","Diverse","Bioland","6x1kg","22.5938","3.3402","7"
"537269","Vogelfutter Vogelglück BIOLAND - Birdbox","Aries","Diverse","Bioland","6x500g","24.2903","3.591","7"
"537271","Wildtomate Rote Murmel","Bingenheimer Saatgut","Deutschland","Demeter (Deutschland)","5Tüten","17.4787","2.584","7"
"537284","Zucchini Serafina bioverita","Bingenheimer Saatgut","Europäische Union","Demeter (Deutschland)","5Tüten","13.1733","1.9475","7"
"537288","Kornrade","Bingenheimer Saatgut","Europäische Union","Demeter (Deutschland)","5Tüten","7.7755","1.1495","7"
"537289","Schopfsalbei","Bingenheimer Saatgut","Deutschland","Demeter (Deutschland)","5Tüten","7.7755","1.1495","7"
"537297","Radieschen-Trio Mischung","Bingenheimer Saatgut","Deutschland","Demeter (Deutschland)","5Tüten","13.1733","1.9475","7"
"537303","Aubergine De Barbentane","Bingenheimer Saatgut","Deutschland","EG-Bio","5Tüten","11.4383","1.691","7"
"537304","Paprika Chocobell","Bingenheimer Saatgut","Deutschland","Demeter (Deutschland)","5Tüten","13.1733","1.9475","7"
"537305","Blumenmischung Blühender Balkon","Bingenheimer Saatgut","Deutschland","Demeter (Deutschland)","5Tüten","13.1733","1.9475","7"
"537307","Cocktailtomate Philamina bioverita","Bingenheimer Saatgut","Deutschland","Demeter (Deutschland)","5Tüten","13.1733","1.9475","7"
"537308","Natternkopf","Bingenheimer Saatgut","Deutschland","Demeter (Deutschland)","5Tüten","7.7755","1.1495","7"
"537309","Blumenmischung Nützlingsparadies","Bingenheimer Saatgut","Deutschland","EG-Bio","5Tüten","11.5025","1.7005","7"
"537315","Chili Red Gunda","Bingenheimer Saatgut","Deutschland","Demeter (Deutschland)","5Tüten","13.1733","1.9475","7"
"537316","Rosenkohl rot Rokero","Bingenheimer Saatgut","Deutschland","Demeter (Deutschland)","5Tüten","11.5025","1.7005","7"
"537317","Kürbis Bush Delicata","Bingenheimer Saatgut","Deutschland","Demeter (Deutschland)","5Tüten","13.1733","1.9475","7"
"537318","Saatgut-Box KinderKollektion Kleine Gartenbande","Bingenheimer Saatgut","Deutschland","Demeter (Deutschland)","3BOX","23.095","3.4143","7"
"537326","Kürbis Butternut Nutterbutter","Bingenheimer Saatgut","Deutschland","Demeter (Deutschland)","5Tüten","17.4787","2.584","7"
"537327","Mangold Verde da taglio (Schnittmangold)","Bingenheimer Saatgut","Deutschland","Demeter (Deutschland)","5Tüten","11.5025","1.7005","7"
"537328","Melone Zuckermelone Murrmel","Bingenheimer Saatgut","Deutschland","Demeter (Deutschland)","5Tüten","13.1733","1.9475","7"
"537329","Rote Bete Wintersonne","Bingenheimer Saatgut","Deutschland","Demeter (Deutschland)","5Tüten","13.1733","1.9475","7"
"537331","Zuckermelone Petit Gris de Rennes","Bingenheimer Saatgut","Deutschland","Demeter (Deutschland)","5Tüten","13.1733","1.9475","7"
"537333","Sonnenmöhre Gelbe Gochsheimer bioverita","Bingenheimer Saatgut","Deutschland","Demeter (Deutschland)","5Tüten","13.1733","1.9475","7"
"537334","Snack-Paprika Fritz bioverita","Bingenheimer Saatgut","Deutschland","Demeter (Deutschland)","5Tüten","13.1733","1.9475","7"
"537340","Schlangengurke Arola bioverita","Bingenheimer Saatgut","Deutschland","Demeter (Deutschland)","5Tüten","17.4787","2.584","7"
"537341","Einlegegurke Liefje bioverita","Bingenheimer Saatgut","Deutschland","Demeter (Deutschland)","5Tüten","11.5025","1.7005","7"
"537345","Tomate San Marzano","Bingenheimer Saatgut","Deutschland","Demeter (Deutschland)","5Tüten","11.5025","1.7005","7"
"537346","Oregano griechischer Hera","Bingenheimer Saatgut","Deutschland","Demeter (Deutschland)","5Tüten","11.5025","1.7005","7"
"537347","Kamille Matricaria chamomilla","Bingenheimer Saatgut","Deutschland","Demeter (Deutschland)","5Tüten","7.7755","1.1495","7"
"537349","Zinnie Sommer in Orange","Bingenheimer Saatgut","Deutschland","Demeter (Deutschland)","5Tüten","11.5025","1.7005","7"
"537354","Blumenmischung Bauerngarten","Bingenheimer Saatgut","Deutschland","Demeter (Deutschland)","5Tüten","13.1733","1.9475","7"
"537360","KinderKollektion Markerbse Wunder von Kelvedon","Bingenheimer Saatgut","Deutschland","Demeter (Deutschland)","5Tüten","7.7755","1.1495","7"
"537361","KinderKollektion Kapuzinerkresse -nicht rankend","Bingenheimer Saatgut","Deutschland","Demeter (Deutschland)","5Tüten","7.7755","1.1495","7"
"537362","KinderKollektion Pflücksalat Piro","Bingenheimer Saatgut","Deutschland","Demeter (Deutschland)","5Tüten","7.7755","1.1495","7"
"537363","KinderKollektion Radies Rudi","Bingenheimer Saatgut","Deutschland","Demeter (Deutschland)","5Tüten","7.7755","1.1495","7"
"537364","KinderKollektion Balkon-Tomate Rotkäppchen","Bingenheimer Saatgut","Deutschland","Demeter (Deutschland)","5Tüten","7.7755","1.1495","7"
"537365","Atlasblume Godetia grandiflora","Bingenheimer Saatgut","Deutschland","Demeter (Deutschland)","5Tüten","13.1733","1.9475","7"
"537366","Mexikanische Sonnenblume Tithonia rotundifolia","Bingenheimer Saatgut","Deutschland","Demeter (Deutschland)","5Tüten","13.1733","1.9475","7"
"537367","Phlox Märchenzauber Phlox drummondii","Bingenheimer Saatgut","Deutschland","Demeter (Deutschland)","5Tüten","13.1733","1.9475","7"
"537368","Stockrose Lene Alcea rosea","Bingenheimer Saatgut","Deutschland","Demeter (Deutschland)","5Tüten","11.5025","1.7005","7"
"537369","Inkarnatklee","Bingenheimer Saatgut","Deutschland","Demeter (Deutschland)","5Tüten","11.5025","1.7005","7"
"537370","Aubergine Lea bioverita","Bingenheimer Saatgut","Deutschland","Demeter (Deutschland)","5Tüten","17.4787","2.584","7"
"537373","Freilandgurke Tanja","Bingenheimer Saatgut","Deutschland","Demeter (Deutschland)","5Tüten","11.5025","1.7005","7"
"537374","Einlegegurke Vorgebirgstrauben","Bingenheimer Saatgut","Deutschland","Demeter (Deutschland)","5Tüten","7.7755","1.1495","7"
"537375","Snackgurke La Diva","Bingenheimer Saatgut","Deutschland","Demeter (Deutschland)","5Tüten","17.4787","2.584","7"
"537377","Radies Marike","Bingenheimer Saatgut","Deutschland","Demeter (Deutschland)","5Tüten","11.5025","1.7005","7"
"537381","Tomate Black Cherry","Bingenheimer Saatgut","Deutschland","Demeter (Deutschland)","5Tüten","13.1733","1.9475","7"
"537383","Zucchini gelb Solara","Bingenheimer Saatgut","Deutschland","Demeter (Deutschland)","5Tüten","11.5025","1.7005","7"
"537385","Winterheckenzwiebel","Bingenheimer Saatgut","Deutschland","Demeter (Deutschland)","5Tüten","13.1733","1.9475","7"
"537386","Dost Wilder Majoran","Bingenheimer Saatgut","Deutschland","Demeter (Deutschland)","5Tüten","11.5025","1.7005","7"
"537389","Pak Choi Yorokobi","Bingenheimer Saatgut","Deutschland","Demeter (Deutschland)","5Tüten","13.1733","1.9475","7"
"537390","Kleinblättriges Löwenohr","Bingenheimer Saatgut","Europäische Union","Demeter (Deutschland)","5Tüten","11.5025","1.7005","7"
"537391","Wassermelone Sugar Baby","Bingenheimer Saatgut","Deutschland","Demeter (Deutschland)","5Tüten","13.1733","1.9475","7"
"537394","Tomate Duttingold","Bingenheimer Saatgut","Europäische Union","Demeter (Deutschland)","5Tüten","13.1733","1.9475","7"
"537395","Tomate Rio Grande","Bingenheimer Saatgut","Deutschland","Demeter (Deutschland)","5Tüten","17.4787","2.584","7"
"537396","Baldrian","Bingenheimer Saatgut","Europäische Union","Demeter (Deutschland)","5Tüten","11.5025","1.7005","7"
"537397","Husarenknöpfchen","Bingenheimer Saatgut","Europäische Union","Demeter (Deutschland)","5Tüten","11.5025","1.7005","7"
"537398","Mutterkraut","Bingenheimer Saatgut","Deutschland","Demeter (Deutschland)","5Tüten","7.7755","1.1495","7"
"537399","Sonnenblume Hella","Bingenheimer Saatgut","Europäische Union","Demeter (Deutschland)","5Tüten","11.5025","1.7005","7"
"537400","Tagetes z. Nematodenbekämpfung","Bingenheimer Saatgut","Europäische Union","Demeter (Deutschland)","5Tüten","17.4787","2.584","7"
"537411","Zuckererbse Ambrosia","Bingenheimer Saatgut","Deutschland","EG-Bio","5Tüten","13.1733","1.9475","7"
"537413","Blumenkohl Neckarperle","Bingenheimer Saatgut","Deutschland","EG-Bio","5Tüten","11.5025","1.7005","7"
"537414","Spinat Butterflay","Bingenheimer Saatgut","Deutschland","Demeter (Deutschland)","5Tüten","11.5025","1.7005","7"
"537416","Schnittlauch Gonzalo grobröhrig","Bingenheimer Saatgut","Deutschland","Demeter (Deutschland)","5Tüten","11.5025","1.7005","7"
"537417","Schälerbse blau Blauwshokker","Bingenheimer Saatgut","Deutschland","Demeter (Deutschland)","5Tüten","13.1733","1.9475","7"
"537418","Fenchel Knollen Fenno","Bingenheimer Saatgut","Deutschland","Demeter (Deutschland)","5Tüten","11.5025","1.7005","7"
"537420","Pflücksalatmischung Pflücksalat Variationen","Bingenheimer Saatgut","Deutschland","EG-Bio","5Tüten","13.1733","1.9475","7"
"537421","Kräuter Allerlei - Saatscheibe","Bingenheimer Saatgut","Deutschland","EG-Bio","5Tüten","11.5025","1.7005","7"
"537423","Blumenmischung Bienenweide","Bingenheimer Saatgut","Europäische Union","Demeter (Deutschland)","5Tüten","11.5025","1.7005","7"
"537425","Sojabohne Chiba Green","Bingenheimer Saatgut","Deutschland","EG-Bio","5Tüten","13.1733","1.9475","7"
"537426","Spitzkohl Berns","Bingenheimer Saatgut","Deutschland","Demeter (Deutschland)","5Tüten","13.1733","1.9475","7"
"537427","Chinakohl Granat","Bingenheimer Saatgut","Deutschland","Demeter (Deutschland)","5Tüten","11.5025","1.7005","7"
"537428","Schwarzkohl/Palmkohl Nero di Toscana","Bingenheimer Saatgut","Deutschland","Demeter (Deutschland)","5Tüten","11.5025","1.7005","7"
"537429","Spitzpaprika Resi","Bingenheimer Saatgut","Deutschland","Demeter (Deutschland)","5Tüten","13.1733","1.9475","7"
"537430","Knollensellerie Porthos","Bingenheimer Saatgut","Deutschland","Demeter (Deutschland)","5Tüten","11.5025","1.7005","7"
"537431","Cherry- Datteltomate Datella","Bingenheimer Saatgut","Europäische Union","Demeter (Deutschland)","5Tüten","17.4787","2.584","7"
"537432","Zwiebel Rot Robelja","Bingenheimer Saatgut","Deutschland","Demeter (Deutschland)","5Tüten","13.1733","1.9475","7"
"537433","Limonenbasilikum","Bingenheimer Saatgut","Deutschland","Demeter (Deutschland)","5Tüten","11.5025","1.7005","7"
"537434","Heiliges Basilikum","Bingenheimer Saatgut","Deutschland","Demeter (Deutschland)","5Tüten","11.5025","1.7005","7"
"537435","Speisechrysantheme","Bingenheimer Saatgut","Deutschland","Demeter (Deutschland)","5Tüten","11.5025","1.7005","7"
"537436","Winterkresse","Bingenheimer Saatgut","Deutschland","Demeter (Deutschland)","5Tüten","7.7755","1.1495","7"
"537437","Bartnelke, Farbmischung","Bingenheimer Saatgut","Deutschland","Demeter (Deutschland)","5Tüten","7.7755","1.1495","7"
"537438","Kosmee Orange","Bingenheimer Saatgut","Deutschland","Demeter (Deutschland)","5Tüten","11.5025","1.7005","7"
"537439","Patagonisches Eisenkraut","Bingenheimer Saatgut","Deutschland","Demeter (Deutschland)","5Tüten","13.1733","1.9475","7"
"537440","Aufrechte Studentenblume","Bingenheimer Saatgut","Deutschland","Demeter (Deutschland)","5Tüten","11.5025","1.7005","7"
"537441","Zinine Carroussel","Bingenheimer Saatgut","Deutschland","Demeter (Deutschland)","5Tüten","11.5025","1.7005","7"
"537442","Öllein / Blauer Lein  Lirina","Bingenheimer Saatgut","Deutschland","Demeter (Deutschland)","5Tüten","11.5025","1.7005","7"
"537443","Petersilie Annettes Perle","Bingenheimer Saatgut","Deutschland","EG-Bio","5Tüten","7.7755","1.1495","7"
"560860","Frisierkamm Holz - grob-fein 18cm","Kost Kamm","Diverse","nicht per Bio-VO geregelt","Stück","13.2247","1.9551","19"
"560861","Frisierkamm Holz - breit mittel 19cm","Kost Kamm","Diverse","nicht per Bio-VO geregelt","Stück","14.9469","2.2097","19"
"560862","Griffkamm Holz - breit 19cm","Kost Kamm","Diverse","nicht per Bio-VO geregelt","Stück","12.4407","1.8392","19"
"560863","Griffkamm Holz - grob 18cm","Kost Kamm","Diverse","nicht per Bio-VO geregelt","Stück","11.3355","1.6758","19"
"560864","Taschenkamm Holz - fein 14cm","Kost Kamm","Diverse","nicht per Bio-VO geregelt","Stück","8.1739","1.2084","19"
"560865","Taschenkamm Holz - mittel 14cm","Kost Kamm","Diverse","nicht per Bio-VO geregelt","Stück","8.7265","1.2901","19"
"560866","Mini-Taschenkamm Holz - bunt 8cm","Kost Kamm","Diverse","nicht per Bio-VO geregelt","Stück","5.2822","0.7809","19"
"560867","Mini-Taschenkamm Holz - bunt breit 9cm","Kost Kamm","Diverse","nicht per Bio-VO geregelt","Stück","6.5417","0.9671","19"
"560868","Strähnenkamm Holz - extra grob 10cm","Kost Kamm","Diverse","nicht per Bio-VO geregelt","Stück","7.6469","1.1305","19"
"560869","Holzbürste Olivenholz gerade - Holznoppen 9-reihig","Kost Kamm","Diverse","nicht per Bio-VO geregelt","Stück","23.6991","3.5036","19"
"560870","Holzbürste Olivenholz schmal - Wildschweinborsten","Kost Kamm","Diverse","nicht per Bio-VO geregelt","Stück","18.1599","2.6847","19"
"560872","Föhnbürste Olivenholz 55 mm - Wildschweinborsten","Kost Kamm","Diverse","nicht per Bio-VO geregelt","Stück","16.6305","2.4586","19"
"560873","Kinderbürste Buchenholz - weiche helle Borste","Kost Kamm","Diverse","nicht per Bio-VO geregelt","Stück","7.9168","1.1704","19"
"560874","Babybürste Buchenholz - weiches Ziegenhaar","Kost Kamm","Diverse","nicht per Bio-VO geregelt","Stück","9.4591","1.3984","19"
"560875","Badebürste Buchenholz mit abnehmbarem Stiel","Kost Kamm","Diverse","nicht per Bio-VO geregelt","Stück","16.0136","2.3674","19"
"560876","Holzbürste Buche gerade - Holznoppen","Kost Kamm","Diverse","nicht per Bio-VO geregelt","Stück","13.1347","1.9418","19"
"560877","Holzbürste Olivenholz gerade Holznoppen 5reihig","Kost Kamm","Diverse","nicht per Bio-VO geregelt","Stück","18.6997","2.7645","19"
"560880","Lockenkamm Holz - extra breit 12cm","Kost Kamm","Diverse","nicht per Bio-VO geregelt","Stück","10.1402","1.4991","19"
"568278","Heilerde Luvos 2 hautfein - Paste","LUVOS","Deutschland","S#","720g","8.2124","1.2141","19"
"568452","Raumduft FRESH","Sodasan","Diverse","nicht per Bio-VO geregelt","2x200ml","21.3086","3.1502","19"
"568453","Raumduft RELAX","Sodasan","Diverse","nicht per Bio-VO geregelt","2x200ml","21.3086","3.1502","19"
"568454","Raumduft COSY","Sodasan","Diverse","nicht per Bio-VO geregelt","2x200ml","21.3086","3.1502","19"
"568457","Raumduft FRESH - Nachfüllflasche","Sodasan","Diverse","nicht per Bio-VO geregelt","2x500ml","28.66","4.237","19"
"568458","Raumduft RELAX - Nachfüllflasche","Sodasan","Diverse","nicht per Bio-VO geregelt","2x500ml","28.66","4.237","19"
"568459","Raumduft COSY - Nachfüllflasche","Sodasan","Diverse","nicht per Bio-VO geregelt","2x500ml","28.66","4.237","19"
"568463","Raumduft FLOWER","Sodasan","Diverse","nicht per Bio-VO geregelt","2x200ml","21.3086","3.1502","19"
"568464","Raumduft SUNNY","Sodasan","Diverse","nicht per Bio-VO geregelt","2x200ml","21.3086","3.1502","19"
"568469","Raumduft FLOWER - Nachfüllflasche","Sodasan","Diverse","nicht per Bio-VO geregelt","2x500ml","28.66","4.237","19"
"568471","Raumduft SUNNY - Nachfüllflasche","Sodasan","Diverse","nicht per Bio-VO geregelt","2x500ml","28.66","4.237","19"
"568474","Spülmittel Balsam Orange","Sodasan","Diverse","WP","6x500ml","13.0319","1.9266","19"
"568484","Spülmaschinentabs 25St","Sodasan","Diverse","WP","6x500g","26.6808","3.9444","19"
"568487","Raumduft AQUA","Sodasan","Diverse","nicht per Bio-VO geregelt","2x200ml","21.3086","3.1502","19"
"568488","Raumduft AQUA - Nachfüllflasche","Sodasan","Diverse","nicht per Bio-VO geregelt","2x500ml","28.66","4.237","19"
"570003","Duftmischung Waldspaziergang","Primavera","Diverse","nicht per Bio-VO geregelt","5ml","7.0686","1.045","19"
"570004","Raumspray Waldspaziergang","Primavera","Diverse","nicht per Bio-VO geregelt","50ml","10.6415","1.5732","19"
"570005","Aroma Vernebler Traveller","Primavera","Volksrepublik China","nicht per Bio-VO geregelt","Stück","49.9043","7.3777","19"
"570006","Aroma Vernebler Petit","Primavera","Volksrepublik China","nicht per Bio-VO geregelt","Stück","27.0663","4.0014","19"
"570007","Aroma Duftstein Lotusblüte","Primavera","Volksrepublik China","nicht per Bio-VO geregelt","Stück","15.6537","2.3142","19"
"570012","Schlafwohl Balsam Baby & Kinder - Tube","Primavera","Diverse","Naturkosmetik (BNN)","30ml","7.7883","1.1514","19"
"570025","Leerflaschenset DIY","Primavera","Deutschland","nicht per Bio-VO geregelt","Set","10.6286","1.5713","19"
"570031","Körperbutter Alles Liebe","Primavera","Diverse","Naturkosmetik (BNN)","150ml","14.2143","2.1014","19"
"570035","Propolis Extrakt Allgäu","Primavera","Deutschland","Naturkosmetik (BNN)","5ml","7.0686","1.045","19"
"570041","Infrarot Kabinen-Spray Waldgefühl","Primavera","Diverse","nicht per Bio-VO geregelt","50ml","10.6415","1.5732","19"
"570043","Cajeput","Primavera","Indonesien","nicht per Bio-VO geregelt","5ml","7.0686","1.045","19"
"570046","Lavandin","Primavera","Italien","nicht per Bio-VO geregelt","5ml","3.4957","0.5168","19"
"570047","Lavandin","Primavera","Italien","nicht per Bio-VO geregelt","50ml","21.36","3.1578","19"
"570049","Aroma Duftlampe Balance","Primavera","Diverse","nicht per Bio-VO geregelt","Stück","21.3472","3.1559","19"
"570056","Fenchel süß - DEMETER","Primavera","Diverse","Demeter (Deutschland)","5ml","7.7755","1.1495","19"
"570060","Aktivwohl Muskelwohl Einreibung","Primavera","Diverse","Naturkosmetik (BNN)","50ml","12.8006","1.8924","19"
"570061","Aktivwohl Cooling Sport Spray","Primavera","Diverse","Naturkosmetik (BNN)","50ml","10.6286","1.5713","19"
"570067","Sandelholz neukaledonisch","Primavera","NCL","Naturkosmetik (BNN)","5ml","42.7843","6.3251","19"
"570068","Anissamen","Primavera","NCL","Naturkosmetik (BNN)","5ml","7.0686","1.045","19"
"570069","Aroma Duftstecker Easy","Primavera","Diverse","nicht per Bio-VO geregelt","Stück","17.7872","2.6296","19"
"570070","Ersatzvliese Duftstecker Easy/Autobedufter-10 St.","Primavera","Diverse","nicht per Bio-VO geregelt","Pack","5.642","0.8341","19"
"570071","Geschenkset Alles Liebe","Primavera","Diverse","nicht per Bio-VO geregelt","Set","7.6212","1.1267","19"
"570076","Duftmischung Zaubermoment","Primavera","Diverse","nicht per Bio-VO geregelt","5ml","7.0686","1.045","19"
"570101","Allzweck-Reiniger Zitronengras & Ingwer","Ecover","Diverse","konventionell","6x1l","18.2755","2.7018","19"
"570102","Kalk-Entferner - Sprühflasche","Ecover","Diverse","konventionell","6x500ml","18.2755","2.7018","19"
"570104","Men Face Wash","Urtekram","Diverse","Naturkosmetik (BNN)","150ml","4.5625","0.6745","19"
"570105","Men Face Cream","Urtekram","Diverse","Naturkosmetik (BNN)","75ml","5.2051","0.7695","19"
"570106","Men Hair & Body Wash 2in1","Urtekram","Diverse","Naturkosmetik (BNN)","200ml","4.8581","0.7182","19"
"570107","Men Cream Deo RollOn","Urtekram","Diverse","Naturkosmetik (BNN)","50ml","4.5625","0.6745","19"
"570116","DERMO Rückfettende Körperlotion - parfümfrei","Cattier","Diverse","Naturkosmetik (BNN)","500ml","17.6586","2.6106","19"
"570130","Feste Dusche Vanille-Tonkabohne","Bioturm","Deutschland","Naturkosmetik (BNN)","100g","6.6702","0.9861","19"
"570131","Feste Dusche Hibiskusblüte","Bioturm","Deutschland","Naturkosmetik (BNN)","100g","6.6702","0.9861","19"
"570132","Feste Dusche Zitronengras-Minze","Bioturm","Deutschland","Naturkosmetik (BNN)","100g","6.6702","0.9861","19"
"570133","Feste Dusche Sandelholz 2-in-1","Bioturm","Deutschland","Naturkosmetik (BNN)","100g","6.6702","0.9861","19"
"570137","Öl-Molke Bad Sensitiv Nr.116 - Sachet","Bioturm","Deutschland","Naturkosmetik (BNN)","10x30ml","22.1054","3.268","19"
"570139","Öl-Molke Bad Lavendel Nr.118 - Sachet","Bioturm","Diverse","Naturkosmetik (BNN)","10x30ml","22.1054","3.268","19"
"570140","Öl-Molke Bad Arnika Nr.119 - Sachet","Bioturm","Diverse","Naturkosmetik (BNN)","10x30ml","22.1054","3.268","19"
"570141","Handcreme Nr.52","Bioturm","Diverse","Naturkosmetik (BNN)","75ml","3.907","0.5776","19"
"570142","Zahncreme Minze - mit Fluorid","Bioturm","Diverse","Naturkosmetik (BNN)","75ml","3.4443","0.5092","19"
"570143","Zahncreme Kräuter - ohne Fluorid","Bioturm","Diverse","Naturkosmetik (BNN)","75ml","3.4443","0.5092","19"
"570149","hyaluron+ Serum - parfümfrei","SantaVerde","Diverse","Naturkosmetik (BNN)","30ml","19.6379","2.9032","19"
"570153","Seife mit Karité-Butter Vanille Douce-süße Vanille","Savon du Midi","Frankreich","Naturkosmetik (BNN)","12x100g","26.9892","3.99","19"
"570154","Seife mit Karité-Butter Lait de Fleurs-Blütenmilch","Savon du Midi","Frankreich","Naturkosmetik (BNN)","12x100g","26.9892","3.99","19"
"570155","Seife mit Karité-Butter Prune - Pflaume","Savon du Midi","Frankreich","Naturkosmetik (BNN)","12x100g","26.9892","3.99","19"
"570156","Seife m.Karité-Butter Fleur de Coton-Baumwollblüte","Savon du Midi","Frankreich","Naturkosmetik (BNN)","12x100g","26.9892","3.99","19"
"570157","Seife mit Karité-Butter BonBon - Süßes","Savon du Midi","Frankreich","Naturkosmetik (BNN)","12x100g","26.9892","3.99","19"
"570178","Schwangerschaft-Body Butter im Glastiegel","Weleda","Diverse","Naturkosmetik (BNN)","150ml","14.1243","2.0881","19"
"570179","Calendula Zauberbalsam","Weleda","Diverse","Naturkosmetik (BNN)","25ml","7.0815","1.0469","19"
"570180","Straffende Augenpflege Granatapfel & Maca-Peptide","Weleda","Diverse","Naturkosmetik (BNN)","12ml","13.289","1.9646","19"
"570181","Straffende Nachtpflege Granatapfel & Maca-Peptide","Weleda","Diverse","Naturkosmetik (BNN)","40ml","15.5124","2.2933","19"
"570182","Straffende Tagespflege Granatapfel & Maca-Peptide","Weleda","Diverse","Naturkosmetik (BNN)","40ml","14.7669","2.1831","19"
"570183","Straffendes Serum Granatapfel & Maca-Peptide","Weleda","Diverse","Naturkosmetik (BNN)","30ml","16.2578","2.4035","19"
"570184","Straffendes Gesichtsöl Granatapfel","Weleda","Diverse","28","30ml","16.2578","2.4035","19"
"570185","Skin Food - Reisegröße","Weleda","Diverse","Naturkosmetik (BNN)","30ml","4.0741","0.6023","19"
"570186","Skin Food Light - Reisegröße","Weleda","Diverse","Naturkosmetik (BNN)","30ml","4.0741","0.6023","19"
"570187","Showergel For Men Energy Fresh 3in1","Weleda","Diverse","Naturkosmetik (BNN)","200ml","6.3103","0.9329","19"
"570189","Regnerationsbad Sport & Muskel Arnika","Weleda","Diverse","Naturkosmetik (BNN)","200ml","12.762","1.8867","19"
"570193","Showergel For Men Aktive Fresh 3in1","Weleda","Diverse","Naturkosmetik (BNN)","200ml","6.3103","0.9329","19"
"570198","Weihnachtsseife - Frohes Fest","Speick","Diverse","Naturkosmetik (BNN)","120g","3.7014","0.5472","19"
"570199","Geschenkseife - Für Dich","Speick","Diverse","Naturkosmetik (BNN)","120g","3.7014","0.5472","19"
"570240","Sensitiv Handcreme","Weleda","Diverse","Naturkosmetik (BNN)","50ml","6.0918","0.9006","19"
"570248","VITALITY Shower Cream Sanddorn","Weleda","Diverse","Naturkosmetik (BNN)","400ml","8.6622","1.2806","19"
"570249","REFRESH Shower Cream Citrus","Weleda","Diverse","Naturkosmetik (BNN)","400ml","8.6622","1.2806","19"
"570250","INSPIRE Shower Cream Granatapfel","Weleda","Diverse","Naturkosmetik (BNN)","400ml","8.6622","1.2806","19"
"570251","RELAX Shower Cream Lavendel","Weleda","Diverse","Naturkosmetik (BNN)","400ml","8.6622","1.2806","19"
"570252","ENERGY Shower Gel Ingwer","Weleda","Diverse","Naturkosmetik (BNN)","400ml","8.6622","1.2806","19"
"570253","Mandarino di Capri Duschgel","Weleda","Diverse","Naturkosmetik (BNN)","200ml","6.3103","0.9329","19"
"570262","Zimtrinde Ceylon 30 %","Primavera","Sri Lanka - Ceylon","Naturkosmetik (BNN)","5ml","5.642","0.8341","19"
"570263","Himalayakiefer","Primavera","","Naturkosmetik (BNN)","5ml","10.6415","1.5732","19"
"570266","Deo Creme Waldspaziergang im Tiegel","Primavera","Diverse","Naturkosmetik (BNN)","45ml","10.7186","1.5846","19"
"570267","Deo Creme Glücksgefühle im Tiegel","Primavera","Diverse","Naturkosmetik (BNN)","45ml","10.7186","1.5846","19"
"570271","Zahnseide natur im Glas - 30m","spa vivent Vertriebs GmbH","Volksrepublik China","Naturkosmetik (BNN)","Stück","4.6139","0.6821","19"
"570272","Finident Bambuszahnbürste-ultrafeine Borsten schw.","spa vivent Vertriebs GmbH","Volksrepublik China","Naturkosmetik (BNN)","Stück","3.7913","0.5605","19"
"570273","Finident Bambuszahnbürste-ultrafeine Borsten weiß","spa vivent Vertriebs GmbH","Volksrepublik China","Naturkosmetik (BNN)","Stück","3.7913","0.5605","19"
"570280","Schale Olivenholz klein 9-10 cm","Unicorn","Diverse","nicht per Bio-VO geregelt","Stück","5.8348","0.8626","19"
"570281","Schale Olivenholz mittel 11-13 cm","Unicorn","Diverse","nicht per Bio-VO geregelt","Stück","7.0686","1.045","19"
"570282","Schale Olivenholz rustikal oval 12-16 cm","Unicorn","Diverse","nicht per Bio-VO geregelt","Stück","8.161","1.2065","19"
"570283","Seifenablage Olivenholz geriffelt eckig 13x9 cm","Unicorn","Diverse","nicht per Bio-VO geregelt","Stück","8.161","1.2065","19"
"570285","Naturseife All in One","Unicorn","Diverse","Naturkosmetik (BNN)","100g","4.1769","0.6175","19"
"570291","Serum Smooth Operator mit Retinol-Effekt","Sante","Diverse","Naturkosmetik (BNN)","30ml","13.5075","1.9969","19"
"570299","Stärkendes Kopfhaut Tonikum Birke - Brennessel","Logona","Diverse","Naturkosmetik (BNN)","150ml","10.5258","1.5561","19"
"570300","MEMO Spülschwämme scheuerstark 2St","Memo","Italien","nicht per Bio-VO geregelt","12x2Stück","25.9096","3.8304","19"
"570301","MEMO Spülschwämme kratzfrei 2St","Memo","Italien","nicht per Bio-VO geregelt","12x2Stück","25.9096","3.8304","19"
"570304","MEMO Küchenrollen Recycling Strong & Dry","Memo","Polen","nicht per Bio-VO geregelt","15X2RO","58.2196","8.607","19"
"570305","Kupfertuch Premium","Memo","Diverse","nicht per Bio-VO geregelt","Stück","1.9149","0.2831","19"
"570306","MEMO Taschentücher Recycling soft-10 Taschentücher","Memo","Diverse","nicht per Bio-VO geregelt","15x15x10PK","37.5921","5.5575","19"
"570308","Holz-Gemüsebürste mit 2 Borstenstärken","Memo","Diverse","nicht per Bio-VO geregelt","Stück","3.7014","0.5472","19"
"570310","Sonnenglas Solar-LED-Dekoleuchte Fair Trade","Memo","Südafrika","nicht per Bio-VO geregelt","Stück","42.6044","6.2985","19"
"570311","Sonnenglas Solar-LED-Dekoleuchte "" Mini "" H 11cm","Memo","Südafrika","nicht per Bio-VO geregelt","Stück","38.1447","5.6392","19"
"570312","Seifenschale Traditional oval aus Steingut","Memo","Volksrepublik China","nicht per Bio-VO geregelt","Stück","7.8654","1.1628","19"
"570313","Aufbewahrungsdose Traditional aus Steingut","Memo","Volksrepublik China","nicht per Bio-VO geregelt","Stück","8.4566","1.2502","19"
"570320","Backofen- und Herdreiniger","Ecover","Diverse","konventionell","6x500ml","18.2755","2.7018","19"
"570321","Waschpulverkonzentrat Color","Ecover","Diverse","konventionell","4x3kg","65.1853","9.6368","19"
"570322","Waschpulverkonzentrat universal","Ecover","Diverse","konventionell","4x3kg","65.1853","9.6368","19"
"570323","Glas-Reiniger - Sprühflasche","Ecover","Diverse","konventionell","6x500ml","18.2755","2.7018","19"
"570324","Bad-Reiniger - Sprühflasche","Ecover","Diverse","konventionell","6x500ml","18.2755","2.7018","19"
"570327","Hunde-Paté Huhn-Lachs getreidefrei - AluCup","Yarrah","Diverse","100% Biozutaten","12x150g","18.3527","2.7132","7"
"570329","MEMO Haushaltsreinigungstuch - 3 Stück","Memo","Indien","nicht per Bio-VO geregelt","Pack","6.7344","0.9956","19"
"570330","MEMO Farb- und Schmutzfangtuch","Memo","Indien","nicht per Bio-VO geregelt","Stück","3.1616","0.4674","19"
"570339","Katze-Paté reich an Huhn & Ente - AluCup","Yarrah","Diverse","100% Biozutaten","16x100g","18.9181","2.7968","7"
"570341","Hundefutter trocken Geflügel Adult-getreidefrei","DEFU","Diverse","100% Biozutaten","10kg","74.1175","10.9573","7"
"570342","Hunde-Paté reich an Huhn & Ente - AluCup","Yarrah","Diverse","100% Biozutaten","12x150g","18.3527","2.7132","7"
"570343","Katze-Paté reich an Huhn getreidefrei - AluCup","Yarrah","Diverse","100% Biozutaten","16x100g","18.9181","2.7968","7"
"570344","Hand- und Körperseife for men only","Benecos","Diverse","Naturkosmetik (BNN)","75g","3.56","0.5263","19"
"570345","Maschinen Spülmittel Pulver","Sodasan","Diverse","WP","4x1,5kg","31.9758","4.7272","19"
"570350","Shampoo Intense Hydration","Sante","Diverse","Naturkosmetik (BNN)","250ml","3.5729","0.5282","19"
"570351","Glossy Shine Shampoo","Sante","Diverse","Naturkosmetik (BNN)","250ml","3.5729","0.5282","19"
"570352","Pure Balance Shampoo","Sante","Diverse","Naturkosmetik (BNN)","250ml","3.5729","0.5282","19"
"570353","Volume Lift Shampoo","Sante","Diverse","Naturkosmetik (BNN)","250ml","3.5729","0.5282","19"
"570354","Deep Repair Shampoo","Sante","Diverse","Naturkosmetik (BNN)","250ml","3.5729","0.5282","19"
"570355","Super Strong Shampoo","Sante","Diverse","Naturkosmetik (BNN)","250ml","3.5729","0.5282","19"
"570356","Sensitive Care Shampoo","Sante","Diverse","Naturkosmetik (BNN)","250ml","3.5729","0.5282","19"
"570357","Intense Hydration Shampoo","Sante","Diverse","Naturkosmetik (BNN)","500ml","6.4389","0.9519","19"
"570358","Glossy Shine Shampoo","Sante","Diverse","Naturkosmetik (BNN)","500ml","6.4389","0.9519","19"
"570359","Deep Repair Shampoo","Sante","Diverse","Naturkosmetik (BNN)","500ml","6.4389","0.9519","19"
"570360","Super Strong Shampoo","Sante","Diverse","Naturkosmetik (BNN)","500ml","6.4389","0.9519","19"
"570361","Sensitive Care Shampoo","Sante","Diverse","Naturkosmetik (BNN)","500ml","6.4389","0.9519","19"
"570362","Intense Hydration Shampoo","Sante","Diverse","Naturkosmetik (BNN)","950ml","10.7314","1.5865","19"
"570363","Glossy Shine Shampoo","Sante","Diverse","Naturkosmetik (BNN)","950ml","10.7314","1.5865","19"
"570364","Deep Hair Shampoo","Sante","Diverse","Naturkosmetik (BNN)","950ml","10.7314","1.5865","19"
"570365","Super Strong Shampoo","Sante","Diverse","Naturkosmetik (BNN)","950ml","10.7314","1.5865","19"
"570366","Sensitive Care Shampoo","Sante","Diverse","Naturkosmetik (BNN)","950ml","10.7314","1.5865","19"
"570367","Intense Hydration Conditioner","Sante","Diverse","Naturkosmetik (BNN)","150ml","3.5729","0.5282","19"
"570368","Glossy Shine Conditioner","Sante","Diverse","Naturkosmetik (BNN)","150ml","3.5729","0.5282","19"
"570369","Deep Repair Conditioner","Sante","Diverse","Naturkosmetik (BNN)","150ml","3.5729","0.5282","19"
"570370","Super Strong Conditioner","Sante","Diverse","Naturkosmetik (BNN)","150ml","3.5729","0.5282","19"
"570371","Sensitive Care Conditioner","Sante","Diverse","Naturkosmetik (BNN)","150ml","3.5729","0.5282","19"
"570372","Intense Hydration Haarmaske","Sante","Diverse","Naturkosmetik (BNN)","150ml","4.9994","0.7391","19"
"570373","Deep Repair Haarmaske","Sante","Diverse","Naturkosmetik (BNN)","150ml","4.9994","0.7391","19"
"570374","Glossy Shine Haarmaske","Sante","Diverse","Naturkosmetik (BNN)","150ml","4.9994","0.7391","19"
"570377","Deep Repair Anti-Spliss Pflegekur ohne Ausspülen","Sante","Diverse","Naturkosmetik (BNN)","200ml","4.9994","0.7391","19"
"570499","Color Waschmittel flüssig Lindenblüte","AlmaWin","Diverse","WP","6x1,5l","35.1631","5.1984","19"
"570500","Mau Premium Katzenfutter im Glas - Pute & Hähnchen","Wuff & Mau","Deutschland","100% Biozutaten","16x200G","39.4813","5.8368","7"
"570501","Mau Premium Katzenfutter im Glas - Rind","Wuff & Mau","Deutschland","100% Biozutaten","16x200G","39.4813","5.8368","7"
"570502","Mau Premium Katzenfutter im Glas - Wildlachs","Wuff & Mau","Deutschland","100% Biozutaten","16x200G","39.4813","5.8368","7"
"570503","Mau Premium Katzenf. i.Glas-Geiles Fressi Geflügel","Wuff & Mau","Deutschland","100% Biozutaten","16x200G","39.4813","5.8368","7"
"570508","Ebbi Premium Hundefutter im Glas - Pute & Hähnchen","Wuff & Mau","Deutschland","Biokreis ","8x400g","29.1997","4.3168","7"
"570509","Ebbi Premium Hundefutter im Glas - Rind","Wuff & Mau","Deutschland","Biokreis ","8x400g","29.1997","4.3168","7"
"570510","Ebbi Premium Hundefutter im Glas - Wildlachs","Wuff & Mau","Deutschland","Biokreis ","8x400g","29.1997","4.3168","7"
"570511","Ebbi Premium Hundef. i.Glas-Geiles Fressi Geflügel","Wuff & Mau","Deutschland","Biokreis ","8x400g","29.1997","4.3168","7"
"570518","Katzenfutter Rind sensitiv - Dose","DEFU","Diverse","100% Biozutaten","12x410g","41.4863","6.1332","7"
"570519","Katzenfutter Rind sensitiv - Dose","DEFU","Diverse","100% Biozutaten","12x200g","29.9195","4.4232","7"
"570520","Katzenfutter Rind sensitiv - Alucup","DEFU","Diverse","100% Biozutaten","16x100g","24.0589","3.5568","7"
"570521","Hundefutter Junior Geflügel sensitiv - Dose","DEFU","Diverse","100% Biozutaten","12x200g","31.4617","4.6512","7"
"570550","Menstruationstasse Papperlacup Gr. M","Einhorn","Diverse","nicht per Bio-VO geregelt","Stück","8.3024","1.2274","7"
"570551","Menstruationstasse Papperlacup Gr. S","Einhorn","Diverse","nicht per Bio-VO geregelt","Stück","8.3024","1.2274","7"
"570557","Bio-Tampons TamTampon normalo 16ST","Einhorn","SLO","nicht per Bio-VO geregelt","Stück","4.0098","0.5928","7"
"570558","Bio-Tampons TamTampon piccolo 16ST","Einhorn","SLO","nicht per Bio-VO geregelt","Stück","3.7528","0.5548","7"
"570560","Bio-Tampons TamTampon super 16ST","Einhorn","SLO","nicht per Bio-VO geregelt","Stück","4.4468","0.6574","7"
"570571","Räucherspiralenhalter Eule","Aromandise","Indien","nicht per Bio-VO geregelt","Stück","4.8195","0.7125","19"
"570572","Räucherspiralenhalter Katze","Aromandise","Indien","nicht per Bio-VO geregelt","Stück","4.8195","0.7125","19"
"570573","Räucherspiralenhalter Buddha","Aromandise","Indien","nicht per Bio-VO geregelt","Stück","4.8195","0.7125","19"
"570574","Räucherstäbchen Sommerräucherwerk 12 St.","Aromandise","Indien","nicht per Bio-VO geregelt","Pack","2.8917","0.4275","19"
"570575","Räucherspirale Sommerräucherwerk 10 St.","Aromandise","Indien","nicht per Bio-VO geregelt","Pack","5.0765","0.7505","19"
"570647","Flüssigseife Lavendel & Rosmarin","AlmaWin","Diverse","Naturkosmetik (BNN)","6x500ml","19.2009","2.8386","19"
"570648","Flüssigseife Orange","AlmaWin","Diverse","Naturkosmetik (BNN)","6x500ml","19.2009","2.8386","19"
"570651","Maschinen Spülmittel Tabs XL-Pack 50St","Sodasan","Diverse","WP","6x50St","48.4263","7.1592","19"
"570683","Badreiniger Nachfüllbeutel","AlmaWin","Diverse","WP","6x500ml","13.4946","1.995","19"
"570700","Duschgel Lavendel - Urlaub in der Provence","Benecos","Diverse","Naturkosmetik (BNN)","500ml","4.9994","0.7391","19"
"570701","Duschgel Rose - Entdecke die wilde Rose in Dir","Benecos","Diverse","Naturkosmetik (BNN)","500ml","4.9994","0.7391","19"
"570702","Duschgel Grapefruit - Du bist meine Pampel-Muse","Benecos","Diverse","Naturkosmetik (BNN)","500ml","4.9994","0.7391","19"
"570703","Duschgel Ingwer| Zitrone - Lost unterm Lemontree","Benecos","Diverse","Naturkosmetik (BNN)","500ml","4.9994","0.7391","19"
"570704","Duschgel Grüntee - Alles im grünen Bereich","Benecos","Diverse","Naturkosmetik (BNN)","500ml","4.9994","0.7391","19"
"570705","Duschgel Hafer - Deine Dusche im Kornfeld","Benecos","Diverse","Naturkosmetik (BNN)","500ml","4.9994","0.7391","19"
"570706","Duschgel 2in1 Minze-Für ein frisches Minzeinander","Benecos","Diverse","Naturkosmetik (BNN)","500ml","4.9994","0.7391","19"
"570707","Duschgel Hanf 2in1- Lass Gras drüber wachsen","Benecos","Diverse","Naturkosmetik (BNN)","500ml","4.9994","0.7391","19"
"570708","Duschgel 2in1 Olive - Geduscht, nicht gerührt","Benecos","Diverse","Naturkosmetik (BNN)","500ml","4.9994","0.7391","19"
"570709","Duschgel 2in1 Gin - Gib deiner Dusche einen Gin","Benecos","Diverse","Naturkosmetik (BNN)","500ml","4.9994","0.7391","19"
"570710","Shampoo Traube - Dreh das Volumen auf","Benecos","Diverse","Naturkosmetik (BNN)","500ml","5.7448","0.8493","19"
"570711","Shampoo Hanf - Das macht die Haare schön","Benecos","Diverse","Naturkosmetik (BNN)","500ml","5.7448","0.8493","19"
"570712","Shampoo Hafer - Reparieren Statt Wegwerfen","Benecos","Diverse","Naturkosmetik (BNN)","500ml","5.7448","0.8493","19"
"570713","Shampoo Kaffee - Moin Moin! Coffee First!","Benecos","Diverse","Naturkosmetik (BNN)","500ml","5.7448","0.8493","19"
"570714","Shampoo Männer - Sieben Bier sind auch ein Shampoo","Benecos","Diverse","Naturkosmetik (BNN)","500ml","5.7448","0.8493","19"
"570718","Handcreme Hafer - Du (Hand) Schmeichler, Du","Benecos","Diverse","Naturkosmetik (BNN)","100ml","2.866","0.4237","19"
"570719","Handcreme Grapefruit - Du hast die Hände schön","Benecos","Diverse","Naturkosmetik (BNN)","100ml","2.866","0.4237","19"
"570720","Körperlotion Hafer-Ich glaub mich pflegt der Hafer","Benecos","Diverse","Naturkosmetik (BNN)","500ml","7.1843","1.0621","19"
"570721","Körperlotion Olive - Für Deinen Body Cream Index","Benecos","Diverse","Naturkosmetik (BNN)","500ml","7.1843","1.0621","19"
"570722","Körperlotion Wildrose - Rosige Aussichten","Benecos","Diverse","Naturkosmetik (BNN)","500ml","7.1843","1.0621","19"
"570723","Handseife Hafer - Handwaschmaschine","Benecos","Diverse","Naturkosmetik (BNN)","500ml","4.601","0.6802","19"
"570724","Handseife Ingwer|Zitrone - Sau(b)er macht lustig","Benecos","Diverse","Naturkosmetik (BNN)","500ml","4.2926","0.6346","19"
"570725","Handseife Olive - Saubere Leistung","Benecos","Diverse","Naturkosmetik (BNN)","500ml","4.2926","0.6346","19"
"570727","Party unter der Dusche-5 Miniduschen à 50ml - Set","Benecos","Diverse","Naturkosmetik (BNN)","Set","5.3336","0.7885","19"
"570728","Nicht nur für Warmduscher-5 Miniduschen à 50ml-Set","Benecos","Diverse","Naturkosmetik (BNN)","Set","5.3336","0.7885","19"
"570740","NF Duschgel 2in1 Olive-Geduscht, nicht gerührt","Benecos","Diverse","Naturkosmetik (BNN)","1000ml","8.2253","1.216","19"
"570749","V! NF Handseife Olive - Saubere Leistung","Benecos","Diverse","Naturkosmetik (BNN)","1000ml","7.1843","1.0621","19"
"570750","Deodorant Persian Lime vegan-Papertube","Ben und Anna","Diverse","Naturkosmetik (BNN)","40g","3.8813","0.5738","19"
"570751","Deodorant Pink Grapefruit vegan-Papertube","Ben und Anna","Diverse","Naturkosmetik (BNN)","40g","3.8813","0.5738","19"
"570752","Deodorant Coco Mania vegan-Papertube","Ben und Anna","Diverse","Naturkosmetik (BNN)","40g","3.8813","0.5738","19"
"570753","Deodorant Green Fusion vegan-Papertube","Ben und Anna","Diverse","Naturkosmetik (BNN)","40g","3.8813","0.5738","19"
"570754","Deodorant Mint vegan-Papertube","Ben und Anna","Diverse","Naturkosmetik (BNN)","40g","3.8813","0.5738","19"
"570755","Deodorant Urban Black vegan-Papertube","Ben und Anna","Diverse","Naturkosmetik (BNN)","40g","3.8813","0.5738","19"
"570766","Handcreme Sheabutter - Ich bin dann mal neutral","Benecos","Diverse","Naturkosmetik (BNN)","100ml","3.2001","0.4731","19"
"570767","Reise- und Geschenkset - Unterwegs mit 5 Flaschen","Benecos","Diverse","Naturkosmetik (BNN)","Set","6.0533","0.8949","19"
"570775","NAIKED Sprühflasche - leer","Naiked","Diverse","nicht per Bio-VO geregelt","Stück","2.1591","0.3192","19"
"570787","Katzen Paté Lachs & Algen - AluCup","Yarrah","Diverse","100% Biozutaten","16x100g","19.1238","2.8272","7"
"570788","Katzen-Paté mit Rind & Chicoree - AluCup","Yarrah","Diverse","100% Biozutaten","16x100g","19.1238","2.8272","7"
"570789","Katzen-Paté Huhn & Truthahn - AluCup","Yarrah","Diverse","100% Biozutaten","16x100g","19.1238","2.8272","7"
"570806","Handcreme basis sensitiv","Lavera","Diverse","Naturkosmetik (BNN)","75ml","2.8017","0.4142","19"
"570807","Handcreme und - maske 2in1 Gute Nacht","Lavera","Diverse","Naturkosmetik (BNN)","75ml","3.0331","0.4484","19"
"570809","Handcreme Repair","Lavera","Diverse","Naturkosmetik (BNN)","75ml","3.0331","0.4484","19"
"570811","Bodylotion Express Basis Sensitiv","Lavera","Diverse","Naturkosmetik (BNN)","250ml","5.642","0.8341","19"
"570812","Bodylotion Straffend Basis Sensitiv","Lavera","Diverse","Naturkosmetik (BNN)","250ml","7.12","1.0526","19"
"570813","Bodymilk Reichhaltig Basis Sensitiv","Lavera","Diverse","Naturkosmetik (BNN)","250ml","5.642","0.8341","19"
"570823","Cremedusche Basis Sensitiv Aloe Vera & Mandelöl","Lavera","Diverse","Naturkosmetik (BNN)","250ml","3.3287","0.4921","19"
"570824","Pflegedusche Basis Sensitiv 2in1 Aloe&pfl.Keratin","Lavera","Diverse","Naturkosmetik (BNN)","250ml","3.5729","0.5282","19"
"570825","Pflegedusche Vitalisierend Orange & Minze","Lavera","Diverse","Naturkosmetik (BNN)","250ml","3.3287","0.4921","19"
"570826","Pflegedusche Erfrischend Zitrone & Zitronengras","Lavera","Diverse","Naturkosmetik (BNN)","250ml","3.3287","0.4921","19"
"570829","Pflegedusche Basis Sensitiv 2in1 - NF","Lavera","Diverse","Naturkosmetik (BNN)","500ml","5.0894","0.7524","19"
"570831","Deo Creme Basis Sensitiv - Dose","Lavera","Diverse","Naturkosmetik (BNN)","50ml","5.6292","0.8322","19"
"570835","Straffende Tagespflege 3-fach Hyaluron & Bakuchiol","Lavera","Diverse","Naturkosmetik (BNN)","50ml","12.2737","1.8145","19"
"570836","Straffende Nachtpflege 3-fach Hyaluron & Bakuchiol","Lavera","Diverse","Naturkosmetik (BNN)","50ml","13.1219","1.9399","19"
"570837","Straffende Augenpflege 3-fach Hyaluron & Bakuchiol","Lavera","Diverse","Naturkosmetik (BNN)","15ml","13.1219","1.9399","19"
"570838","Straffendes Serum 3-fach Hyaluron & Bakuchiol","Lavera","Deutschland","Naturkosmetik (BNN)","30ml","13.9573","2.0634","19"
"570839","Straffende Maske 3-fach Hyaluron & Bakuchiol","Lavera","Diverse","Naturkosmetik (BNN)","50ml","6.5417","0.9671","19"
"570840","Anti-Falten Feuchtigkeitscreme Q10 basis sensitiv","Lavera","Diverse","Naturkosmetik (BNN)","50ml","9.2534","1.368","19"
"570860","FAMILY Duschgel Ananas & Limone","Sante","Diverse","Naturkosmetik (BNN)","500ml","5.3336","0.7885","19"
"570861","FAMILY Duschgel Ananas & Limone","Sante","Diverse","Naturkosmetik (BNN)","950ml","9.5362","1.4098","19"
"570862","FAMILY Duschgel Kokos & Vanille","Sante","Diverse","Naturkosmetik (BNN)","500ml","5.3336","0.7885","19"
"570863","FAMILY Duschgel Kokos & Vanille","Sante","Diverse","Naturkosmetik (BNN)","950ml","9.5362","1.4098","19"
"570910","MEMO Haushaltsschwamm 2ST kratzfrei m. pflanzliche","Memo","Italien","nicht per Bio-VO geregelt","12x2Stück","25.9096","3.8304","19"
"570956","collagen drops","SantaVerde","Diverse","Naturkosmetik (BNN)","30ml","22.8894","3.3839","19"
"570970","Zauberstab Beste Freunde","Lüttes Welt","Diverse","Naturkosmetik (BNN)","12x90g","26.9892","3.99","19"
"570971","Bade-Vulkan Beste Freunde Glitzerfisch","Lüttes Welt","Diverse","Naturkosmetik (BNN)","12x70g","21.1287","3.1236","19"
"570973","Erkältungszeit - Pflegebalsam","Primavera","Diverse","Naturkosmetik (BNN)","30ml","8.4952","1.2559","19"
"570974","Erkältungszeit Baby & Kinder Pflegebalsam","Primavera","Diverse","Naturkosmetik (BNN)","30ml","8.4952","1.2559","19"
"570975","Atmewohl Riechstift","Primavera","Diverse","Naturkosmetik (BNN)","Stück","8.4952","1.2559","19"
"570979","Cleansing Oil - calming & softening","Primavera","Diverse","Naturkosmetik (BNN)","100ml","18.494","2.7341","19"
"570980","Cleansing Gel - 2 in 1 Deep Cleanse","Primavera","Deutschland","Naturkosmetik (BNN)","100ml","14.2143","2.1014","19"
"570981","Cleansing Milk - Soft & Delicate","Primavera","Diverse","Naturkosmetik (BNN)","100ml","18.494","2.7341","19"
"570982","Peeling Gel - Deeply Cleansing & Renewing","Primavera","Diverse","Naturkosmetik (BNN)","60ml","14.2143","2.1014","19"
"570983","Hydrating Face Toner - Ultra Hydrating","Primavera","Diverse","Naturkosmetik (BNN)","100ml","14.2143","2.1014","19"
"570984","Hydrating Face Fluid - Pollution Protection","Primavera","Diverse","Naturkosmetik (BNN)","30ml","14.2143","2.1014","19"
"570986","Hydrating Vital Face Oil-Moisturizing & Protective","Primavera","Diverse","Naturkosmetik (BNN)","30ml","14.2143","2.1014","19"
"570987","Hydrating Face Cream - Ultra soft & Calming","Primavera","Diverse","Naturkosmetik (BNN)","30ml","14.2143","2.1014","19"
"570988","Glowing Age Toning Lotion - Perfectly Illuminating","Primavera","Diverse","Naturkosmetik (BNN)","100ml","18.494","2.7341","19"
"570989","Glowing Age Eye Cream - Brightening","Primavera","Diverse","Naturkosmetik (BNN)","15ml","28.4929","4.2123","19"
"570990","Glowing Age Rich Face Oil - Regenerating","Primavera","Diverse","Naturkosmetik (BNN)","30ml","21.36","3.1578","19"
"570992","Glowing Age Night Cream & Mask Smoothing&Renewing","Primavera","Diverse","Naturkosmetik (BNN)","50ml","28.4929","4.2123","19"
"570993","Glowing Age Day Cream - Ultimate New Aging","Primavera","Diverse","Naturkosmetik (BNN)","30ml","28.4929","4.2123","19"
"571000","Starter & Travel Set Hydrating","Primavera","Diverse","Naturkosmetik (BNN)","Set","11.3612","1.6796","19"
"571006","Hyaluron Serum - De-Stressing & Regenerating","Primavera","Diverse","Naturkosmetik (BNN)","30ml","35.6386","5.2687","19"
"571007","Vitamin C Serum Illuminating & Balancing","Primavera","Diverse","Naturkosmetik (BNN)","30ml","42.7843","6.3251","19"
"571008","Eye Cream for Face - Cell Renewing","Primavera","Diverse","Naturkosmetik (BNN)","25ml","42.7843","6.3251","19"
"571029","Weihrauch afrikanisch","Primavera","Somalia","Naturkosmetik (BNN)","5ml","11.3612","1.6796","19"
"571031","Aroma Sauna Atemkraft","Primavera","Diverse","95%","100ml","12.7877","1.8905","19"
"571032","Aroma Sauna Energiequelle","Primavera","Diverse","95%","100ml","12.7877","1.8905","19"
"571035","Aroma Sauna Tiefenentspannung","Primavera","Diverse","95%","100ml","12.7877","1.8905","19"
"571037","Kennenlernset Aroma Sauna Frische & Energie","Primavera","Diverse","Naturkosmetik (BNN)","Set","9.9217","1.4668","19"
"571038","Duftlampe Frühlingsgrün glänzend","Primavera","Portugal","nicht per Bio-VO geregelt","Stück","19.2266","2.8424","19"
"571040","Aroma Vernebler Woody","Primavera","Volksrepublik China","nicht per Bio-VO geregelt","Stück","57.05","8.4341","19"
"571041","Aroma Zerstäuber Purist","Primavera","Volksrepublik China","nicht per Bio-VO geregelt","Stück","71.3286","10.545","19"
"571065","Seifendose mit herausnehmbarem Abtropfsieb","Savon du Midi","Frankreich","Naturkosmetik (BNN)","Stück","4.601","0.6802","19"
"571066","Anti-Pigmentflecken Bright Serum","Weleda","Diverse","Naturkosmetik (BNN)","30ml","19.7792","2.9241","19"
"571067","Glowy UV Fluid LSF30","Weleda","Diverse","Naturkosmetik (BNN)","30ml","10.2045","1.5086","19"
"571068","Creme basis sensitiv - Dose","Lavera","Diverse","Naturkosmetik (BNN)","150ml","4.8709","0.7201","19"
"571069","Klarspüler","Ecover","Diverse","konventionell","8x450ml","27.5547","4.0736","19"
"571089","Ben&Anna Deo sensitiv Lemon and Lime - Papertube","Ben und Anna","Diverse","Naturkosmetik (BNN)","40g","4.3954","0.6498","19"
"571090","Anti-Mück - Hautspray mit Zitroneneukalyptus","Aries","Großbritannien+Insel Man","konventionell","100ml","7.1329","1.0545","19"
"571091","Ben&Anna Deo sensitiv Highland Breeze - Papertube","Ben und Anna","Diverse","Naturkosmetik (BNN)","40g","4.3954","0.6498","19"
"571093","Lunchbox - SOS Kinderdörfer weltweit","Memo","Volksrepublik China","nicht per Bio-VO geregelt","Stück","5.3207","0.7866","19"
"571094","Trinkflasche - SOS Kinderdörfer weltweit","Memo","Volksrepublik China","nicht per Bio-VO geregelt","Stück","6.9658","1.0298","19"
"571095","ESSENTIALS Allzweck-Reiniger Zitrone - Sprühfl.","Ecover Essential","Diverse","WP","6x500ml","22.5167","3.3288","19"
"571096","ESSENTIALS Bad-Reiniger Eukalyptus","Ecover Essential","Diverse","WP","6x500ml","22.5167","3.3288","19"
"571099","Ben&Anna Deo sensitiv Japanese Cherry Bl.-Papert.","Ben und Anna","Diverse","Naturkosmetik (BNN)","40g","4.3954","0.6498","19"
"571101","Ben&Anna Zahncreme Spearmint - vegan","Ben und Anna","Diverse","Naturkosmetik (BNN)","75ml","2.0435","0.3021","19"
"571102","Ben&Anna Zahncreme Cinnamon Orange - vegan","Ben und Anna","Diverse","Naturkosmetik (BNN)","75ml","2.0435","0.3021","19"
"571103","Ben&Anna Zahncreme Wild Berry - vegan","Ben und Anna","Diverse","Naturkosmetik (BNN)","75ml","2.0435","0.3021","19"
"571104","Ben&Anna Zahncreme Coco Mania - vegan","Ben und Anna","Diverse","Naturkosmetik (BNN)","75ml","2.0435","0.3021","19"
"571105","Ben&Anna Zahncreme White mit Ananasextrakt - vegan","Ben und Anna","Diverse","Naturkosmetik (BNN)","75ml","2.0435","0.3021","19"
"571106","Ben&Anna Zahncreme Black mit Aktivkohle - vegan","Ben und Anna","Diverse","Naturkosmetik (BNN)","75ml","2.0435","0.3021","19"
"571109","MEMO Schwammtücher farblich sortiert","Memo","Diverse","nicht per Bio-VO geregelt","3Stück","1.5294","0.2261","19"
"571110","PURE Refill Deo Stick","Speick","Diverse","Naturkosmetik (BNN)","40ml","4.1769","0.6175","19"
"571111","PURE Refill Starter-Set Deo Stick","Speick","Diverse","Naturkosmetik (BNN)","80ml","8.0196","1.1856","19"
"571112","Hydro Refresh Creme-Gel","Lavera","Diverse","Naturkosmetik (BNN)","50ml","12.5693","1.8582","19"
"571113","Hydro Refresh Serum","Lavera","Diverse","Naturkosmetik (BNN)","30ml","10.2559","1.5162","19"
"571114","Hydro Refresh Gesichts-Pflegespray","Lavera","Diverse","Naturkosmetik (BNN)","100ml","7.0043","1.0355","19"
"571115","Hydro Refresh Mizellenwasser","Lavera","Diverse","Naturkosmetik (BNN)","400ml","7.0043","1.0355","19"
"571116","Hydro Refresh Augen Roll-On","Lavera","Diverse","Naturkosmetik (BNN)","15ml","10.2559","1.5162","19"
"571117","aloe vera gel pur mit Duft","SantaVerde","Diverse","Naturkosmetik (BNN)","100ml","13.0319","1.9266","19"
"571119","Baby-Wattestäbchen","BEL nature","Türkei","EG-Bio","16x60ST","16.8618","2.4928","19"
"571120","Körperöl Pure Entspannung","Primavera","Diverse","Naturkosmetik (BNN)","100ml","15.6537","2.3142","19"
"571121","Körpercreme Fluid Pure Entspannung","Primavera","Diverse","Naturkosmetik (BNN)","200ml","14.2143","2.1014","19"
"571122","Cremedusche Pure Entspannung","Primavera","Diverse","Naturkosmetik (BNN)","200ml","7.0686","1.045","19"
"571123","Handcreme Pure Entspannung","Primavera","Diverse","Naturkosmetik (BNN)","50ml","7.7883","1.1514","19"
"571124","Sensitivdeo Pure Entspannung","Primavera","Diverse","Naturkosmetik (BNN)","50ml","7.7883","1.1514","19"
"571125","Trockenöl Lebensfreude","Primavera","Diverse","Naturkosmetik (BNN)","100ml","15.6537","2.3142","19"
"571126","Körperlotion Lebensfreude","Primavera","Diverse","Naturkosmetik (BNN)","200ml","14.2143","2.1014","19"
"571127","Cremedusche Lebensfreude","Primavera","Diverse","Naturkosmetik (BNN)","200ml","7.0686","1.045","19"
"571128","Körperspray Lebensfreude","Primavera","Diverse","Naturkosmetik (BNN)","100ml","14.2143","2.1014","19"
"571129","Frischedeo Lebensfreude","Primavera","Diverse","Naturkosmetik (BNN)","50ml","7.7883","1.1514","19"
"571130","Körperöl Alles Liebe","Primavera","Diverse","Naturkosmetik (BNN)","100ml","15.6537","2.3142","19"
"571131","Duschbalsam Alles Liebe","Primavera","Diverse","Naturkosmetik (BNN)","200ml","7.0686","1.045","19"
"571132","Handcreme Alles Liebe","Primavera","Diverse","Naturkosmetik (BNN)","50ml","7.7883","1.1514","19"
"571133","Körperöl Glücksgefühle","Primavera","Diverse","Naturkosmetik (BNN)","100ml","15.6537","2.3142","19"
"571134","Duschbalsam Glücksgefühle","Primavera","Diverse","Naturkosmetik (BNN)","200ml","7.0686","1.045","19"
"571135","Handcreme Glücksgefühle","Primavera","Diverse","Naturkosmetik (BNN)","50ml","7.7883","1.1514","19"
"571136","Körperlotion Glücksgefühle","Primavera","Diverse","Naturkosmetik (BNN)","200ml","14.2143","2.1014","19"
"571137","Trockenöl Waldspaziergang","Primavera","Diverse","Naturkosmetik (BNN)","100ml","15.6537","2.3142","19"
"571138","Duschbalsam Waldspaziergang","Primavera","Diverse","Naturkosmetik (BNN)","200ml","7.0686","1.045","19"
"571139","Duschpeeling Waldspaziergang","Primavera","Diverse","Naturkosmetik (BNN)","200ml","10.6415","1.5732","19"
"571142","Zirbelkiefer","Primavera","Diverse","EG-Bio","10ml","11.3483","1.6777","19"
"571143","Rose 3%","Primavera","Diverse","EG-Bio","5ml","7.7883","1.1514","19"
"571157","Aloe Vera Gel m.AloeV.Frischsaft - Demeter Projekt","Primavera","Diverse","Naturkosmetik (BNN)","75ml","11.3483","1.6777","19"
"571175","Color Waschpulver Sensitiv","Sodasan","Diverse","WP","4x1,01kg","25.1385","3.7164","19"
"571176","Anti Mück Roll-On","Aries","Diverse","Naturkosmetik (BNN)","10ml","4.0612","0.6004","19"
"571181","Blütenseife Vanille","Savon du Midi","Frankreich","Naturkosmetik (BNN)","12x100g","23.442","3.4656","19"
"571183","Petit Fleurs Mini - Blütenseifen im Set 4x20g","Savon du Midi","Frankreich","Naturkosmetik (BNN)","Set","2.6347","0.3895","19"
"571184","Variétés Mini - Karitéseifen im Set 4x20g","Savon du Midi","Frankreich","Naturkosmetik (BNN)","Set","2.6347","0.3895","19"
"571185","Seifenschale ETHNO aus Steingut","Memo","Spanien","nicht per Bio-VO geregelt","Stück","7.6341","1.1286","19"
"571186","Seifenschale ORIENTAL aus Steingut","Memo","Spanien","nicht per Bio-VO geregelt","Stück","7.6341","1.1286","19"
"571191","Glow by Nature Anti-UV Fluid LSF 30","Lavera","Diverse","Naturkosmetik (BNN)","30ml","8.0839","1.1951","19"
"571195","Waschmittel Color sensitiv","Sonett","Diverse","WP","6x1,5l","36.0884","5.3352","19"
"571196","Flüssigwaschmittel Color sensitiv - Kanister","Sonett","Diverse","WP","10l","32.6698","4.8298","19"
"571198","Schaumseife Sensitiv - Nachfüllflasche","Sonett","Diverse","Naturkosmetik (BNN)","6x1l","38.4789","5.6886","19"
"571202","Basis Sensitiv Beruhigende Feuchtigkeitscreme","Lavera","Diverse","Naturkosmetik (BNN)","50ml","7.467","1.1039","19"
"571203","Basis Sensitiv Beruhigende Nachtcreme","Lavera","Diverse","Naturkosmetik (BNN)","50ml","8.5209","1.2597","19"
"571204","Basis Sensitiv Reinigungsschaum","Lavera","Diverse","Naturkosmetik (BNN)","150ml","5.7063","0.8436","19"
"571206","Basis Sensitiv Mildes Gesichtswasser","Lavera","Diverse","Naturkosmetik (BNN)","200ml","5.6806","0.8398","19"
"571207","Basis Sensitiv Feuchtigkeitscreme","Lavera","Diverse","Naturkosmetik (BNN)","50ml","6.4003","0.9462","19"
"571208","Basis Sensitiv Reichhaltige Feuchtigkeitscreme","Lavera","Diverse","Naturkosmetik (BNN)","50ml","6.4003","0.9462","19"
"571209","Basis Sensitiv Reinigungsmilch","Lavera","Diverse","Naturkosmetik (BNN)","125ml","5.2436","0.7752","19"
"571210","Basis Sensitiv Waschgel","Lavera","Diverse","Naturkosmetik (BNN)","125ml","4.7552","0.703","19"
"571213","Mundspülung Complete Care - fluoridfrei","Lavera","Diverse","Naturkosmetik (BNN)","400ml","5.1279","0.7581","19"
"571214","Mundspülung Sensitiv & Repair","Lavera","Diverse","Naturkosmetik (BNN)","400ml","5.1279","0.7581","19"
"571227","Pflanzenhaarfarbe Mahagoni","Khadi","Indien","Naturkosmetik (BNN)","100g","9.0607","1.3395","19"
"571228","Ayurvedische Spülung Repair Rose Revolution","Khadi","Indien","Naturkosmetik (BNN)","200ml","11.1298","1.6454","19"
"571229","Geschenkset Natural Basic-Duschgel& Handcr.sensit.","Benecos","Diverse","Naturkosmetik (BNN)","Set","3.213","0.475","19"
"571230","Geschenkset Natural Basic-Handcr.& Bodyl. sensitiv","Benecos","Diverse","Naturkosmetik (BNN)","Set","3.7785","0.5586","19"
"571231","Geschenkset Natural Basic-Handcr.& Bodyl. intensiv","Benecos","Diverse","Naturkosmetik (BNN)","Set","3.7785","0.5586","19"
"571232","MY AGE Intensiv Öl-Serum Hibiskus & Ceramide","Lavera","Diverse","Naturkosmetik (BNN)","30ml","16.8618","2.4928","19"
"571233","MY AGE Augen-&Lippenkonturcreme Hibiskus&Ceramide","Lavera","Diverse","Naturkosmetik (BNN)","15ml","15.4738","2.2876","19"
"571234","MY AGE Festigende Tagespflege Hibiskus & Ceramide","Lavera","Diverse","Naturkosmetik (BNN)","50ml","14.677","2.1698","19"
"571235","MY AGE Regenerierende Nachtpflege Hibiskus&Ceram.","Lavera","Diverse","Naturkosmetik (BNN)","50ml","15.5766","2.3028","19"
"571236","Geschenkset Nagellack Nude Obsession 3-er","Benecos","Diverse","Naturkosmetik (BNN)","Set","6.426","0.95","19"
"571237","Geschenkset Nagellack Classic in Red 3-er","Benecos","Diverse","Naturkosmetik (BNN)","Set","6.426","0.95","19"
"571238","Geschenkset Nagellack Pretty in Pastel 3-er","Benecos","Diverse","Naturkosmetik (BNN)","Set","6.426","0.95","19"
"571239","Zahncreme Complete Care Fluoridfrei","Lavera","Diverse","Naturkosmetik (BNN)","75ml","2.9303","0.4332","19"
"571240","Zahncreme Complete Care","Lavera","Diverse","Naturkosmetik (BNN)","75ml","2.9303","0.4332","19"
"571241","Zahncreme Sensitiv & Repair","Lavera","Diverse","Naturkosmetik (BNN)","75ml","3.4572","0.5111","19"
"571242","Zahncreme Kids - fluoridfrei","Lavera","Diverse","Naturkosmetik (BNN)","75ml","3.4572","0.5111","19"
"571243","Zahncreme Sensitive Whitening","Lavera","Diverse","Naturkosmetik (BNN)","75ml","3.907","0.5776","19"
"571244","Zahngel Neutral - fluoridfrei","Lavera","Diverse","Naturkosmetik (BNN)","75ml","3.7271","0.551","19"
"571245","Zahnbürstenköpfe zum Wechseln - Nylon medium 4St","Yaweco","Diverse","nicht per Bio-VO geregelt","6Stück","21.4371","3.1692","19"
"571247","Zahnbürstenköpfe zum Wechseln - Nylon soft 4St","Yaweco","Diverse","nicht per Bio-VO geregelt","6Stück","20.9745","3.1008","19"
"571248","Seifendose - plastikfrei","Hydrophil","Diverse","nicht per Bio-VO geregelt","Stück","2.7503","0.4066","19"
"571249","MEMO Toilettenpapier Recycling 3-lagig | 150 Blatt","Memo","Diverse","nicht per Bio-VO geregelt","7X8RO","26.2695","3.8836","19"
"571263","bakuchiol drops","SantaVerde","Diverse","Naturkosmetik (BNN)","30ml","22.8766","3.382","19"
"571270","Duschgel Natural Basics Energie Orange","Benecos","Diverse","Naturkosmetik (BNN)","200ml","1.7864","0.2641","19"
"571271","Duschgel Natural Basics Sensitiv Aloe Vera","Benecos","Diverse","Naturkosmetik (BNN)","200ml","1.5936","0.2356","19"
"571272","Duschgel Natural Basics Haut und Haar 2in1","Benecos","Diverse","Naturkosmetik (BNN)","200ml","1.7864","0.2641","19"
"571273","Shampoo Natural Basics Volumen - Bambus","Benecos","Diverse","Naturkosmetik (BNN)","250ml","2.3391","0.3458","19"
"571274","Shampoo Natural Basics Glanz & Reparatur - Arganöl","Benecos","Diverse","Naturkosmetik (BNN)","250ml","2.3391","0.3458","19"
"571275","Shampoo Natural Basics Sensitiv - Aloe Vera","Benecos","Diverse","Naturkosmetik (BNN)","250ml","2.3391","0.3458","19"
"571276","Handcreme Natural Basics Sensitiv - Ringelblume","Benecos","Diverse","Naturkosmetik (BNN)","75ml","1.5165","0.2242","19"
"571277","Handcreme Natural Basics Intensiv - Shea","Benecos","Diverse","Naturkosmetik (BNN)","75ml","1.5165","0.2242","19"
"571278","Körperlotion Natural Basics Intensiv - Shea","Benecos","Diverse","Naturkosmetik (BNN)","150ml","2.172","0.3211","19"
"571279","Körperlotion Natural Basics Intensiv - Aloe Vera","Benecos","Diverse","Naturkosmetik (BNN)","150ml","2.172","0.3211","19"
"571280","Deo RollOn Natural Basics Erfrischend - Salbei","Benecos","Diverse","Naturkosmetik (BNN)","50ml","2.429","0.3591","19"
"571281","Deo Spray Natural Basics Erfrischend - Aloe Vera","Benecos","Diverse","Naturkosmetik (BNN)","75ml","2.429","0.3591","19"
"571282","Lipbalm im Blister Natural Basics - Shea","Benecos","Diverse","Naturkosmetik (BNN)","4,7g","1.7093","0.2527","19"
"571283","Waschgel Natural Basics - Aloe Vera","Benecos","Diverse","Naturkosmetik (BNN)","200ml","1.9021","0.2812","19"
"571284","Mizellenwasser Natural Basics - Aloe Vera","Benecos","Diverse","Naturkosmetik (BNN)","200ml","2.172","0.3211","19"
"571310","Eyeshadow Refill dark mountains - vegan","Benecos","Diverse","Naturkosmetik (BNN)","1,5g","1.6065","0.2375","19"
"571311","Eyeshadow Refill matt desert - vegan","Benecos","Diverse","Naturkosmetik (BNN)","1,5g","1.6065","0.2375","19"
"571312","Eyeshadow Refill bright woods - vegan","Benecos","Diverse","Naturkosmetik (BNN)","1,5g","1.6065","0.2375","19"
"571313","Eyeshadow Refill pearl onyx - vegan","Benecos","Diverse","Naturkosmetik (BNN)","1,5g","1.6065","0.2375","19"
"571314","Eyeshadow Refill matt plum - vegan","Benecos","Diverse","Naturkosmetik (BNN)","1,5g","1.6065","0.2375","19"
"571315","Highlighter Refill dark illuminance - vegan","Benecos","Diverse","Naturkosmetik (BNN)","3g","2.5704","0.38","19"
"571316","Highlighter Refill rosé illuminance - vegan","Benecos","Diverse","Naturkosmetik (BNN)","3g","2.5704","0.38","19"
"571317","Blush Refill tuscany please - vegan","Benecos","Diverse","Naturkosmetik (BNN)","3g","2.5704","0.38","19"
"571318","Blush Refill magnolia please - vegan","Benecos","Diverse","Naturkosmetik (BNN)","3g","2.5704","0.38","19"
"571319","Lip & Cheek Refill aperitif kiss - vegan","Benecos","Diverse","Naturkosmetik (BNN)","1,5g","2.5704","0.38","19"
"571320","Lip & Cheek Refill velvet rose - vegan","Benecos","Diverse","Naturkosmetik (BNN)","1,5g","2.5704","0.38","19"
"571321","Palette Stockholm - large - befüllt","Benecos","Diverse","Naturkosmetik (BNN)","Stück","11.4897","1.6986","19"
"571322","Palette Florenz - large - befüllt","Benecos","Diverse","Naturkosmetik (BNN)","Stück","11.4897","1.6986","19"
"571323","Palette Marrakesch - small - befüllt","Benecos","Diverse","Naturkosmetik (BNN)","Stück","8.7908","1.2996","19"
"571324","Palette New York - small - befüllt","Benecos","Diverse","Naturkosmetik (BNN)","Stück","8.7908","1.2996","19"
"571325","Leerpalette Refill - large","Benecos","Diverse","nicht per Bio-VO geregelt","Stück","3.7142","0.5491","19"
"571326","Leerpalette Refill - small","Benecos","Diverse","nicht per Bio-VO geregelt","Stück","3.0588","0.4522","19"
"571327","Lipliner berry","Benecos","Diverse","Naturkosmetik (BNN)","Stück","1.9792","0.2926","19"
"571328","Lipliner sandalwood","Benecos","Diverse","Naturkosmetik (BNN)","Stück","1.9792","0.2926","19"
"571329","Jumbo Lipstick warm sunset","Benecos","Diverse","Naturkosmetik (BNN)","Stück","3.2773","0.4845","19"
"571330","Jumbo Lipstick red delight","Benecos","Diverse","Naturkosmetik (BNN)","Stück","3.2773","0.4845","19"
"571331","Jumbo Lipstick apricot affair","Benecos","Diverse","Naturkosmetik (BNN)","Stück","3.2773","0.4845","19"
"571332","Jumbo Lipstick rosy brown","Benecos","Diverse","Naturkosmetik (BNN)","Stück","3.2773","0.4845","19"
"571333","Jumbo Lipstick cherry lady","Benecos","Diverse","Naturkosmetik (BNN)","Stück","3.2773","0.4845","19"
"571335","Gesichtscreme Mandel MIMOSE:R","Benecos","Diverse","Naturkosmetik (BNN)","50ml","3.3672","0.4978","19"
"571336","Gesichtscreme Shea FEUCHT:ER","Benecos","Diverse","Naturkosmetik (BNN)","50ml","3.3672","0.4978","19"
"571337","Gesichtsfluid Wildrose HARMONISIERER:IN","Benecos","Diverse","Naturkosmetik (BNN)","50ml","3.3672","0.4978","19"
"571338","Tagescreme Olive TAGSCHWÄRMER:IN","Benecos","Diverse","Naturkosmetik (BNN)","50ml","3.3672","0.4978","19"
"571339","Nachtcreme Argan NACHTTRÄUMER:IN","Benecos","Diverse","Naturkosmetik (BNN)","50ml","3.3672","0.4978","19"
"571340","Gesichtsserum Hyaluronsäure AUFBÜGLER:IN","Benecos","Diverse","Naturkosmetik (BNN)","50ml","3.3672","0.4978","19"
"571341","Facecream for men only - feuchtigkeitsspendend","Benecos","Diverse","Naturkosmetik (BNN)","50ml","3.3672","0.4978","19"
"571342","Handcreme for men only","Benecos","Diverse","Naturkosmetik (BNN)","100ml","3.56","0.5263","19"
"571344","Anti Mück- Duftöl für Haut / Textilien / Duftlampe","Aries","Diverse","konventionell","10ml","4.5753","0.6764","19"
"571345","Deo Stick for men only","Benecos","Diverse","Naturkosmetik (BNN)","40g","4.2412","0.627","19"
"571346","Nail Polish lovely lavender","Benecos","Diverse","S#","5ml","2.5704","0.38","19"
"571347","Nail Polish sage green","Benecos","Diverse","S#","5ml","2.5704","0.38","19"
"571348","Nail Polish cotton candy","Benecos","Diverse","S#","5ml","2.5704","0.38","19"
"571349","Nail Hardener","Benecos","Diverse","S#","5ml","2.5704","0.38","19"
"571350","Nail Repair Kaolin","Benecos","Diverse","S#","5ml","2.5704","0.38","19"
"571351","Manikürstäbchen 6-er Set","Benecos","Diverse","nicht per Bio-VO geregelt","Set","0.9382","0.1387","19"
"571352","Nagelfeile 3-er Set","Benecos","Diverse","nicht per Bio-VO geregelt","Set","2.1591","0.3192","19"
"571353","Pflegeshampoo Frische & Balance","Lavera","Diverse","Naturkosmetik (BNN)","250ml","4.2669","0.6308","19"
"571356","Pflegeshampoo Family","Lavera","Diverse","Naturkosmetik (BNN)","250ml","4.2669","0.6308","19"
"571357","Pflegeshampoo Farbglanz & Pflege","Lavera","Diverse","Naturkosmetik (BNN)","250ml","4.2669","0.6308","19"
"571359","Pflegeshampoo basis sensitiv Feuchtigk.& Pflege NF","Lavera","Diverse","Naturkosmetik (BNN)","500ml","6.1433","0.9082","19"
"571360","Pflegeshampoo Family NF","Lavera","Diverse","Naturkosmetik (BNN)","500ml","6.1433","0.9082","19"
"571361","Haarspülung basis sensitiv Feuchtigkeit & Pflege","Lavera","Diverse","Naturkosmetik (BNN)","200ml","4.2155","0.6232","19"
"571362","Haarspülung Farbglanz & Pflege","Lavera","Diverse","Naturkosmetik (BNN)","200ml","4.2155","0.6232","19"
"571364","Pflanzenhaarfarbe Berlin Blond","Khadi","Indien","Naturkosmetik (BNN)","100g","9.0607","1.3395","19"
"571365","Festes Pflegeshampoo basis sens.Feuchtigk.& Pflege","Lavera","Diverse","Naturkosmetik (BNN)","50g","2.5704","0.38","19"
"571366","Festes Pflegeshampoo Frische & Balance","Lavera","Diverse","Naturkosmetik (BNN)","50g","2.5704","0.38","19"
"571367","Festes Pflegeshampoo Volumen & Kraft","Lavera","Diverse","Naturkosmetik (BNN)","50g","2.5704","0.38","19"
"571369","Haarkur Repair & Tiefenpflege","Lavera","Diverse","Naturkosmetik (BNN)","200ml","5.7577","0.8512","19"
"571370","For Men 2in1 Face Wash","Weleda","Diverse","Naturkosmetik (BNN)","100ml","6.169","0.912","19"
"571371","Ayurvedisches Shampoo Deep Cleanse Clarifying","Khadi","Indien","Naturkosmetik (BNN)","150ml","10.4615","1.5466","19"
"571372","Bioabfall-Tüten aus Recyclingpapier 10l","Memo","Diverse","nicht per Bio-VO geregelt","10Stück","1.6451","0.2432","19"
"571373","Festes Shampoo Feuchtigkeit und Glanz","Weleda","Diverse","Naturkosmetik (BNN)","50g","5.3978","0.798","19"
"571374","Festes Shampoo Reparatur und Pflege","Weleda","Diverse","Naturkosmetik (BNN)","50g","5.3978","0.798","19"
"571375","Festes Shampoo Volumen und Glanz","Weleda","Diverse","Naturkosmetik (BNN)","50g","5.3978","0.798","19"
"571376","Skin Food Nährende Tagespflege","Weleda","Diverse","Naturkosmetik (BNN)","40ml","12.4022","1.8335","19"
"571377","Skin Food Nährende Nachtpflege","Weleda","Diverse","Naturkosmetik (BNN)","40ml","13.1219","1.9399","19"
"571378","For Men 5in1 Multi-Action Serum","Weleda","Diverse","Naturkosmetik (BNN)","30ml","10.076","1.4896","19"
"571379","Festigende Tagespflege Blauer Enzian & Edelweiß","Weleda","Diverse","Naturkosmetik (BNN)","40ml","17.7743","2.6277","19"
"571380","Festigende Nachtpflege Blauer Enzian & Edelweiß","Weleda","Schweiz","28","40ml","18.4812","2.7322","19"
"571381","Festigende Augen- & Lippenpflege Blauer Enzian","Weleda","Diverse","Naturkosmetik (BNN)","10ml","16.3477","2.4168","19"
"571382","Anti-Falten Serum Blauer Enzian & Edelweiß","Weleda","Diverse","Naturkosmetik (BNN)","30ml","19.2137","2.8405","19"
"571383","Glättende Tagespflege - Wildrose & Weißer Tee","Weleda","Diverse","Naturkosmetik (BNN)","40ml","12.2608","1.8126","19"
"571384","Glättende Nachtpflege - Wildrose & Weißer Tee","Weleda","Diverse","Naturkosmetik (BNN)","40ml","12.9805","1.919","19"
"571385","Glättende Augenpflege - Wildrose & Weißer Tee","Weleda","Diverse","Naturkosmetik (BNN)","12ml","10.7957","1.596","19"
"571386","Akut Hornhaut-Balsam Nr.84","Bioturm","Diverse","S#","30ml","6.9658","1.0298","19"
"571387","Repair Fußcreme Nr.83","Bioturm","Diverse","S#","100ml","7.557","1.1172","19"
"571388","Fußbad Nr.81","Bioturm","Diverse","S#","150ml","6.4003","0.9462","19"
"571389","Reinigungsschaum Nr.125","Bioturm","Diverse","Naturkosmetik (BNN)","150ml","7.6983","1.1381","19"
"571390","Intensiv Kur Skin Repair-Wildrose&Weißer Tee 7St.","Weleda","Diverse","Naturkosmetik (BNN)","5,6ML","11.0913","1.6397","19"
"571391","Cold Cream Gesichtscreme","Weleda","Diverse","Naturkosmetik (BNN)","30ml","7.5698","1.1191","19"
"571392","Fußpeeling Nr.82","Bioturm","Diverse","S#","100ml","6.4003","0.9462","19"
"571393","After Color Conditioner - Color Finish","Khadi","Indien","Naturkosmetik (BNN)","150ml","10.4615","1.5466","19"
"571394","Katze Hofleckerei Hering - Feine Häppchen soft","DEFU","Diverse","1","6x80g","31.7701","4.6968","7"
"571396","Katze Hofleckerei Rind - Feine Häppchen soft","DEFU","Diverse","100% Biozutaten","6x80g","31.7701","4.6968","7"
"571397","Hundefutter Ente sensitiv getreidefrei - Dose","DEFU","Diverse","100% Biozutaten","12x410g","45.0334","6.6576","7"
"571398","Hundefutter Schwein sensitiv getreidefrei - Dose","DEFU","Diverse","100% Biozutaten","12x410g","45.0334","6.6576","7"
"571403","Goldeimer Toilettenpapier 3-lagig","Memo","Diverse","Naturkosmetik (BNN)","7X8RO","31.8473","4.7082","19"
"571412","MEMO Toilettenpapier SkateAid Kartonage 3-lagig","Memo","Diverse","nicht per Bio-VO geregelt","7X8RO","19.972","2.9526","19"
"571412","MEMO Toilettenpapier SkateAid Kartonage 3-lagig","Memo","Diverse","nicht per Bio-VO geregelt","7X8RO","19.972","2.9526","19"
"571413","Universal-Waschmittel-Konzentrat Hibiskus-Jasmin","Ecover","Diverse","konventionell","6x750ml","45.1105","6.669","19"
"571414","Waschpulverkonzentrat universal","Ecover","Diverse","konventionell","5X1,35KG","37.7849","5.586","19"
"571415","Waschpulverkonzentrat color","Ecover","Diverse","konventionell","5X1,35KG","37.7849","5.586","19"
"571416","Seifenschale FLORAL weiß/grün/orange aus Steingut","Memo","Spanien","nicht per Bio-VO geregelt","Stück","7.6341","1.1286","19"
"571417","Seifenschale FLORAL weiß/türkis/gelb aus Steingut","Memo","Spanien","nicht per Bio-VO geregelt","Stück","7.6341","1.1286","19"
"571418","Seifenschale FLORAL weiß / rot aus Steingut","Memo","Spanien","nicht per Bio-VO geregelt","Stück","7.6341","1.1286","19"
"571423","Shampoo Hafer","Bioturm","Diverse","Naturkosmetik (BNN)","200ml","8.3281","1.2312","19"
"571424","Shampoo Sensitiv","Bioturm","Diverse","Naturkosmetik (BNN)","200ml","8.3152","1.2293","19"
"571425","Shampoo Lotuseffekt - trockenes Haar","Bioturm","Diverse","Naturkosmetik (BNN)","200ml","7.3128","1.0811","19"
"571425","Shampoo Lotuseffekt - trockenes Haar","Bioturm","Diverse","Naturkosmetik (BNN)","200ml","7.3128","1.0811","19"
"571426","vitamin c & Q10 Serum","SantaVerde","Diverse","Naturkosmetik (BNN)","30ml","22.8766","3.382","19"
"571428","Aroma Sauna Wärmekick","Primavera","Diverse","95%","100ml","12.7877","1.8905","19"
"571429","Aroma Sauna Zitrusfreude","Primavera","Diverse","95%","100ml","12.7877","1.8905","19"
"571430","Creamy Make-Up vanilla","Benecos","Diverse","Naturkosmetik (BNN)","Stück","4.6267","0.684","19"
"571431","Creamy Make-Up cream","Benecos","Diverse","Naturkosmetik (BNN)","Stück","4.6267","0.684","19"
"571435","Gefilzte Aufbewahrungs-Box Fluffy Bio-Cotton Ø25cm","Memo","Diverse","nicht per Bio-VO geregelt","Stück","24.0461","3.5549","19"
"571436","Flachmann SEPPL Fluffy Bio-Cotton","Memo","Diverse","nicht per Bio-VO geregelt","Stück","13.6874","2.0235","19"
"571436","Flachmann SEPPL Fluffy Bio-Cotton","Memo","Diverse","nicht per Bio-VO geregelt","Stück","13.6874","2.0235","19"
"571438","Kirschkernkissen MUCK Fluffy Bio-Cotton 26,5x26,5","Memo","Diverse","nicht per Bio-VO geregelt","Stück","30.8191","4.5562","19"
"571439","Haargel Coffein & Bambus mit Verbena-Citrus Duft","Ayluna","Portugal","Naturkosmetik (BNN)","100ml","7.377","1.0906","19"
"571440","Haarspray Coffein & Bambus mit Verbena-Citrus Duft","Ayluna","Portugal","Naturkosmetik (BNN)","150ml","7.9554","1.1761","19"
"571441","Schaumfestiger Coffein&Bambus m.Verbena-Citr.Duft","Ayluna","Portugal","Naturkosmetik (BNN)","150ml","7.9554","1.1761","19"
"571442","Pflege Sprühkur Coffein&Bambus m.Verbena-Citr.Duft","Ayluna","Portugal","Naturkosmetik (BNN)","150ml","7.377","1.0906","19"
"571443","Rosmarin Vitalizing Shampoo","Weleda","Diverse","Naturkosmetik (BNN)","250ml","5.9762","0.8835","19"
"571444","Rosmarin Vitalizing Conditioner","Weleda","Diverse","Naturkosmetik (BNN)","150ml","5.9762","0.8835","19"
"571445","Calendula Wundschutzcreme - parfümfrei","Weleda","Diverse","Naturkosmetik (BNN)","75ml","6.426","0.95","19"
"571446","Kids-Zahngel mit Fluorid","Weleda","Diverse","Naturkosmetik (BNN)","50ml","4.0998","0.6061","19"
"571447","Junior-Zahngel mit Fluorid","Weleda","Diverse","Naturkosmetik (BNN)","50ml","4.0998","0.6061","19"
"571448","Leichte Beine Frische - Gel","Weleda","Diverse","Naturkosmetik (BNN)","200ml","11.0656","1.6359","19"
"571450","Geschenkset Sport - Arnika","Weleda","Diverse","Naturkosmetik (BNN)","Set","11.9781","1.7708","19"
"571451","Geschenkset Men","Weleda","Diverse","Naturkosmetik (BNN)","Set","14.4585","2.1375","19"
"571457","Mistelform 2-Phasen Gesichtsöl Melisse-Zirbelkief.","Sonett","Diverse","Naturkosmetik (BNN)","50ml","9.5362","1.4098","19"
"571458","Mistelform 2-Phasen Gesichtsöl Rose - Lavendel","Sonett","Diverse","Naturkosmetik (BNN)","50ml","9.5362","1.4098","19"
"571459","Mistelform 2-Phasen Gesichtsöl Sensitiv","Sonett","Diverse","Naturkosmetik (BNN)","50ml","9.5362","1.4098","19"
"571460","Raumduft Yogaduft DEMETER m.Bambusstäbchen","Baldini","Deutschland","28","50ml","9.292","1.3737","19"
"571461","Raumduft Feelkraft DEMETER m.Bambusstäbchen","Baldini","Diverse","Demeter (Deutschland)","50ml","9.292","1.3737","19"
"571462","Raumduft Feelmeer DEMETER m.Bambusstäbchen","Baldini","Diverse","Demeter (Deutschland)","50ml","9.292","1.3737","19"
"571463","Raumduft Feelruhe DEMETER m.Bambusstäbchen","Baldini","Diverse","Demeter (Deutschland)","50ml","9.292","1.3737","19"
"571465","Raumduft Feelfreude DEMETER m.Bambusstäbchen","Baldini","Diverse","Demeter (Deutschland)","50ml","9.292","1.3737","19"
"571466","Raumduft Dankeschön DEMETER m.Bambusstäbchen","Baldini","Diverse","Demeter (Deutschland)","50ml","9.292","1.3737","19"
"571467","Raumduft Engelduft DEMETER m.Bambusstäbchen","Baldini","Diverse","Demeter (Deutschland)","50ml","9.292","1.3737","19"
"571468","Engelduft - DEMETER Aura & Bodyspray","Baldini","Diverse","Demeter (Deutschland)","30ml","6.4003","0.9462","19"
"571470","Duftset Engelduft 10ml mit Holzengel","Baldini","Diverse","nicht per Bio-VO geregelt","Set","7.8526","1.1609","19"
"571473","Straffende Tagescreme","Cattier","Diverse","Naturkosmetik (BNN)","30ml","10.6415","1.5732","19"
"571474","Straffende Nachtcreme","Cattier","Diverse","Naturkosmetik (BNN)","30ml","12.068","1.7841","19"
"571477","Feuchtigkeits - Nachtcreme","Cattier","Diverse","Naturkosmetik (BNN)","30ml","10.6415","1.5732","19"
"571479","Body Butter Rose Love - Holy Body","Khadi","Indien","Naturkosmetik (BNN)","250ml","19.8692","2.9374","19"
"571479","Body Butter Rose Love - Holy Body","Khadi","Indien","Naturkosmetik (BNN)","250ml","19.8692","2.9374","19"
"571481","Body Butter Pink Lotus - Holy Body","Khadi","Indien","Naturkosmetik (BNN)","250ml","19.8692","2.9374","19"
"571481","Body Butter Pink Lotus - Holy Body","Khadi","Indien","Naturkosmetik (BNN)","250ml","19.8692","2.9374","19"
"571486","Hundefutter Truthahn sensitiv- Dose","DEFU","Diverse","100% Biozutaten","12x400g","41.332","6.1104","7"
"571487","Hundefutter Truthahn sensitiv - Dose","DEFU","Diverse","100% Biozutaten","6x800g","31.9244","4.7196","7"
"571488","PUR Entenflügel","DEFU","Diverse","EG-Bio","6x200g","78.1916","11.5596","7"
"571489","PUR Putenmägen","DEFU","Diverse","EG-Bio","6x200g","93.9224","13.8852","7"
"571491","Katzenfutter Truthahn sensitiv - Dose","DEFU","Diverse","100% Biozutaten","12x400g","41.332","6.1104","7"
"571492","Katzenfutter Truthahn sensitiv - Dose","DEFU","Diverse","100% Biozutaten","12x200g","29.4568","4.3548","7"
"571494","Multi-Stick be peachy","Benecos","Diverse","Naturkosmetik (BNN)","Stück","4.7167","0.6973","19"
"571495","Multi-Stick be rosey","Benecos","Diverse","Naturkosmetik (BNN)","Stück","4.7167","0.6973","19"
"571496","Multi-Stick be pinky","Benecos","Diverse","Naturkosmetik (BNN)","Stück","4.7167","0.6973","19"
"571499","Arnika-Pflegeöl","Primavera","Diverse","Naturkosmetik (BNN)","50ml","11.3612","1.6796","19"
"571502","Aprikosenkern-Pflegeöl","Primavera","Diverse","Naturkosmetik (BNN)","100ml","12.8006","1.8924","19"
"571503","Argan-Pflegeöl","Primavera","Diverse","Naturkosmetik (BNN)","30ml","10.6415","1.5732","19"
"571504","Avocado-Pflegeöl","Primavera","Diverse","Naturkosmetik (BNN)","100ml","13.4946","1.995","19"
"571505","Calendula-Pflegeöl","Primavera","Diverse","Naturkosmetik (BNN)","100ml","11.3483","1.6777","19"
"571506","Granatapfel-Pflegeöl","Primavera","Diverse","Naturkosmetik (BNN)","30ml","22.7866","3.3687","19"
"571508","Johanniskraut-Pflegeöl","Primavera","Diverse","Naturkosmetik (BNN)","100ml","12.068","1.7841","19"
"571509","Johanniskraut-Pflegeöl","Primavera","Diverse","Naturkosmetik (BNN)","50ml","7.7883","1.1514","19"
"571510","Jojoba-Pflegeöl","Primavera","Diverse","Naturkosmetik (BNN)","100ml","13.4946","1.995","19"
"571511","Jojoba-Pflegeöl","Primavera","Diverse","Naturkosmetik (BNN)","50ml","7.7755","1.1495","19"
"571512","Mandel-Pflegeöl","Primavera","Diverse","Naturkosmetik (BNN)","100ml","11.3483","1.6777","19"
"571513","Mandel-Pflegeöl","Primavera","Diverse","Naturkosmetik (BNN)","50ml","7.0686","1.045","19"
"571514","Nachtkerzen-Pflegeöl","Primavera","Diverse","Naturkosmetik (BNN)","30ml","10.6029","1.5675","19"
"571515","Sanddornfrucht-Pflegeöl","Primavera","Deutschland","Naturkosmetik (BNN)","30ml","22.7737","3.3668","19"
"571516","Schwarzkümmel-Pflegeöl","Primavera","Diverse","Naturkosmetik (BNN)","50ml","7.7755","1.1495","19"
"571517","Sesam-Pflegeöl","Primavera","Diverse","Naturkosmetik (BNN)","100ml","7.7755","1.1495","19"
"571518","Sheabutter roh","Primavera","Diverse","Naturkosmetik (BNN)","45ml","14.9212","2.2059","19"
"571519","Weizenkeim-Pflegeöl","Primavera","Deutschland","Naturkosmetik (BNN)","50ml","7.7755","1.1495","19"
"571520","Wildrosen-Pflegeöl","Primavera","Diverse","Naturkosmetik (BNN)","30ml","12.7749","1.8886","19"
"571521","Rosenblütenwasser","Primavera","Türkei","Naturkosmetik (BNN)","100ml","9.9217","1.4668","19"
"571522","Hamameliswasser","Primavera","Frankreich","Naturkosmetik (BNN)","100ml","8.4952","1.2559","19"
"571523","Immortellenwasser","Primavera","Frankreich","Naturkosmetik (BNN)","100ml","8.4052","1.2426","19"
"571524","Lavendelwasser","Primavera","Frankreich","Naturkosmetik (BNN)","100ml","8.4952","1.2559","19"
"571525","Orangenblütenwasser","Primavera","Ägypten","Naturkosmetik (BNN)","100ml","8.4952","1.2559","19"
"571526","Pfefferminzwasser","Primavera","Diverse","Naturkosmetik (BNN)","100ml","8.4952","1.2559","19"
"571527","SOS Spray","Primavera","Diverse","Naturkosmetik (BNN)","30ml","6.3489","0.9386","19"
"571528","Zirbelkiefer Zeder Wasser","Primavera","Diverse","Naturkosmetik (BNN)","100ml","8.4952","1.2559","19"
"571529","Aroma Ventilator Flower","Primavera","Volksrepublik China","nicht per Bio-VO geregelt","Stück","41.3449","6.1123","19"
"571531","Sonnenlotion Sensitiv LSF 30 - wasserfest","Lavera","Diverse","Naturkosmetik (BNN)","100ml","9.1892","1.3585","19"
"571532","Sonnenlotion Kids Sensitiv LSF 50 - parfümfrei","Lavera","Diverse","Naturkosmetik (BNN)","100ml","10.8599","1.6055","19"
"571533","Sonnenfluid Sensitiv LSF 50","Lavera","Diverse","Naturkosmetik (BNN)","100ml","7.5184","1.1115","19"
"571534","Selbstbräuner Lotion für den Körper","Lavera","Diverse","Naturkosmetik (BNN)","125ml","7.5184","1.1115","19"
"571535","After Sun Lotion","Lavera","Diverse","Naturkosmetik (BNN)","200ml","6.683","0.988","19"
"571539","Shampoo Fragrance Free - bei empfindlicher Haut","Urtekram","Diverse","Naturkosmetik (BNN)","500ml","7.9811","1.1799","19"
"571540","Stearin-Stabkerzen pastell altrosa","Kerzenfarm Hahn","Deutschland","","4Stück","3.8427","0.5681","19"
"571541","Stearin-Stabkerzen mint","Kerzenfarm Hahn","Deutschland","","4Stück","3.8427","0.5681","19"
"571542","Stearin-Stabkerzen eisblau","Kerzenfarm Hahn","Deutschland","","4Stück","3.8427","0.5681","19"
"571543","Stearin-Stabkerzen taupe","Kerzenfarm Hahn","Deutschland","","4Stück","3.8427","0.5681","19"
"571546","Duftkerze im Trendglas - Vanille / Lavendel","Kerzenfarm Hahn","Deutschland","","6Stück","36.7053","5.4264","19"
"571547","Duftkerze im Trendglas - Orange","Kerzenfarm Hahn","Deutschland","","6Stück","36.7053","5.4264","19"
"571548","Duftkerze im Trendglas - Zitronengras","Kerzenfarm Hahn","Deutschland","","6Stück","36.7053","5.4264","19"
"571549","Räucherstäbchen Feng Shui HOLZ - Sandelholz 20St.","Aromandise","Indien","nicht per Bio-VO geregelt","Pack","3.2387","0.4788","19"
"571550","Räucherstäbchen Feng Shui FEUER - Weihrauch 20St.","Aromandise","Indien","nicht per Bio-VO geregelt","Pack","3.2387","0.4788","19"
"571551","Räucherstäbchen Feng Shui ERDE - Rose 20St.","Aromandise","Indien","nicht per Bio-VO geregelt","Pack","3.2387","0.4788","19"
"571552","Räucherstäbchen Feng Shui METALL - Patchouli 20St.","Aromandise","Indien","nicht per Bio-VO geregelt","Pack","3.2387","0.4788","19"
"571553","Räucherstäbchen Feng Shui WASSER - Jasmin 20St.","Aromandise","Indien","nicht per Bio-VO geregelt","Pack","3.2387","0.4788","19"
"571554","DISPLAY Räucherstäbchen Feng Shui - leer","Aromandise","Diverse","nicht per Bio-VO geregelt","Display","0","0","19"
"571555","Räucherstäbchenhalter Feng Shui","Aromandise","Indien","nicht per Bio-VO geregelt","Stück","5.4492","0.8056","19"
"571556","Räucherharz Benzoe aus Laos","Aromandise","LAO","nicht per Bio-VO geregelt","20g","2.8146","0.4161","19"
"571557","Räucherharz Storax aus der Türkei","Aromandise","Türkei","nicht per Bio-VO geregelt","20g","2.8146","0.4161","19"
"571558","Räucherharz Copal","Aromandise","Diverse","nicht per Bio-VO geregelt","30g","2.8146","0.4161","19"
"571559","Räucherharz Myrrhe aus Somalia","Aromandise","Somalia","nicht per Bio-VO geregelt","40g","2.8146","0.4161","19"
"571560","Räucherharz Weihrauch aus Somalia","Aromandise","Somalia","nicht per Bio-VO geregelt","50g","2.8146","0.4161","19"
"571561","Räucherharz Pontifikal-Weihrauch","Aromandise","Diverse","nicht per Bio-VO geregelt","25g","2.8146","0.4161","19"
"571563","Räucherstäbchenhalter Holzgondel","Aromandise","Indien","nicht per Bio-VO geregelt","Stück","2.4676","0.3648","19"
"571564","Räuchergefäß ZEN Stein - schwarz","Aromandise","Indien","nicht per Bio-VO geregelt","Stück","4.8581","0.7182","19"
"571565","Räuchergefäß SETO Stein - schwarz","Aromandise","Indien","nicht per Bio-VO geregelt","Stück","8.3281","1.2312","19"
"571567","Räucherkohle - 10 Tabs","Aromandise","Indien","nicht per Bio-VO geregelt","Rolle","1.7736","0.2622","19"
"571568","Berg Rauch-Brunnen und Räucherstäbchen-Halter","Aromandise","Indien","nicht per Bio-VO geregelt","Stück","7.6469","1.1305","19"
"571570","Weißer Sand für Räuchergefäße","Aromandise","Frankreich","nicht per Bio-VO geregelt","100g","2.3776","0.3515","19"
"571571","Räuchergefäß Herbosense weiß mit bunten Motiven","Aromandise","Indien","nicht per Bio-VO geregelt","Stück","5.1279","0.7581","19"
"571572","Räucherstäbchen Blumenwald 40St. mit Halter","Aromandise","Japan","nicht per Bio-VO geregelt","Pack","6.2461","0.9234","19"
"571573","Räucherstäbchen Parfümliebender Prinz 40St. m.H.","Aromandise","Japan","nicht per Bio-VO geregelt","Pack","6.2461","0.9234","19"
"571574","Räucherstäbchen Mondlicht 40St. mit Halter","Aromandise","Japan","nicht per Bio-VO geregelt","Pack","6.2461","0.9234","19"
"571575","Räucherstäbchen Rubin 40St.m.H. ohne Rauch","Aromandise","Japan","nicht per Bio-VO geregelt","Pack","6.2461","0.9234","19"
"571576","Räucherstäbchen Perle 40St. m.H. ohne Rauch","Aromandise","Japan","nicht per Bio-VO geregelt","Pack","6.2461","0.9234","19"
"571577","Räucherstäbchen Heiliger Sandelholzbaum 40St. m.H.","Aromandise","Japan","nicht per Bio-VO geregelt","Pack","6.2461","0.9234","19"
"571579","Räucherharz Drei Könige","Aromandise","Diverse","nicht per Bio-VO geregelt","40g","2.8146","0.4161","19"
"571580","Räucherkegel Invers für Rauch-Brunnen Benzoe","Aromandise","Diverse","nicht per Bio-VO geregelt","Pack","2.9817","0.4408","19"
"571581","Räucherkegel Invers für Rauch-Brunnen Sandelholz","Aromandise","Diverse","nicht per Bio-VO geregelt","Pack","2.9817","0.4408","19"
"571582","Räucherkegel Invers für Rauch-Brunnen Patchouli","Aromandise","Diverse","nicht per Bio-VO geregelt","Pack","2.9817","0.4408","19"
"571583","Duftlampe für Harze, Öle und Düfte","Aromandise","Indien","nicht per Bio-VO geregelt","Stück","11.8495","1.7518","19"
"571584","Nepalesische Kordel Sandelholz - ca.42St.","Aromandise","Diverse","nicht per Bio-VO geregelt","Pack","3.1616","0.4674","19"
"571585","Nepalesische Kordel Zeder - ca.42St.","Aromandise","Diverse","nicht per Bio-VO geregelt","Pack","3.1616","0.4674","19"
"571586","Nepalesische Kordel Patchouli - ca.42St.","Aromandise","Diverse","nicht per Bio-VO geregelt","Pack","3.1616","0.4674","19"
"571587","Halter für Nepalesische Kordel","Aromandise","Indien","nicht per Bio-VO geregelt","Stück","5.6292","0.8322","19"
"571588","Räucherstäbchenteller Aquarelle","Aromandise","Indien","nicht per Bio-VO geregelt","Stück","4.4853","0.6631","19"
"571590","RAINBOW aloecare Aloe Vera Gel","Rainbow","Diverse","Naturkosmetik (BNN)","100ml","5.1665","0.7638","19"
"571591","RAINBOW aloecare Aloe Vera Cleansing Gel","Rainbow","Diverse","Naturkosmetik (BNN)","100ml","5.1665","0.7638","19"
"571592","RAINBOW aloecare Aloe Vera Handcreme","Rainbow","Diverse","Naturkosmetik (BNN)","100ml","5.1665","0.7638","19"
"571593","RAINBOW aloecare Aloe Vera Spray","Rainbow","Diverse","Naturkosmetik (BNN)","100ml","6.3746","0.9424","19"
"571594","RAINBOW aloecare Aloe Vera 24h Creme","Rainbow","Diverse","Naturkosmetik (BNN)","50ml","6.3746","0.9424","19"
"571595","RAINBOW aloecare Aloe Vera Hyaluron Serum","Rainbow","Diverse","Naturkosmetik (BNN)","50ml","6.3746","0.9424","19"
"571597","48h Hydration Creme-Gel","Weleda","Diverse","Naturkosmetik (BNN)","30ml","8.1996","1.2122","19"
"571598","Zahnbürste Classic medium - natur & atlantic ocean","Hydrophil","Diverse","nicht per Bio-VO geregelt","12Stück","22.9794","3.3972","19"
"571599","Zahnbürste Premium supersoft - natur& lilacwhisper","Hydrophil","Diverse","nicht per Bio-VO geregelt","12Stück","24.3674","3.6024","19"
"571600","Zahnbürste Premium soft - natur & carribean sea","Hydrophil","Diverse","nicht per Bio-VO geregelt","12Stück","24.3674","3.6024","19"
"571601","Zahnbürste Premium medium - natur& atlantic ocean","Hydrophil","Diverse","nicht per Bio-VO geregelt","12Stück","24.3674","3.6024","19"
"571602","Zahnbürste Professional soft-natur&atlantic ocean","Hydrophil","Diverse","nicht per Bio-VO geregelt","12Stück","28.6857","4.2408","19"
"571603","Zahnbürste Professional medium-natur&atlanticocean","Hydrophil","Diverse","nicht per Bio-VO geregelt","12Stück","28.6857","4.2408","19"
"571606","MEN Feuchtigkeitscreme sensitiv","Lavera","Diverse","Naturkosmetik (BNN)","50ml","6.6573","0.9842","19"
"571607","MEN Rasierschaum sensitiv","Lavera","Diverse","Naturkosmetik (BNN)","150ml","4.9866","0.7372","19"
"571608","MEN Aftershave-Balsam sensitiv","Lavera","Diverse","Naturkosmetik (BNN)","100ml","5.822","0.8607","19"
"571609","MEN Duschgel 3-in-1 sensitiv","Lavera","Diverse","Naturkosmetik (BNN)","200ml","2.9945","0.4427","19"
"571610","MEN Deo Roll-On 48h sensitiv","Lavera","Diverse","Naturkosmetik (BNN)","50ml","4.9866","0.7372","19"
"571611","MEN 2in1 Gesichtswaschgel","Lavera","Diverse","Naturkosmetik (BNN)","150ml","4.9866","0.7372","19"
"571613","Bleichmittel-Fleckensalz - Dose","Sodasan","Diverse","WP","6x450g","15.0368","2.223","19"
"571614","Kids Zahngel - Happy Berry","Logona","Diverse","Naturkosmetik (BNN)","75ml","2.1591","0.3192","19"
"571615","Kids Zahngel - Funny Orange","Logona","Diverse","Naturkosmetik (BNN)","75ml","2.1591","0.3192","19"
"571616","Junior Zahngel - Cool Mint","Logona","Diverse","Naturkosmetik (BNN)","75ml","2.1591","0.3192","19"
"571618","SKIN FOOD Shower Cream","Weleda","Diverse","Naturkosmetik (BNN)","200ml","6.3103","0.9329","19"
"571619","age protect radiant eye serum","SantaVerde","Diverse","Naturkosmetik (BNN)","10ml","29.4439","4.3529","19"
"571620","Iris Feuchtigkeitscreme","Weleda","Diverse","Naturkosmetik (BNN)","30ml","9.4591","1.3984","19"
"571621","Iris Nachtpflege","Weleda","Diverse","Naturkosmetik (BNN)","30ml","9.5362","1.4098","19"
"571622","Iris Tagespflege","Weleda","Diverse","Naturkosmetik (BNN)","30ml","8.7394","1.292","19"
"571623","Sensitiv Feuchtigkeitscreme Mandel - Leicht","Weleda","Diverse","Naturkosmetik (BNN)","30ml","10.3073","1.5238","19"
"571624","Sensitiv Feuchtigkeitscreme Mandel","Weleda","Diverse","Naturkosmetik (BNN)","30ml","10.3073","1.5238","19"
"571625","Sensitiv Reinigungsmilch Mandel","Weleda","Diverse","Naturkosmetik (BNN)","75ml","7.3128","1.0811","19"
"571627","Sensitiv Multi-Effekt Gesichtsöl Mandel","Weleda","Diverse","Naturkosmetik (BNN)","50ml","11.117","1.6435","19"
"571630","Buddhaduft - DEMETER Aura & Bodyspray","Baldini","Diverse","Demeter (Deutschland)","30ml","6.4003","0.9462","19"
"571631","Für mich - DEMETER Aura & Bodyspray","Baldini","Diverse","Demeter (Deutschland)","30ml","6.4003","0.9462","19"
"571632","Yogaduft - DEMETER Aura & Bodyspray","Baldini","Diverse","Demeter (Deutschland)","30ml","6.4003","0.9462","19"
"571635","Feuchtigkeits-Serum mit Pipette DEMETER - Lavendel","Baldini","Diverse","Demeter (Deutschland)","30ml","9.6776","1.4307","19"
"571636","24h-Feuchtigkeitscreme DEMETER - Lavendel","Baldini","Diverse","Demeter (Deutschland)","50ml","7.4285","1.0982","19"
"571637","Reichhaltige Nachtcreme DEMETER - Lavendel","Baldini","Diverse","Demeter (Deutschland)","50ml","11.1812","1.653","19"
"571638","Reichhaltige Tagescreme DEMETER - Lavendel","Baldini","Diverse","Demeter (Deutschland)","50ml","9.6776","1.4307","19"
"571639","Waschgel DEMETER - Lavendel","Baldini","Diverse","Demeter (Deutschland)","75ml","4.4211","0.6536","19"
"571640","Vernebler TaoCandle mit Duftmischung Feelruhe","Baldini","Diverse","nicht per Bio-VO geregelt","Stück","31.9244","4.7196","19"
"571641","Mottlock Kleidermottenbox-Klebefalle JubiEd. 2-er","Aries","Diverse","konventionell","6Stück","52.5904","7.7748","19"
"571642","Deep Cleansing Gel","Weleda","Diverse","nicht per Bio-VO geregelt","150ml","10.8085","1.5979","19"
"571643","Cleansing Oil - Make Up Removal - parfümfrei","Weleda","Diverse","nicht per Bio-VO geregelt","150ml","11.5797","1.7119","19"
"571644","Refining Hydra Toner - Feuchtigkeit & Glow","Weleda","Diverse","Naturkosmetik (BNN)","150ml","9.2534","1.368","19"
"571645","Kennenlernset Aroma Sauna Harmonie & Erdung","Primavera","Diverse","Naturkosmetik (BNN)","Set","9.9217","1.4668","19"
"571646","Skin Food Cleansing Balm & Maske 2in1","Weleda","Diverse","nicht per Bio-VO geregelt","75ml","9.5105","1.406","19"
"571647","Skin Food Dry Oil ultra light für Körper & Gesicht","Weleda","Diverse","Naturkosmetik (BNN)","100ml","10.5643","1.5618","19"
"571649","Arnika-Salbe 10%","Weleda","Diverse","S#","70g","8.6365","1.2768","19"
"571651","Anti-Falten Maske Basis Sensitive Q10","Lavera","Diverse","Naturkosmetik (BNN)","2x5ml","1.6965","0.2508","19"
"571652","Hydro Shine Shampoo - Feuchtigkeit","Weleda","Diverse","Naturkosmetik (BNN)","250ml","5.9762","0.8835","19"
"571653","Hydro Shine Conditioner- Feuchtigkeit","Weleda","Diverse","Naturkosmetik (BNN)","150ml","5.9762","0.8835","19"
"571654","Lippenbalsam SENSITIV basis sensitiv","Lavera","Diverse","Naturkosmetik (BNN)","4,5g","1.6065","0.2375","19"
"571655","Hydro Shine Gloss Drops Haaröl","Weleda","Diverse","Naturkosmetik (BNN)","30ml","7.9682","1.178","19"
"571656","Lippenbalsam Repair","Lavera","Diverse","Naturkosmetik (BNN)","4,5g","2.5447","0.3762","19"
"571657","Plumping Lip Balm","Lavera","Diverse","Naturkosmetik (BNN)","8ml","3.4443","0.5092","19"
"571659","Spülmaschinen-Tabs All-in-One Zitrone 22St","Ecover","Diverse","konventionell","12x420g","75.8782","11.2176","19"
"571660","ESSENTIALS Hand-Spülmittel Lemon","Ecover Essential","Diverse","WP","5l","19.2651","2.8481","19"
"571661","Handcreme Blumenwiese","Bioturm","Diverse","Naturkosmetik (BNN)","75ml","3.907","0.5776","19"
"571662","Paraffin-Stabkerzen weiß","Kerzenfarm Hahn","Diverse","","25Stück","12.2094","1.805","19"
"571663","Paraffin-Stabkerzen elfenbein","Kerzenfarm Hahn","Diverse","","25Stück","12.2094","1.805","19"
"571664","Paraffin-Stabkerzen rot","Kerzenfarm Hahn","Diverse","","25Stück","12.2094","1.805","19"
"571665","Paraffin-Stabkerzen gelb","Kerzenfarm Hahn","Diverse","","25Stück","12.2094","1.805","19"
"571666","Paraffin-Stabkerzen fuchsia","Kerzenfarm Hahn","Diverse","","25Stück","12.2094","1.805","19"
"571667","Paraffin-Stabkerzen hellblau","Kerzenfarm Hahn","Diverse","","25Stück","12.2094","1.805","19"
"571668","Paraffin-Stabkerzen apfelgrün","Kerzenfarm Hahn","Diverse","","25Stück","12.2094","1.805","19"
"571669","Raumspray Polarzauber","Baldini","Diverse","nicht per Bio-VO geregelt","50ml","7.1329","1.0545","19"
"571670","Duftmischung Polarzauber","Baldini","Diverse","Naturkosmetik (BNN)","5ml","6.4131","0.9481","19"
"571671","Duftset Polarzauber","Baldini","Diverse","Naturkosmetik (BNN)","Set","7.1329","1.0545","19"
"571672","Raumspray Winterzeit DEMETER","Baldini","Diverse","Demeter (Deutschland)","50ml","6.9915","1.0336","19"
"571676","SUN Sonnencreme LSF50 high - Ideal auch für Kids","Speick","Diverse","Naturkosmetik (BNN)","60ml","13.1604","1.9456","19"
"571677","SUN Sonnenmilch LSF30 high - Ideal auch für Kids","Speick","Diverse","Naturkosmetik (BNN)","150ml","19.4708","2.8785","19"
"571678","SUN Sonnencreme LSF30 high - Ideal auch für Kids","Speick","Diverse","Naturkosmetik (BNN)","60ml","11.1298","1.6454","19"
"571681","Haarspülung Lotuseffekt - trockenes Haar","Bioturm","Diverse","Naturkosmetik (BNN)","150ml","7.0557","1.0431","19"
"571681","Haarspülung Lotuseffekt - trockenes Haar","Bioturm","Diverse","Naturkosmetik (BNN)","150ml","7.0557","1.0431","19"
"571682","Aufbaukur Lotuseffekt - trockenes Haar","Bioturm","Diverse","Naturkosmetik (BNN)","150ml","7.3128","1.0811","19"
"571682","Aufbaukur Lotuseffekt - trockenes Haar","Bioturm","Diverse","Naturkosmetik (BNN)","150ml","7.3128","1.0811","19"
"571683","Raumspray Lebensfreude","Primavera","Diverse","nicht per Bio-VO geregelt","50ml","10.6415","1.5732","19"
"571684","Duftmischung Lebensfreude","Primavera","Diverse","nicht per Bio-VO geregelt","5ml","7.0686","1.045","19"
"571687","Duftstein Ornament","Primavera","Slowakei","nicht per Bio-VO geregelt","Stück","4.9223","0.7277","19"
"571688","Duftstein Energy","Primavera","Slowakei","nicht per Bio-VO geregelt","Stück","7.7883","1.1514","19"
"571690","Geschirrtuch aus Bio-Baumwolle+gratis Schwammtuch","Memo","Diverse","nicht per Bio-VO geregelt","Stück","4.0612","0.6004","19"
"571691","Wäschenetz aus Bio-Baumwolle Fairtrade - 2 Stück","Memo","Diverse","nicht per Bio-VO geregelt","Stück","4.4853","0.6631","19"
"571692","SUN After Sun Face Serum","Speick","Diverse","Naturkosmetik (BNN)","30ml","12.4921","1.8468","19"
"571711","Seife MIXED SENSES-Oriental Scent exotisch&würzig","Speick","Diverse","Naturkosmetik (BNN)","100g","1.7479","0.2584","19"
"571712","Seife MIXED SENSES - Pure Mind frisch & blumig","Speick","Diverse","Naturkosmetik (BNN)","100g","1.7479","0.2584","19"
"571713","Seife MIXED SENSES-Ocean Sound belebend & frisch","Speick","Diverse","Naturkosmetik (BNN)","100g","1.7479","0.2584","19"
"571714","Seife MIXED SENSES - Taste of Summer vitalisierend","Speick","Diverse","Naturkosmetik (BNN)","100g","1.7479","0.2584","19"
"571715","Seife MIXED SENSES - Warm Embrace blumig & süß","Speick","Diverse","Naturkosmetik (BNN)","100g","1.7479","0.2584","19"
"571717","Arnika Kühlgel","Weleda","Diverse","Naturkosmetik (BNN)","100ml","8.5337","1.2616","19"
"571718","Arnika Sport Massage Body Butter","Weleda","Diverse","Naturkosmetik (BNN)","150ml","14.7155","2.1755","19"
"571719","Extra Rich Omega Serum Drops","Weleda","Diverse","Naturkosmetik (BNN)","30ml","7.3128","1.0811","19"
"571720","Hyaluronic Moisture Serum Drops","Weleda","Diverse","Naturkosmetik (BNN)","30ml","7.3128","1.0811","19"
"571721","Slow Aging Astaxanthin Serum Drops","Weleda","Diverse","Naturkosmetik (BNN)","30ml","7.3128","1.0811","19"
"571722","Glow Perfecting Serum Drops","Weleda","Diverse","Naturkosmetik (BNN)","30ml","7.3128","1.0811","19"
"571723","Sunkissed Bronzing Drops","Weleda","Diverse","Naturkosmetik (BNN)","30ml","7.3128","1.0811","19"
"571724","Pore Refining Vitamin Serum Drops","Weleda","Diverse","Naturkosmetik (BNN)","30ml","7.3128","1.0811","19"
"571730","Super Cuty To Go - Mini Geschenkset Granatapfel","Weleda","Diverse","Naturkosmetik (BNN)","Set","3.3672","0.4978","19"
"571735","Barrier Balance 2-Phasen Mizellenwasser","Lavera","Diverse","Naturkosmetik (BNN)","400ml","7.0043","1.0355","19"
"571736","Barrier Balance Tagespflege","Lavera","Diverse","Naturkosmetik (BNN)","50ml","7.377","1.0906","19"
"571737","Barrier Balance Nachtpflege","Lavera","Diverse","Naturkosmetik (BNN)","50ml","8.0454","1.1894","19"
"571738","Barrier Balance Serum","Lavera","Diverse","Naturkosmetik (BNN)","30ml","8.0454","1.1894","19"
"571739","Barrier Balance Augenpflege","Lavera","Diverse","Naturkosmetik (BNN)","15ml","7.9168","1.1704","19"
"571740","Barrier Balance Body Milk","Lavera","Diverse","Naturkosmetik (BNN)","200ml","5.4235","0.8018","19"
"571742","Hydrating Body Lotion Citrus","Weleda","Diverse","Naturkosmetik (BNN)","250ml","8.9064","1.3167","19"
"571743","Regenerierende Body Lotion Sanddorn","Weleda","Diverse","Naturkosmetik (BNN)","250ml","10.5515","1.5599","19"
"571744","Straffende Serum Bodylotion Maca-Peptide Granatapf","Weleda","Diverse","Naturkosmetik (BNN)","250ml","12.1708","1.7993","19"
"571745","Skin Food Body Lotion","Weleda","Diverse","Naturkosmetik (BNN)","250ml","10.5515","1.5599","19"
"571746","Glättende Body Lotion Wildrose","Weleda","Diverse","Naturkosmetik (BNN)","250ml","10.5515","1.5599","19"
"571747","Revitalizing Serum Bodylotion Blauer Enzian","Weleda","Diverse","Naturkosmetik (BNN)","250ml","12.1708","1.7993","19"
"571748","ESSENTIALS Hand-Spülmittel Zitrone","Ecover Essential","Diverse","WP","8x0,45l","16.759","2.4776","19"
"571749","aloe vera creme sleep & repair","SantaVerde","Diverse","Naturkosmetik (BNN)","30ml","22.6195","3.344","19"
"571751","DISPLAY Tag & Nacht","SantaVerde","Deutschland","Naturkosmetik (BNN)","Display","142.1174","21.0102","19"
"571752","Deo-Stick Fresh Citrus - Papertube","We love the Planete","Diverse","Naturkosmetik (BNN)","40g","4.601","0.6802","19"
"571753","Deo-Stick Sweet Rose - Papertube","We love the Planete","Diverse","Naturkosmetik (BNN)","40g","4.601","0.6802","19"
"571754","Deo-Stick Wild Lavender - Papertube","We love the Planete","Diverse","Naturkosmetik (BNN)","40g","4.601","0.6802","19"
"571755","Deo-Stick Chic Magnolia - Papertube","We love the Planete","Diverse","Naturkosmetik (BNN)","40g","4.601","0.6802","19"
"571756","Deo-Stick Zesty Lime vegan - Papertube","We love the Planete","Diverse","Naturkosmetik (BNN)","40g","4.9609","0.7334","19"
"571757","Deo-Stick Soft Almond sensitive - Papertube","We love the Planete","Diverse","Naturkosmetik (BNN)","40g","4.9609","0.7334","19"
"571758","Deocreme Fresh Citrus vegan","We love the Planete","Diverse","Naturkosmetik (BNN)","35g","4.601","0.6802","19"
"571759","Deocreme Sweet Rose vegan","We love the Planete","Diverse","Naturkosmetik (BNN)","35g","4.601","0.6802","19"
"571760","Deocreme Soft Almond sensitive vegan","We love the Planete","Diverse","Naturkosmetik (BNN)","35g","4.9609","0.7334","19"
"571761","Deocreme Zesty Lime vegan","We love the Planete","Diverse","Naturkosmetik (BNN)","35g","4.9609","0.7334","19"
"571762","Lipbalm Silky Coconut - Papertube","We love the Planete","Diverse","Naturkosmetik (BNN)","4,9g","3.5343","0.5225","19"
"571763","Lipbalm Lush Rasperry vegan - Papertube","We love the Planete","Diverse","Naturkosmetik (BNN)","4,9g","3.5343","0.5225","19"
"571764","Lipbalm Sweet Honey - Papertube","We love the Planete","Diverse","Naturkosmetik (BNN)","4,9g","3.5343","0.5225","19"
"571765","Glow by Nature Anti-UV Fluid LSF50 - leicht getönt","Lavera","Diverse","Naturkosmetik (BNN)","40ml","10.6415","1.5732","19"
"571767","Glow by Nature Liquid Luminizer Refiner - Peeling","Lavera","Diverse","Naturkosmetik (BNN)","100ml","7.2357","1.0697","19"
"571768","Starterpaket Rebranding Deo","We love the Planete","Diverse","Naturkosmetik (BNN)","Display","283.1553","41.8608","19"
"571769","Glow by Nature Liquid Vitamin C Boost - Serum","Lavera","Diverse","Naturkosmetik (BNN)","30ml","13.9187","2.0577","19"
"571770","Glow by Nature Liquid Vitamin C 3in1 Creme","Lavera","Diverse","Naturkosmetik (BNN)","50ml","11.7082","1.7309","19"
"571771","Glow by Nature Illuminating Eye Cream","Lavera","Diverse","Naturkosmetik (BNN)","15ml","10.3973","1.5371","19"
"571773","Geschenkset Awake & Refresh","Lavera","Diverse","Naturkosmetik (BNN)","Set","9.9732","1.4744","19"
"571774","Geschenkset Sunrise Glow","Lavera","Diverse","Naturkosmetik (BNN)","Set","9.2406","1.3661","19"
"571775","Geschenkset Get Your Glow","Lavera","Diverse","Naturkosmetik (BNN)","Set","31.7059","4.6873","19"
"571776","Body Lotion Glow By Nature","Lavera","Diverse","Naturkosmetik (BNN)","200ml","6.2846","0.9291","19"
"571780","Kondome BIG - Inhalt 7 Stück","Einhorn","MAL","nicht per Bio-VO geregelt","8Pack","45.7531","6.764","19"
"571781","Kondome CLASSICO - Inhalt 7 Stück","Einhorn","MAL","nicht per Bio-VO geregelt","8Pack","45.7531","6.764","19"
"571782","Kondome MAGIC hautnah & ultradünn - Inhalt 7 Stück","Einhorn","MAL","nicht per Bio-VO geregelt","8Pack","45.7531","6.764","19"
"571783","Immortelle - Strohblume","Primavera","Diverse","Naturkosmetik (BNN)","5ml","42.7843","6.3251","19"
"571796","Duftkerze im Keramikbecher - Orange","Kerzenfarm Hahn","Deutschland","","Stück","7.1843","1.0621","19"
"571797","Duftkerze im Keramikbecher - Eisenkraut Minze","Kerzenfarm Hahn","Deutschland","","Stück","7.1843","1.0621","19"
"571798","Stearin-Teelichte eisblau","Kerzenfarm Hahn","Deutschland","","10Stück","2.5575","0.3781","19"
"571799","Stearin-Teelichte mint","Kerzenfarm Hahn","Deutschland","","10Stück","2.5575","0.3781","19"
"571800","Decke 100% Organic Lambswool - grau - 130x200cm","Kauf","Diverse","","Stück","57.7055","8.531","19"
"571806","Miniduftset Zitrusgarten mit Holzblüte","Baldini","Diverse","Naturkosmetik (BNN)","Set","7.1329","1.0545","19"
"571807","Miniduftset Alles Liebe mit Holzherz","Baldini","Diverse","Naturkosmetik (BNN)","Set","7.1329","1.0545","19"
"571808","Kinder-Zahnbürste Sendung m.der Maus - 2er Pack","Hydrophil","Volksrepublik China","nicht per Bio-VO geregelt","Pack","1.9921","0.2945","19"
"571809","MEMO Backpapier-Zuschnitte ungebleicht 38x42cm 30","Memo","Diverse","nicht per Bio-VO geregelt","24Stück","45.9588","6.7944","19"
"571810","Repair Leave-in Spülung","Bioturm","Diverse","Naturkosmetik (BNN)","150ml","6.4003","0.9462","19"
"571811","Haaröl","Bioturm","Diverse","Naturkosmetik (BNN)","50ml","8.161","1.2065","19"
"571812","Hitzeschutzspray","Bioturm","Diverse","Naturkosmetik (BNN)","150ml","8.5851","1.2692","19"
"571813","Shampoo Tiefenreinigung","Bioturm","Diverse","Naturkosmetik (BNN)","200ml","6.2718","0.9272","19"
"571814","Trockenshampoo hell im Spender","Bioturm","Diverse","Naturkosmetik (BNN)","20g","6.8887","1.0184","19"
"571816","3-in1 Pflegelotion MED Baby Weiße Malve-parfümfrei","Weleda","Diverse","Naturkosmetik (BNN)","200ml","12.5693","1.8582","19"
"571817","Geschenkset Babypflege mit Wickelunterlage","Weleda","Diverse","Naturkosmetik (BNN)","Stück","22.9151","3.3877","19"
"571820","BIOCLEAN Waschmittel Lavendel","Bioclean","Diverse","WP","6x1l","20.8974","3.0894","19"
"571821","BIOCLEAN Spülmittel Lemongrass","Bioclean","Diverse","WP","6x500ml","9.4077","1.3908","19"
"571822","BIOCLEAN Badreiniger Bergminze","Bioclean","Diverse","WP","6x500ml","10.333","1.5276","19"
"571823","BIOCLEAN Allzweckreiniger Orange","Bioclean","Diverse","WP","6x500ml","9.4077","1.3908","19"
"571824","BIOCLEAN Glasreiniger","Bioclean","Diverse","WP","6x500ml","9.8703","1.4592","19"
"571825","BIOCLEAN Geschirr - Reiniger Tabs Sensitiv 25Stück","Bioclean","Diverse","WP","6x500g","23.2107","3.4314","19"
"571826","BIOCLEAN WC - Reiniger Bergminze","Bioclean","Diverse","WP","6x750ml","9.7932","1.4478","19"
"571828","ESSENTIALS Glas-Reiniger Minze","Ecover Essential","Diverse","WP","6x500ml","22.5167","3.3288","19"
"571829","AUROMÈRE Lippenpflege Akut-Lotion","spa vivent Vertriebs GmbH","Diverse","Naturkosmetik (BNN)","10ml","8.3281","1.2312","19"
"571830","Serum Pore Control","Sante","Diverse","Naturkosmetik (BNN)","30ml","11.9267","1.7632","19"
"571831","Kohlenzange","Aromandise","Indien","nicht per Bio-VO geregelt","Stück","2.2491","0.3325","19"
"571843","Pure Erfrischung Energiedusche Zitrone","Bioturm","Diverse","Naturkosmetik (BNN)","200ml","4.5625","0.6745","19"
"571844","Fruchtige Harmonie Vitaldusche Grapef.- Blutorange","Bioturm","Diverse","Naturkosmetik (BNN)","200ml","4.5625","0.6745","19"
"571845","Reine Liebe Balancedusche Granatapfel","Bioturm","Diverse","Naturkosmetik (BNN)","200ml","4.5625","0.6745","19"
"571846","Glückserlebnis Verwöhndusche Verbene-Limette","Bioturm","Diverse","Naturkosmetik (BNN)","200ml","4.5625","0.6745","19"
"571847","Sanfte Verführung Pflegedusche Vanille","Bioturm","Diverse","Naturkosmetik (BNN)","200ml","4.5625","0.6745","19"
"571848","Blüten Poesie Wohlfühldusche Rose","Bioturm","Diverse","Naturkosmetik (BNN)","200ml","4.5625","0.6745","19"
"571849","Seelenschmeichler Relaxdusche Lavendel","Bioturm","Diverse","Naturkosmetik (BNN)","200ml","4.5625","0.6745","19"
"571850","Waldsinfonie Naturkraftdusche Wacholder","Bioturm","Diverse","Naturkosmetik (BNN)","200ml","4.5625","0.6745","19"
"571852","Zarte Berührung Bodylotion Rose","Bioturm","Diverse","Naturkosmetik (BNN)","200ml","8.4695","1.2521","19"
"571853","Süßes Versprechen Bodylotion Vanille","Bioturm","Diverse","Naturkosmetik (BNN)","200ml","8.4695","1.2521","19"
"571854","Pure Lebenslust Bodylotion Granatapfel","Bioturm","Diverse","Naturkosmetik (BNN)","200ml","8.4695","1.2521","19"
"571855","Genuss Moment Bodylotion Grapefruit - Blutorange","Bioturm","Diverse","Naturkosmetik (BNN)","200ml","8.4695","1.2521","19"
"571856","Zitrus Kuss Bodylotion Zitrone","Bioturm","Diverse","Naturkosmetik (BNN)","200ml","8.4695","1.2521","19"
"571857","Nordic Berry Creamy Body Wash","Urtekram","Diverse","Naturkosmetik (BNN)","200ml","5.2051","0.7695","19"
"571858","Nordic Berry Nourishing Body Cream","Urtekram","Diverse","Naturkosmetik (BNN)","200ml","6.4903","0.9595","19"
"571859","Calendula Schlaf Gut Bad","Weleda","Diverse","Naturkosmetik (BNN)","200ml","7.3256","1.083","19"
"571860","Nordic Berry Spray Conditioner","Urtekram","Diverse","Naturkosmetik (BNN)","250ml","5.6292","0.8322","19"
"571861","Calendula Erkältungszeit Bad","Weleda","Diverse","Naturkosmetik (BNN)","75ml","5.3207","0.7866","19"
"571862","Calendula Gesichtscreme Parfümfrei","Weleda","Diverse","Naturkosmetik (BNN)","50ml","5.9119","0.874","19"
"571863","3in1 Wundschutzcreme MED Baby Weiße Malve","Weleda","Diverse","Naturkosmetik (BNN)","50ml","7.0172","1.0374","19"
"571864","3in1 Waschbalsam MED Weiße Malve","Weleda","Diverse","Naturkosmetik (BNN)","200ml","7.3256","1.083","19"
"571865","3in1 SOS Balsam MED Baby Weiße Malve","Weleda","Diverse","Naturkosmetik (BNN)","50ml","8.9321","1.3205","19"
"571867","Natural Lip Serum","Benecos","Diverse","Naturkosmetik (BNN)","4,8ml","3.9456","0.5833","19"
"571868","Natural Lip Plumper","Benecos","Diverse","Naturkosmetik (BNN)","4,8ml","3.9456","0.5833","19"
"571869","Lip Balm Hyaluron - Blister","Benecos","Diverse","Naturkosmetik (BNN)","4,7g","2.0178","0.2983","19"
"571870","Tinted Lip Balm mit LSF - soft bloom","Benecos","Diverse","Naturkosmetik (BNN)","4,7g","2.5704","0.38","19"
"571871","Tinted Lip Balm mit LSF - coral breeze","Benecos","Diverse","Naturkosmetik (BNN)","4,7g","2.5704","0.38","19"
"571872","Tinted Lip Balm mit LSF - berry bliss","Benecos","Diverse","Naturkosmetik (BNN)","4,7g","2.5704","0.38","19"
"571873","Mizellenwasser - Aloe Vera & Lavendel","Benecos","Diverse","Naturkosmetik (BNN)","150ml","2.0178","0.2983","19"
"571874","Reinigungsschaum - Aloe Vera & Lavendel","Benecos","Diverse","Naturkosmetik (BNN)","150ml","3.47","0.513","19"
"571876","Gesichtsserum Feuchtigkeit - HYDRIERER:IN","Benecos","Diverse","Naturkosmetik (BNN)","50ml","3.3672","0.4978","19"
"571877","Gesichtserum Prä- und Probiotik - BALANCIERER:IN","Benecos","Diverse","Naturkosmetik (BNN)","50ml","3.3672","0.4978","19"
"571878","Augencreme - BALANCIERER:IN","Benecos","Diverse","Naturkosmetik (BNN)","15ml","3.3672","0.4978","19"
"571880","Handcreme Aprikose - HANDLICH","Benecos","Diverse","Naturkosmetik (BNN)","100ml","2.1334","0.3154","19"
"571881","Handcreme Lavendel - HOCH DIE HÄNDE","Benecos","Diverse","Naturkosmetik (BNN)","100ml","2.1334","0.3154","19"
"571882","Handcreme Aprikose mini - HANDLICH","Benecos","Diverse","Naturkosmetik (BNN)","20ml","0.7197","0.1064","19"
"571883","Reine Sheabutter","Benecos","Diverse","Naturkosmetik (BNN)","100ml","5.7448","0.8493","19"
"571884","Körperbutter Macadamia","Benecos","Diverse","Naturkosmetik (BNN)","100ml","5.7448","0.8493","19"
"571889","Body Lotion Hydro Refresh","Lavera","Diverse","Naturkosmetik (BNN)","200ml","5.8991","0.8721","19"
"571892","Blütenseife Lavendel","Savon du Midi","Frankreich","Naturkosmetik (BNN)","9x100g","17.5815","2.5992","19"
"571893","Blütenseife Pfingstrose","Savon du Midi","Frankreich","Naturkosmetik (BNN)","9x100g","17.5815","2.5992","19"
"571894","Sonnenfluid Sensitiv LSF 50","Lavera","Diverse","Naturkosmetik (BNN)","40ml","7.5184","1.1115","19"
"571895","Duftmischung Alles Liebe","Primavera","Diverse","nicht per Bio-VO geregelt","5ml","7.0686","1.045","19"
"571897","Raumspray Alles Liebe","Primavera","Diverse","nicht per Bio-VO geregelt","50ml","10.6415","1.5732","19"
"571899","Zahnbürstenköpfe zum Wechseln - natur 4St","Yaweco","Diverse","nicht per Bio-VO geregelt","6Stück","24.3674","3.6024","19"
"571900","Zahncreme Myrrhe Total Care","Sante","Diverse","Naturkosmetik (BNN)","75ml","2.1334","0.3154","19"
"571901","Zahncreme Minze Total Care","Sante","Diverse","Naturkosmetik (BNN)","75ml","2.1334","0.3154","19"
"571902","Zahngel Vitamin B12 Sensitive Care ohne Fluorid","Sante","Diverse","Naturkosmetik (BNN)","75ml","3.2901","0.4864","19"
"571903","Zahncreme Vitamin B12 Sensitive Care mit Fluorid","Sante","Diverse","Naturkosmetik (BNN)","75ml","3.2901","0.4864","19"
"571905","Decke 100% Merinowool - ruby red - 130x200cm","Kauf","Diverse","","Stück","79.6824","11.78","19"
"571906","Decke 100% Merinowool - saffron - 130x200cm","Kauf","Diverse","","Stück","79.6824","11.78","19"
"571907","Decke 100% Merinowool - dusty green - 130x200cm","Kauf","Diverse","","Stück","79.6824","11.78","19"
"571908","Decke 100% Merinowool - taupe - 130x200cm","Kauf","Diverse","","Stück","79.6824","11.78","19"
"571909","Decke 100% Merinowool - pale lavender - 130x200cm","Kauf","Diverse","","Stück","79.6824","11.78","19"
"571910","Zahnpasta Zahnheld Mint","Zahnheld","Deutschland","Naturkosmetik (BNN)","75ml","2.9303","0.4332","19"
"571911","Zahnpasta Zahnheld Minerals","Zahnheld","Deutschland","Naturkosmetik (BNN)","75ml","3.6628","0.5415","19"
"571912","Mundspülung Mint","Zahnheld","Deutschland","Naturkosmetik (BNN)","400ml","6.5674","0.9709","19"
"571913","Rosenholz","Primavera","RM","Naturkosmetik (BNN)","5ml","14.2143","2.1014","19"
"571917","Aroma Duftstein Lava","Primavera","Volksrepublik China","nicht per Bio-VO geregelt","Stück","14.2143","2.1014","19"
"571918","Duftstein Anhänger Herz - weiß","Primavera","Slowakei","nicht per Bio-VO geregelt","15Stück","29.6881","4.389","19"
"571930","Schmusebad Beste Freunde","Lüttes Welt","Diverse","Naturkosmetik (BNN)","12x80g","20.5118","3.0324","19"
"571931","Badeschaumkissen Beste Freunde","Lüttes Welt","Diverse","Naturkosmetik (BNN)","12x50g","18.9696","2.8044","19"
"571932","Magische Badewasserfarbe Beste Freunde","Lüttes Welt","Diverse","Naturkosmetik (BNN)","12x80g","20.5118","3.0324","19"
"571933","Aroma Sauna Waldgefühl","Primavera","Diverse","95%","100ml","12.7877","1.8905","19"
"571934","Aroma Sauna Zitrusfreude","Primavera","Diverse","95%","100ml","12.7877","1.8905","19"
"571935","Aroma Duschgel Balance - ausgleichend","Sante","Diverse","Naturkosmetik (BNN)","200ml","2.7246","0.4028","19"
"571936","Aroma Duschgel Happines - belebend","Sante","Diverse","Naturkosmetik (BNN)","200ml","2.7246","0.4028","19"
"571937","Aroma Duschgel Energy - belebend & erfrischend","Sante","Diverse","Naturkosmetik (BNN)","200ml","2.7246","0.4028","19"
"571938","Seife LOVE","Sodasan","Diverse","Naturkosmetik (BNN)","12x80g","30.6906","4.5372","19"
"571939","Seife THANX","Sodasan","Diverse","Naturkosmetik (BNN)","12x80g","30.6906","4.5372","19"
"571940","Mundspülung","Primavera","Diverse","Naturkosmetik (BNN)","250ml","7.0686","1.045","19"
"571941","Erkältungszeit Duftmischung","Primavera","Diverse","Naturkosmetik (BNN)","5ml","8.4952","1.2559","19"
"571942","Kopfwohl Roll-On","Primavera","Diverse","Naturkosmetik (BNN)","10ml","8.4952","1.2559","19"
"571944","Schlafwohl - Kissenspray","Primavera","Diverse","Naturkosmetik (BNN)","30ml","9.2149","1.3623","19"
"571946","Muskelwohl Massageöl","Primavera","Diverse","Naturkosmetik (BNN)","50ml","14.2143","2.1014","19"
"571947","Schlafwohl Roll-On","Primavera","Diverse","Naturkosmetik (BNN)","10ml","8.4952","1.2559","19"
"571948","Schlafwohl Duftmischung","Primavera","Diverse","Naturkosmetik (BNN)","5ml","7.0686","1.045","19"
"571949","Entspannung Körperöl","Primavera","Diverse","Naturkosmetik (BNN)","50ml","14.2143","2.1014","19"
"571950","Schimmel-Stopp - Sprühflasche","Auro","Diverse","konventionell","500ml","10.1402","1.4991","19"
"571951","Haarspülung Hanf - Ganz Relaxt - für normales Haar","Benecos","Diverse","Naturkosmetik (BNN)","250ml","4.3054","0.6365","19"
"571952","Haarspülung Traube - Volume 2","Benecos","Diverse","Naturkosmetik (BNN)","250ml","4.3054","0.6365","19"
"571953","Pure Beauty 3in1 Reinigungsmaske","Lavera","Diverse","Naturkosmetik (BNN)","125ml","5.0123","0.741","19"
"571954","Pure Beauty Gesichtswasser","Lavera","Diverse","Naturkosmetik (BNN)","200ml","5.6806","0.8398","19"
"571955","Pure Beauty Liquid Refiner - Peeling","Lavera","Diverse","Naturkosmetik (BNN)","100ml","7.5184","1.1115","19"
"571956","Pure Beauty Serum","Lavera","Deutschland","Naturkosmetik (BNN)","30ml","8.3538","1.235","19"
"571957","Pure Beauty Mattierende Tagescreme","Lavera","Diverse","Naturkosmetik (BNN)","50ml","8.3538","1.235","19"
"571958","Pure Beauty Spot Treatment","Lavera","Deutschland","Naturkosmetik (BNN)","15ml","5.0123","0.741","19"
"571959","Scheuerschwamm","Sonett","Diverse","nicht per Bio-VO geregelt","6x2Stück","11.9524","1.767","19"
"571959","Scheuerschwamm","Sonett","Diverse","nicht per Bio-VO geregelt","6x2Stück","11.9524","1.767","19"
"571960","Anti Zeck Hautspray - Luftdruckflasche","Aries","Großbritannien+Insel Man","konventionell","100ml","7.3899","1.0925","19"
"571961","Fragrance Body & Hair Mist Vanilla Cloud","Weleda","Diverse","Naturkosmetik (BNN)","95ml","8.945","1.3224","19"
"571961","Fragrance Body & Hair Mist Vanilla Cloud","Weleda","Diverse","Naturkosmetik (BNN)","95ml","8.945","1.3224","19"
"571962","Fragrance Body & Hair Mist Tropical Crush","Weleda","Diverse","Naturkosmetik (BNN)","95ml","8.945","1.3224","19"
"571962","Fragrance Body & Hair Mist Tropical Crush","Weleda","Diverse","Naturkosmetik (BNN)","95ml","8.945","1.3224","19"
"571963","Fragrance Body & Hair Mist Mystic Aura","Weleda","Diverse","Naturkosmetik (BNN)","95ml","8.945","1.3224","19"
"571963","Fragrance Body & Hair Mist Mystic Aura","Weleda","Diverse","Naturkosmetik (BNN)","95ml","8.945","1.3224","19"
"571965","Verry Cherry Shower Cream","Weleda","Diverse","Naturkosmetik (BNN)","200ml","6.2461","0.9234","19"
"571966","Verry Cherry Handcreme","Weleda","Diverse","Naturkosmetik (BNN)","50ml","4.4339","0.6555","19"
"571967","Very Cherry Lip Balm - Limited Edition","Weleda","Diverse","Naturkosmetik (BNN)","4,8g","3.9199","0.5795","19"
"571968","Skin Food Lip Balm","Weleda","Diverse","Naturkosmetik (BNN)","4,8g","3.9199","0.5795","19"
"571969","Skin Food Super Serum","Weleda","Diverse","Naturkosmetik (BNN)","30ml","10.9756","1.6226","19"
"571971","Atmewohl - Kissenspray","Primavera","Diverse","Naturkosmetik (BNN)","30ml","9.2149","1.3623","19"
"571974","Träum süß Baby & Kinder Balsam","Primavera","Diverse","Naturkosmetik (BNN)","30ml","8.4952","1.2559","19"
"571976","MEMO Backpapier-Rolle ungebleicht 38cm x 12m","Memo","Diverse","nicht per Bio-VO geregelt","24Stück","45.9588","6.7944","19"
"571977","Gelenkwohl Einreibung","Primavera","Diverse","Naturkosmetik (BNN)","50ml","14.2143","2.1014","19"
"571978","Stapeler Reise-Pflege-Ei in Weißblechhülle","Aries","Diverse","Naturkosmetik (BNN)","50g","5.9633","0.8816","19"
"571979","Wattepads","BEL nature","Türkei","EG-Bio","20x70st","30.0737","4.446","19"
"571982","Sheabutter Soft - Weißblechdose","Finigrana","Burkina Faso","Naturkosmetik (BNN)","100ml","5.7063","0.8436","19"
"571983","Mangobutter 100% - Weißblechdose","Finigrana","Indien","Naturkosmetik (BNN)","100ml","10.8471","1.6036","19"
"571984","Mangobutter 100% Kleingröße - Weißblechdose","Finigrana","Indien","Naturkosmetik (BNN)","25ml","5.0765","0.7505","19"
"571985","Sheabutter Soft Kleingröße - Weißblechdose","Finigrana","Indien","Naturkosmetik (BNN)","25ml","3.1487","0.4655","19"
"571986","Handcreme Lavendel mini - HOCH DIE HÄNDE","Benecos","Diverse","Naturkosmetik (BNN)","20ml","0.7197","0.1064","19"
"571987","Waschpulver Zero Universal Konzentrat","Ecover","Belgien","konventionell","10x1,2kg","66.3163","9.804","19"
"571988","Waschpulver Color","Ecover","Diverse","konventionell","4x3kg","61.3297","9.0668","19"
"571989","Woll- und Feinwaschmittel Wasserlilie-Honigmelone","Ecover","Diverse","konventionell","5l","23.3007","3.4447","19"
"571990","Belebendes Haar-Tonikum","Weleda","Diverse","Naturkosmetik (BNN)","100ml","11.2198","1.6587","19"
"571991","Exo Boost Blauer Enzian - Collagen Tuchmaske","Weleda","Diverse","Naturkosmetik (BNN)","20ml","4.254","0.6289","19"
"571992","Exo Boost Feuchtigkeit - Hyaluron Tuchmaske","Weleda","Diverse","Naturkosmetik (BNN)","20ml","3.3929","0.5016","19"
"571995","Hydro Shine Shampoo m. OnPack 50ml Spülung - Feuch","Weleda","Diverse","Naturkosmetik (BNN)","1 ","5.9762","0.8835","19"
"571996","WARENPAKET Fragrance Body & Hair Mist","Weleda","Diverse","Naturkosmetik (BNN)","Paket","104.4739","15.4451","19"
"571996","WARENPAKET Fragrance Body & Hair Mist","Weleda","Diverse","Naturkosmetik (BNN)","Paket","104.4739","15.4451","19"
"571999","Waschverstärker","AlmaWin","Diverse","WP","8x240g","27.6575","4.0888","19"
"573000","PINK PEACH Shower Gel - Limited Edition","Weleda","Schweiz","Naturkosmetik (BNN)","200ml","6.3103","0.9329","19"
"573001","PINK PEACH Handcreme - Limited Edition","Weleda","Diverse","Naturkosmetik (BNN)","50ml","4.4082","0.6517","19"
"573002","PINK PEACH Tinted Lipbalm - Limited Edition","Weleda","Diverse","Naturkosmetik (BNN)","7ml","5.2051","0.7695","19"
"573003","Aktionspaket & Display 40 Jahre PRIMAVERA","Primavera","Diverse","nicht per Bio-VO geregelt","Paket","180.6991","26.714","19"
"573004","Raumspray Von Herzen","Primavera","Diverse","nicht per Bio-VO geregelt","50ml","9.6133","1.4212","19"
"573004","Raumspray Von Herzen","Primavera","Diverse","nicht per Bio-VO geregelt","50ml","9.6133","1.4212","19"
"573005","Duftmischung Von Herzen","Primavera","Diverse","nicht per Bio-VO geregelt","5ml","6.3489","0.9386","19"
"573005","Duftmischung Von Herzen","Primavera","Diverse","nicht per Bio-VO geregelt","5ml","6.3489","0.9386","19"
"573006","Körperöl Von Herzen","Primavera","Diverse","Naturkosmetik (BNN)","50ml","9.2149","1.3623","19"
"573007","Geschenkset Von Herzen","Primavera","Diverse","nicht per Bio-VO geregelt","Set","7.5056","1.1096","19"
"573007","Geschenkset Von Herzen","Primavera","Diverse","nicht per Bio-VO geregelt","Set","7.5056","1.1096","19"
"573008","Geschenkset Lebensfreude","Primavera","Diverse","nicht per Bio-VO geregelt","Set","8.8936","1.3148","19"
"573008","Geschenkset Lebensfreude","Primavera","Diverse","nicht per Bio-VO geregelt","Set","8.8936","1.3148","19"
"573009","Aktionsdisplay Kids Schulstart","Primavera","Diverse","nicht per Bio-VO geregelt","Display","178.2572","26.353","19"
"573013","Zyklus Balance Öl","Primavera","Diverse","Naturkosmetik (BNN)","50ml","14.2143","2.1014","19"
"573014","Duft Roll-On Zyklus Akut","Primavera","Diverse","Naturkosmetik (BNN)","10ml","8.4952","1.2559","19"
"573015","Hitzewallungsspray","Primavera","Diverse","Naturkosmetik (BNN)","50ml","11.374","1.6815","19"
"573016","Mundziehöl","Primavera","Diverse","Naturkosmetik (BNN)","145ml","11.3612","1.6796","19"
"573017","Aktiv Sportgel","Primavera","Diverse","Naturkosmetik (BNN)","75ml","14.2143","2.1014","19"
"573019","Kühlendes Hautspray","Primavera","Diverse","Naturkosmetik (BNN)","50ml","10.6415","1.5732","19"
"573022","Duschgel 2in1 - Kokos & Limette - Limited Edition","Benecos","Diverse","Naturkosmetik (BNN)","500ml","4.2797","0.6327","19"
"573023","Duschgel 2in1 - Brombeere - Limited Edition","Benecos","Diverse","Naturkosmetik (BNN)","500ml","4.2797","0.6327","19"
"573024","Duschgel 2in1 - Zitrone - Limited Edition","Benecos","Diverse","Naturkosmetik (BNN)","500ml","4.2797","0.6327","19"
"573025","Duschgel 2in1 - Kirschblüte & Matcha - Limited Edi","Benecos","Diverse","Naturkosmetik (BNN)","500ml","4.2797","0.6327","19"
"573026","Duschgel 2in1 - Mango & Vanille - Limited Edition","Benecos","Diverse","Naturkosmetik (BNN)","500ml","4.2797","0.6327","19"
"573027","Reise- und Geschenkset - Around The World","Benecos","Diverse","Naturkosmetik (BNN)","Set","5.295","0.7828","19"
"573029","Universal Gartendünger","Aries","Diverse","nicht per Bio-VO geregelt","6x1kg","37.3222","5.5176","19"
"573030","Dusch-Peeling PURIFY ME","Lavera","Diverse","Naturkosmetik (BNN)","200ml","4.0869","0.6042","19"
"573031","Duschgel REFRESH ME Limette & Lemongras","Lavera","Diverse","Naturkosmetik (BNN)","250ml","3.5729","0.5282","19"
"573032","Duschgel ENERGIZE ME Orange & Rosmarin","Lavera","Diverse","Naturkosmetik (BNN)","250ml","3.5729","0.5282","19"
"573033","Cremedusche Basis Sensitiv Aloe&Mandelöl","Lavera","Diverse","Naturkosmetik (BNN)","250ml","3.5729","0.5282","19"
"573034","Pflegeshampoo Basis Sensitiv Hydrate & Care","Lavera","Diverse","Naturkosmetik (BNN)","250ml","4.8066","0.7106","19"
"573035","Pflegeshampoo Volume & Lift","Lavera","Diverse","Naturkosmetik (BNN)","250ml","4.8066","0.7106","19"
"573036","Pflegeshampoo Fresh & Clear Anti - Fett","Lavera","Diverse","Naturkosmetik (BNN)","250ml","4.8066","0.7106","19"
"573037","Pflegeshampoo Repair & Protect","Lavera","Diverse","Naturkosmetik (BNN)","250ml","4.8066","0.7106","19"
"573038","Pflegeshampoo Color & Shine","Lavera","Diverse","Naturkosmetik (BNN)","250ml","4.8066","0.7106","19"
"573039","Pflegeshampoo Anti-Schuppen","Lavera","Diverse","Naturkosmetik (BNN)","250ml","4.8066","0.7106","19"
"573040","Pflegeshampoo Revitalize & Boost","Lavera","Diverse","Naturkosmetik (BNN)","250ml","4.8066","0.7106","19"
"573041","Haarspülung Repair & Protect","Lavera","Diverse","Naturkosmetik (BNN)","200ml","4.8066","0.7106","19"
"573042","Haarspülung Basis Sensitiv Hydrate & Care","Lavera","Diverse","Naturkosmetik (BNN)","200ml","4.8066","0.7106","19"
"573043","Leave In Haar-Pflegespray Smooth & Silk","Lavera","Diverse","Naturkosmetik (BNN)","100ml","4.8066","0.7106","19"
"573044","Kopfhauttonic Anti-Schuppen","Lavera","Diverse","Naturkosmetik (BNN)","125ml","9.0093","1.3319","19"
"573045","Revitalising Shampoo Rosemary & Hyaluron","Weleda","Diverse","Naturkosmetik (BNN)","100ml","3.4572","0.5111","19"
"573046","Revitalising Shampoo Rosemary & Hyaluron","Weleda","Diverse","Naturkosmetik (BNN)","400ml","8.9707","1.3262","19"
"573047","Revitalising Hair Tonic Rosemary & Hyaluron","Weleda","Diverse","Naturkosmetik (BNN)","50ml","6.7859","1.0032","19"
"573048","Hydro Shine Spülung","Weleda","Diverse","Naturkosmetik (BNN)","50ml","3.4572","0.5111","19"
"573052","Pflanzenölseife Engel - Display","Speick","Diverse","Naturkosmetik (BNN)","12x50g","17.5815","2.5992","19"
"573054","Pflanzenölseife Eiskristall - Display","Speick","Diverse","Naturkosmetik (BNN)","12x50g","17.5815","2.5992","19"
"573100","Age Energy Shampoo","Logona","Diverse","Naturkosmetik (BNN)","250ml","6.4003","0.9462","19"
"577310","Nail Polish sweet plum","Benecos","Diverse","S#","5ml","2.5704","0.38","19"
"577324","Hundefutter Ente sensitiv - Dose","DEFU","Diverse","100% Biozutaten","12x410g","41.332","6.1104","7"
"580272","Fresh-Ölziehkur","Bioplanete","Diverse","100% Biozutaten","250ml","11.2841","1.6682","19"
"580489","Stearin-Stumpenkerze weiß 90x50mm","Kerzenfarm Hahn","Diverse","","10Stück","21.2058","3.135","19"
"580501","Stearin-Stumpenkerze dunkelrot 90x50mm","Kerzenfarm Hahn","Diverse","","10Stück","21.2058","3.135","19"
"580502","Stearin-Stumpenkerze weiss 75x64mm","Kerzenfarm Hahn","Diverse","","6Stück","15.8851","2.3484","19"
"580507","Stearin-Stumpenkerze weiss 135x64mm","Kerzenfarm Hahn","Diverse","","6Stück","24.2132","3.5796","19"
"580908","Duftmischung Sommersonne","Primavera","Diverse","nicht per Bio-VO geregelt","5ml","7.0686","1.045","19"
"580913","Raumspray Yoga Flow","Primavera","Diverse","nicht per Bio-VO geregelt","50ml","10.6415","1.5732","19"
"580914","Duft Roll-On Fahr Fit","Primavera","Diverse","Naturkosmetik (BNN)","10ml","8.4952","1.2559","19"
"580915","Duft Roll-On Energiekick","Primavera","Diverse","Naturkosmetik (BNN)","10ml","8.4952","1.2559","19"
"580916","Duft Roll-On Konzentration","Primavera","Diverse","Naturkosmetik (BNN)","10ml","8.4952","1.2559","19"
"580917","Duft Roll-On Stressfrei","Primavera","Diverse","Naturkosmetik (BNN)","10ml","8.4952","1.2559","19"
"580918","Duft Roll-On Yoga Flow","Primavera","Diverse","Naturkosmetik (BNN)","10ml","8.4952","1.2559","19"
"580919","Duft Roll-On Gute Laune","Primavera","Diverse","Naturkosmetik (BNN)","10ml","8.4952","1.2559","19"
"580920","Raumspray Lebenslust","Primavera","Diverse","nicht per Bio-VO geregelt","50ml","10.6415","1.5732","19"
"580921","Raumspray Happy Lemongrass","Primavera","Diverse","nicht per Bio-VO geregelt","50ml","10.6415","1.5732","19"
"580922","Raumspray Energiekick","Primavera","Diverse","nicht per Bio-VO geregelt","50ml","10.6415","1.5732","19"
"580923","Raumspray Zirbenwald","Primavera","Diverse","nicht per Bio-VO geregelt","50ml","10.6415","1.5732","19"
"580924","Raumspray Konzentration","Primavera","Diverse","nicht per Bio-VO geregelt","50ml","10.6415","1.5732","19"
"580925","Raumspray Space Clearing","Primavera","Diverse","nicht per Bio-VO geregelt","50ml","10.6415","1.5732","19"
"580926","Raumspray Frische Luft","Primavera","Diverse","nicht per Bio-VO geregelt","50ml","10.6415","1.5732","19"
"580927","Raumspray Ganz Entspannt","Primavera","Diverse","nicht per Bio-VO geregelt","50ml","10.6415","1.5732","19"
"580929","Raumspray In Balance","Primavera","Diverse","nicht per Bio-VO geregelt","50ml","10.6415","1.5732","19"
"580930","Raumspray Kraft Tanken","Primavera","Diverse","nicht per Bio-VO geregelt","50ml","10.6415","1.5732","19"
"580931","Raumspray Herzenswärme","Primavera","Diverse","nicht per Bio-VO geregelt","50ml","10.6415","1.5732","19"
"580932","Raumspray Glücksgefühle","Primavera","Diverse","nicht per Bio-VO geregelt","50ml","10.6415","1.5732","19"
"580933","Raumspray Gute Laune","Primavera","Diverse","nicht per Bio-VO geregelt","50ml","10.6415","1.5732","19"
"580935","Raumspray Sommersonne","Primavera","Diverse","nicht per Bio-VO geregelt","50ml","10.6415","1.5732","19"
"580937","Duftmischung Lass los","Primavera","Diverse","nicht per Bio-VO geregelt","5ml","7.0686","1.045","19"
"580938","Duftmischung In Balance","Primavera","Diverse","nicht per Bio-VO geregelt","5ml","7.0686","1.045","19"
"580939","Duftmischung Frische Luft","Primavera","Diverse","nicht per Bio-VO geregelt","5ml","7.0686","1.045","19"
"580941","Duftmischung Herzenswärme","Primavera","Diverse","nicht per Bio-VO geregelt","5ml","7.0686","1.045","19"
"580942","Duftmischung Glücksgefühle","Primavera","Diverse","nicht per Bio-VO geregelt","5ml","7.0686","1.045","19"
"580944","Duftmischung Fahr Fit","Primavera","Diverse","nicht per Bio-VO geregelt","5ml","7.0686","1.045","19"
"580945","Duftmischung Ganz entspannt","Primavera","Diverse","nicht per Bio-VO geregelt","5ml","7.0686","1.045","19"
"580946","Duftmischung Yoga Flow","Primavera","Diverse","nicht per Bio-VO geregelt","5ml","7.0686","1.045","19"
"580947","Duftmischung Konzentration","Primavera","Diverse","nicht per Bio-VO geregelt","5ml","7.0686","1.045","19"
"580948","Duftmischung Gute Laune","Primavera","Diverse","nicht per Bio-VO geregelt","5ml","7.0686","1.045","19"
"580964","Tonka-Extrakt","Primavera","Brasilien","Naturkosmetik (BNN)","5ml","11.3483","1.6777","19"
"580965","Duftmischung Lebenslust","Primavera","Diverse","nicht per Bio-VO geregelt","5ml","7.0686","1.045","19"
"580980","Duft Roll-On Drachenmut","Primavera","Diverse","Naturkosmetik (BNN)","10ml","8.4952","1.2559","19"
"580981","Duftmischung Träum süß","Primavera","Diverse","nicht per Bio-VO geregelt","5ml","7.0686","1.045","19"
"580982","Raumspray Beschütz mich","Primavera","Diverse","nicht per Bio-VO geregelt","50ml","10.6543","1.5751","19"
"581007","Geschenkset Duftende Waldkraft","Primavera","Diverse","Naturkosmetik (BNN)","Set","13.4175","1.9836","19"
"581008","Geschenkset Fahr Fit","Primavera","Diverse","nicht per Bio-VO geregelt","Set","14.9212","2.2059","19"
"581009","Rosmarin Verbenon","Primavera","Frankreich","Naturkosmetik (BNN)","5ml","9.9217","1.4668","19"
"581027","Aroma Leuchte Emotion","Primavera","Volksrepublik China","nicht per Bio-VO geregelt","Stück","121.3357","17.9379","19"
"581248","Bambusbesen für Matcha","Arche","Volksrepublik China","nicht per Bio-VO geregelt","Stück","12.7492","1.8848","19"
"581387","Suribachi Mörser & Stößel","Terrasana","Diverse","nicht per Bio-VO geregelt","Stück","14.6384","2.1641","19"
"584870","hyaluron duo treatment - Ampullenkur","SantaVerde","Diverse","Naturkosmetik (BNN)","10x1ml","19.5993","2.8975","19"
"584871","enzyme peeling powder","SantaVerde","Diverse","Naturkosmetik (BNN)","23g","16.7847","2.4814","19"
"586851","Räucherstäbchen Source of Power Inhalt ca.13 Stück","Khadi","Indien","nicht per Bio-VO geregelt","Pack","4.8452","0.7163","19"
"586856","Körperöl Shatavari Everyoung - Holy Body","Khadi","Indien","Naturkosmetik (BNN)","100ml","15.4867","2.2895","19"
"586857","Körperöl Pink Lotus Beauty - Holy Body","Khadi","Indien","Naturkosmetik (BNN)","100ml","15.4867","2.2895","19"
"586858","Körperöl Rose Love - Holy Body","Khadi","Indien","Naturkosmetik (BNN)","100ml","15.4867","2.2895","19"
"586859","Effect Oil Shakti Shape Spicy Cell-Lite","Khadi","Indien","Naturkosmetik (BNN)","50ml","13.289","1.9646","19"
"586991","Natural Aktiv Hand- und Nagelbalsam","Speick","Diverse","Naturkosmetik (BNN)","75ml","3.9841","0.589","19"
"586992","Carpe Diem Bionatur Seife","Speick","Diverse","Naturkosmetik (BNN)","100g","1.735","0.2565","19"
"586993","Body Lotion Organic 3.0","Speick","Diverse","Naturkosmetik (BNN)","200ml","7.5827","1.121","19"
"586994","Natural Aktiv Bodylotion","Speick","Diverse","Naturkosmetik (BNN)","150ml","5.7834","0.855","19"
"586997","Duschgel Organic 3.0","Speick","Diverse","Naturkosmetik (BNN)","200ml","4.5625","0.6745","19"
"586998","Natural Aktiv Hair Conditioner","Speick","Diverse","Naturkosmetik (BNN)","150ml","5.3978","0.798","19"
"587000","Natural Eau de Cologne fresh","Speick","Diverse","Naturkosmetik (BNN)","100ml","10.0888","1.4915","19"
"587007","Natural Aktiv Fußbalsam","Speick","Diverse","Naturkosmetik (BNN)","75ml","4.0484","0.5985","19"
"587010","Natural Aktiv Deo Roll-On","Speick","Diverse","Naturkosmetik (BNN)","50ml","5.1279","0.7581","19"
"587012","Natural Aktiv Duschgel","Speick","Diverse","Naturkosmetik (BNN)","200ml","3.9713","0.5871","19"
"587013","Natural Aktiv Shampoo Glanz & Volumen","Speick","Diverse","Naturkosmetik (BNN)","200ml","4.8838","0.722","19"
"587014","Natural Aktiv Shampoo Regeneration & Pflege","Speick","Diverse","Naturkosmetik (BNN)","200ml","4.8838","0.722","19"
"587015","Natural Aktiv Shampoo Balance & Frische","Speick","Diverse","Naturkosmetik (BNN)","200ml","4.8838","0.722","19"
"587017","Men Rasiercreme - konventionell","Speick","Diverse","konventionell","75ml","2.7632","0.4085","19"
"587018","Men Rasierseife - konventionell","Speick","Diverse","konventionell","50g","2.6861","0.3971","19"
"587019","Men Rasierschaum - konventionell","Speick","Diverse","konventionell","200ml","4.0484","0.5985","19"
"587020","Men Pre Shave Lotion - konventionell","Speick","Diverse","konventionell","100ml","8.161","1.2065","19"
"587021","Men After Shave Lotion - konventionell","Speick","Diverse","konventionell","100ml","8.161","1.2065","19"
"587022","Men After Shave Balsam Sensitiv - konventionell","Speick","Diverse","konventionell","100ml","7.5827","1.121","19"
"587023","Men Intensiv Creme - konventionell","Speick","Diverse","konventionell","50ml","7.2614","1.0735","19"
"587025","Men Deo Spray-Zerstäuber - konventionell","Speick","Diverse","konventionell","75ml","5.6549","0.836","19"
"587026","Men Deo Stick - konventionell","Speick","Diverse","konventionell","40ml","4.2412","0.627","19"
"587027","Men Duschgel - konventionell","Speick","Diverse","konventionell","250ml","4.0484","0.5985","19"
"587028","Men Eau de Toilette - konventionell","Speick","Diverse","konventionell","50ml","14.8441","2.1945","19"
"587029","Men Active Rasiercreme","Speick","Diverse","Naturkosmetik (BNN)","75ml","3.47","0.513","19"
"587030","Men Active Rasierseife","Speick","Diverse","Naturkosmetik (BNN)","150g","7.1971","1.064","19"
"587031","Men Active After Shave Lotion","Speick","Diverse","Naturkosmetik (BNN)","100ml","9.1506","1.3528","19"
"587033","Men Active Intensiv Creme","Speick","Diverse","Naturkosmetik (BNN)","50ml","7.3256","1.083","19"
"587034","Men Active Duschgel","Speick","Diverse","Naturkosmetik (BNN)","200ml","4.1769","0.6175","19"
"587035","Men Active Shampoo","Speick","Diverse","Naturkosmetik (BNN)","150ml","4.1769","0.6175","19"
"587036","Men Active Deo Spray","Speick","Diverse","Naturkosmetik (BNN)","75ml","5.8091","0.8588","19"
"587037","Men Active Deo Roll-On","Speick","Diverse","Naturkosmetik (BNN)","50ml","5.1279","0.7581","19"
"587038","Thermal Sensitiv Tagescreme","Speick","Diverse","Naturkosmetik (BNN)","50ml","7.3256","1.083","19"
"587044","Thermal Sensitiv Deo Spray","Speick","Diverse","Naturkosmetik (BNN)","75ml","6.1047","0.9025","19"
"587045","Thermal Sensitiv Deo Roll-on","Speick","Diverse","Naturkosmetik (BNN)","50ml","5.3336","0.7885","19"
"587046","Thermal Sensitiv Duschgel","Speick","Diverse","Naturkosmetik (BNN)","200ml","3.8556","0.57","19"
"587047","Melos bio Buttermilch-Seife","Speick","Diverse","Naturkosmetik (BNN)","100g","1.4137","0.209","19"
"587048","Melos bio Honig-Seife","Speick","Diverse","Naturkosmetik (BNN)","100g","1.4137","0.209","19"
"587049","Melos bio Lavendel-Seife","Speick","Diverse","Naturkosmetik (BNN)","100g","1.4137","0.209","19"
"587055","Pflanzenhaarfarbe Mittelbraun","Khadi","Indien","Naturkosmetik (BNN)","100g","9.0607","1.3395","19"
"587056","Pflanzenhaarfarbe Goldbraun","Khadi","Indien","Naturkosmetik (BNN)","100g","9.0607","1.3395","19"
"587057","Pflanzenhaarfarbe Aschbraun","Khadi","Indien","Naturkosmetik (BNN)","100g","9.0607","1.3395","19"
"587069","Pflanzenhaarfarbe Sonnenblond","Khadi","Indien","Naturkosmetik (BNN)","100g","9.0607","1.3395","19"
"587079","Pflanzenhaarfarbe Goldhauch","Khadi","Indien","Naturkosmetik (BNN)","100g","9.0607","1.3395","19"
"587080","Pflanzenhaarfarbe Hellblond","Khadi","Indien","Naturkosmetik (BNN)","100g","9.0607","1.3395","19"
"587081","Pflanzenhaarfarbe Mittelblond","Khadi","Indien","Naturkosmetik (BNN)","100g","9.0607","1.3395","19"
"587082","Pflanzenhaarfarbe Dunkelblond","Khadi","Indien","Naturkosmetik (BNN)","100g","9.0607","1.3395","19"
"587084","Natural Aktiv Deo Spray","Speick","Diverse","Naturkosmetik (BNN)","75ml","5.7191","0.8455","19"
"587122","Natural Aktiv Shampoo Koffein","Speick","Diverse","Naturkosmetik (BNN)","200ml","4.8838","0.722","19"
"587136","Color Prep Vorpigment.& Farbkraftgrundierung 2x50g","Khadi","Indien","nicht per Bio-VO geregelt","100g","9.0607","1.3395","19"
"587149","Pflanzenhaarfarbe Kupfer","Khadi","Indien","Naturkosmetik (BNN)","100g","9.0607","1.3395","19"
"587154","Pflanzenhaarfarbe Rot reines Henna","Khadi","Indien","Naturkosmetik (BNN)","100g","9.0607","1.3395","19"
"587155","Pflanzenhaarfarbe Schwarz reines Indigo","Khadi","Indien","Naturkosmetik (BNN)","100g","9.0607","1.3395","19"
"587156","Pflanzenhaarfarbe Nussbraun","Khadi","Indien","Naturkosmetik (BNN)","100g","9.0607","1.3395","19"
"587157","Pflanzenhaarfarbe Hellbraun","Khadi","Indien","Naturkosmetik (BNN)","100g","9.0607","1.3395","19"
"587158","Pflanzenhaarfarbe Dunkelbraun","Khadi","Indien","Naturkosmetik (BNN)","100g","9.0607","1.3395","19"
"587159","Pflanzenhaarfarbe Rot Henna, Amla & Jatropha","Khadi","Indien","Naturkosmetik (BNN)","100g","9.0607","1.3395","19"
"587160","Pflanzenhaarfarbe Schwarz","Khadi","Indien","Naturkosmetik (BNN)","100g","9.0607","1.3395","19"
"587161","Pflanzenhaarfarbe Neutrales Henna - Senna / Cassia","Khadi","Indien","Naturkosmetik (BNN)","100g","9.0607","1.3395","19"
"587180","age protect creme","SantaVerde","Diverse","Naturkosmetik (BNN)","30ml","35.9985","5.3219","19"
"587181","age protect toner","SantaVerde","Diverse","Naturkosmetik (BNN)","100ml","26.1667","3.8684","19"
"587182","age protect öl","SantaVerde","Diverse","Naturkosmetik (BNN)","30ml","29.4439","4.3529","19"
"587183","age protect ampullenkur","SantaVerde","Diverse","Naturkosmetik (BNN)","10x1ml","25.8582","3.8228","19"
"587186","Melos bio Olive-Seife","Speick","Diverse","Naturkosmetik (BNN)","100g","1.4137","0.209","19"
"587187","Melos bio Sanddorn-Seife","Speick","Diverse","Naturkosmetik (BNN)","100g","1.4137","0.209","19"
"587188","Wellness Soap Milch & Honig","Speick","Diverse","Naturkosmetik (BNN)","200g","2.3776","0.3515","19"
"587189","Wellness Soap Sanddorn & Orange","Speick","Diverse","Naturkosmetik (BNN)","200g","2.3776","0.3515","19"
"587190","Wellness Soap Wildrose & Granatapfel","Speick","Diverse","Naturkosmetik (BNN)","200g","2.3776","0.3515","19"
"587191","Wellness Soap Lavendel & Bergamotte","Speick","Diverse","Naturkosmetik (BNN)","200g","2.3776","0.3515","19"
"587192","Wellness Soap Olive & Lemongras","Speick","Diverse","Naturkosmetik (BNN)","200g","2.3776","0.3515","19"
"587198","Pflanzenölseife Tanne - Display","Speick","Diverse","Naturkosmetik (BNN)","12x50g","17.5815","2.5992","19"
"587220","cleansing gel","SantaVerde","Diverse","Naturkosmetik (BNN)","100ml","13.0448","1.9285","19"
"587221","cleansing emulsion","SantaVerde","Diverse","Naturkosmetik (BNN)","100ml","13.0448","1.9285","19"
"587222","aloe vera toner classic","SantaVerde","Diverse","Naturkosmetik (BNN)","100ml","16.322","2.413","19"
"587223","aloe vera toner sensitive","SantaVerde","Diverse","Naturkosmetik (BNN)","100ml","16.322","2.413","19"
"587224","aloe vera creme light","SantaVerde","Diverse","Naturkosmetik (BNN)","30ml","19.6122","2.8994","19"
"587225","aloe vera creme light ohne Duft","SantaVerde","Diverse","Naturkosmetik (BNN)","30ml","19.6122","2.8994","19"
"587226","aloe vera creme medium","SantaVerde","Diverse","Naturkosmetik (BNN)","30ml","19.6122","2.8994","19"
"587228","aloe vera creme medium ohne Duft","SantaVerde","Diverse","Naturkosmetik (BNN)","30ml","19.6122","2.8994","19"
"587229","aloe vera creme rich","SantaVerde","Diverse","Naturkosmetik (BNN)","30ml","19.6122","2.8994","19"
"587230","aloe vera creme rich ohne Duft","SantaVerde","Diverse","Naturkosmetik (BNN)","30ml","19.6122","2.8994","19"
"587231","aloe vera augencreme ohne Duft","SantaVerde","Diverse","Naturkosmetik (BNN)","10ml","19.6122","2.8994","19"
"587232","aloe vera hydro repair gel mit Duft","SantaVerde","Diverse","Naturkosmetik (BNN)","30ml","19.6122","2.8994","19"
"587234","extra rich beauty elixier","SantaVerde","Diverse","Naturkosmetik (BNN)","30ml","26.1667","3.8684","19"
"587246","aloe vera body lotion classic","SantaVerde","Diverse","Naturkosmetik (BNN)","150ml","18.2884","2.7037","19"
"587247","aloe vera body lotion sensitive","SantaVerde","Diverse","Naturkosmetik (BNN)","150ml","18.2884","2.7037","19"
"587248","aloe vera handcreme","SantaVerde","Diverse","Naturkosmetik (BNN)","50ml","6.4903","0.9595","19"
"587250","aloe vera gel pur ohne Duft","SantaVerde","Diverse","Naturkosmetik (BNN)","100ml","13.0448","1.9285","19"
"587324","Spülmittel Zitronengras","AlmaWin","Diverse","WP","6x500ml","11.721","1.7328","19"
"587329","WC-Gel blau","AlmaWin","Diverse","WP","6x750ml","16.8875","2.4966","19"
"587330","Spülmittel Wildrose-Melisse","AlmaWin","Diverse","WP","10x1,0l","31.873","4.712","19"
"587332","Spülmaschinentabs extra stark","AlmaWin","Diverse","WP","12x25Stück","53.3615","7.8888","19"
"587333","WC-Reiniger zitronig frisch","AlmaWin","Diverse","WP","6x750ml","15.808","2.337","19"
"587334","Color Waschmittel Lindenblüte flüssig - Kanister","AlmaWin","Diverse","WP","5l","15.2682","2.2572","19"
"587337","Wäscheduft Lindenblüte","AlmaWin","Diverse","WP","6x750ml","24.3674","3.6024","19"
"587339","Color Waschpulver Lindenblüte","AlmaWin","Diverse","WP","6x2kg","70.7888","10.4652","19"
"587340","Color Waschpulver Lindenblüte","AlmaWin","Diverse","WP","5x1kg","32.1943","4.7595","19"
"587347","Spülmittel Sanddorn","AlmaWin","Diverse","WP","10x1,0l","31.873","4.712","19"
"587353","Waschmittel flüssig für Dunkles & Schwarzes","AlmaWin","Diverse","WP","6x750ml","28.8399","4.2636","19"
"587359","TraumZauber Eco Schwamm dreilagig","AlmaWin","Diverse","nicht per Bio-VO geregelt","8x2Stück","26.7322","3.952","19"
"587381","Waschpulver Color sensitiv","Sonett","Diverse","WP","4x1,2kg","29.0455","4.294","19"
"587385","age protect serum","SantaVerde","Diverse","Naturkosmetik (BNN)","30ml","35.9985","5.3219","19"
"587390","aloe vera gel pur ohne Duft","SantaVerde","Diverse","Naturkosmetik (BNN)","50ml","7.8012","1.1533","19"
"587695","Salz- u. Pfefferstreuer Set Authentic Recycl.glas","Memo","Spanien","nicht per Bio-VO geregelt","Set","7.0429","1.0412","19"
"587696","Essig- u.Ölflasche im Set Authentic Recyclingglas","Memo","Spanien","nicht per Bio-VO geregelt","Set","12.6849","1.8753","19"
"587697","MEMO Taschentücher Box 4-lagig Recycl. extra soft","Memo","Diverse","nicht per Bio-VO geregelt","Box","1.7222","0.2546","19"
"587710","Silber-Salbe Nr. 33 - Kleingröße","Bioturm","Diverse","Naturkosmetik (BNN)","50ml","9.639","1.425","19"
"587711","Silber-Salbe Nr. 33","Bioturm","Diverse","Naturkosmetik (BNN)","150ml","24.0075","3.5492","19"
"587712","Silber-Lotion Nr. 36","Bioturm","Diverse","Naturkosmetik (BNN)","150ml","12.0809","1.786","19"
"587713","Silber-Deo INTENSIV - RollOn","Bioturm","Diverse","Naturkosmetik (BNN)","50ml","6.4131","0.9481","19"
"587714","Silber-Deo INTENSIV frisch - RollOn","Bioturm","Diverse","Naturkosmetik (BNN)","50ml","6.4131","0.9481","19"
"587715","Silber-Deo INTENSIV dynamisch - RollOn","Bioturm","Diverse","Naturkosmetik (BNN)","50ml","6.4131","0.9481","19"
"587716","Silber-Deo MILD - RollOn","Bioturm","Diverse","Naturkosmetik (BNN)","50ml","5.8348","0.8626","19"
"587720","Intim Wasch-Schaum Nr. 25 - Spender","Bioturm","Diverse","Naturkosmetik (BNN)","250ml","8.9707","1.3262","19"
"587721","Intim Wasch-Gel Nr. 26","Bioturm","Diverse","Naturkosmetik (BNN)","250ml","7.7626","1.1476","19"
"587723","Intim Salbe Nr. 27 - Kleingröße","Bioturm","Diverse","Naturkosmetik (BNN)","30ml","5.822","0.8607","19"
"587724","Intim Salbe Nr. 27","Bioturm","Diverse","Naturkosmetik (BNN)","75ml","9.5876","1.4174","19"
"587726","Intim Rasiercreme Nr. 24","Bioturm","Diverse","Naturkosmetik (BNN)","100ml","6.4131","0.9481","19"
"587730","Hydrolotion Nr.2 - für sensible Haut","Bioturm","Diverse","Naturkosmetik (BNN)","200ml","12.1708","1.7993","19"
"587732","Lipidlotion Nr.3 - für sensible Haut","Bioturm","Deutschland","Naturkosmetik (BNN)","200ml","12.1837","1.8012","19"
"587733","Urea-Lotion 10% Nr. 6","Bioturm","Diverse","Naturkosmetik (BNN)","200ml","11.4126","1.6872","19"
"587740","Urea-Gesichtscreme 5% Nr.7 - beruhigend","Bioturm","Diverse","Naturkosmetik (BNN)","75ml","8.9578","1.3243","19"
"587741","Gesichtscreme Nr.8 - reichhaltig","Bioturm","Diverse","Naturkosmetik (BNN)","75ml","9.7161","1.4364","19"
"587742","Re-Aktiv Gesichtscreme Nr.44 - Anti Aging","Bioturm","Diverse","Naturkosmetik (BNN)","75ml","13.0448","1.9285","19"
"587743","Anti-Rötungs Gesichtscreme Nr. 48","Bioturm","Diverse","Naturkosmetik (BNN)","75ml","13.0448","1.9285","19"
"587749","Fuß-Deo Creme Nr. 80","Bioturm","Deutschland","Naturkosmetik (BNN)","75ml","9.4976","1.4041","19"
"587752","Rasiercreme für Beine & Körper Nr. 88","Bioturm","Diverse","Naturkosmetik (BNN)","150ml","7.2228","1.0678","19"
"587756","Reinigungsmilch plus Nr. 51","Bioturm","Diverse","Naturkosmetik (BNN)","150ml","8.3409","1.2331","19"
"587774","Melkfett Nr. 34 - Tiegel","Bioturm","Diverse","Naturkosmetik (BNN)","100ml","8.6751","1.2825","19"
"587775","Arnika-Creme Nr. 45","Bioturm","Diverse","Naturkosmetik (BNN)","150ml","9.4848","1.4022","19"
"587777","Schaumfestiger leicht","Bioturm","Diverse","Naturkosmetik (BNN)","150ml","6.9272","1.0241","19"
"587778","Schaumfestiger stark","Bioturm","Diverse","Naturkosmetik (BNN)","150ml","6.9272","1.0241","19"
"587779","Haarspray","Bioturm","Diverse","Naturkosmetik (BNN)","150ml","6.2461","0.9234","19"
"587780","Shampoo Trockene Kopfhaut","Bioturm","Diverse","Naturkosmetik (BNN)","200ml","8.3152","1.2293","19"
"587788","Styling Gel","Bioturm","Diverse","Naturkosmetik (BNN)","125ml","6.2461","0.9234","19"
"587789","Styling Paste","Bioturm","Diverse","Naturkosmetik (BNN)","110ml","6.2461","0.9234","19"
"587791","Shampoo Anti-Fett","Bioturm","Diverse","Naturkosmetik (BNN)","200ml","4.3825","0.6479","19"
"587792","Shampoo Glanz","Bioturm","Diverse","Naturkosmetik (BNN)","200ml","4.3825","0.6479","19"
"587793","Shampoo Repair","Bioturm","Diverse","Naturkosmetik (BNN)","200ml","4.3825","0.6479","19"
"587794","Shampoo Volumen","Bioturm","Diverse","Naturkosmetik (BNN)","200ml","4.3825","0.6479","19"
"587795","Shampoo Anti-Schuppen","Bioturm","Diverse","Naturkosmetik (BNN)","200ml","4.3825","0.6479","19"
"587796","Shampoo Coffein","Bioturm","Diverse","Naturkosmetik (BNN)","200ml","4.3825","0.6479","19"
"587797","Shampoo Farbglanz blond","Bioturm","Diverse","Naturkosmetik (BNN)","200ml","4.3825","0.6479","19"
"587798","Shampoo Farbglanz rot","Bioturm","Diverse","Naturkosmetik (BNN)","200ml","4.3825","0.6479","19"
"587799","Kopfhaut-Serum für trockene & schuppige Haut Nr.5","Bioturm","Diverse","Naturkosmetik (BNN)","150ml","11.3869","1.6834","19"
"587800","Silber-Deo Spray INTENSIV","Bioturm","Diverse","Naturkosmetik (BNN)","50ml","5.7705","0.8531","19"
"587801","Silber-Deo Spray INTENSIV frisch","Bioturm","Diverse","Naturkosmetik (BNN)","50ml","5.7705","0.8531","19"
"587802","Silber-Deo Spray INTENSIV dynamisch Nr.87","Bioturm","Diverse","Naturkosmetik (BNN)","50ml","5.7705","0.8531","19"
"587804","Haarspülung Glanz","Bioturm","Diverse","Naturkosmetik (BNN)","150ml","5.1922","0.7676","19"
"587805","Haarspülung Repair","Bioturm","Diverse","Naturkosmetik (BNN)","150ml","5.1922","0.7676","19"
"587806","Haarkur Repair","Bioturm","Diverse","Naturkosmetik (BNN)","125ml","5.8348","0.8626","19"
"587807","Haarspülung Farbglanz blond","Bioturm","Diverse","Naturkosmetik (BNN)","150ml","5.1922","0.7676","19"
"587822","Intensiv-Handcreme","Bioturm","Diverse","Naturkosmetik (BNN)","75ml","5.2436","0.7752","19"
"587859","Lindenseife mit Karitebutter","Savon du Midi","Frankreich","konventionell","12x100g","25.447","3.762","19"
"587860","Dudu-Osun Schwarze Seife classic","Dudu Osun","WAN","Naturkosmetik (BNN)","150g","4.0484","0.5985","19"
"587861","Dudu-Osun Schwarze Seife classic - Reisegröße","Dudu Osun","WAN","Naturkosmetik (BNN)","25g","1.0025","0.1482","19"
"587862","Dudu-Osun Schwarze Seife pure","Dudu Osun","WAN","Naturkosmetik (BNN)","150g","4.0484","0.5985","19"
"587863","Dudu-Osun Schwarze Seife pure - Reisegröße","Dudu Osun","WAN","Naturkosmetik (BNN)","25g","0.9382","0.1387","19"
"587864","Dudu-Shea Reine Sheabutter pure","Dudu Osun","WAN","Naturkosmetik (BNN)","100ml","12.5821","1.8601","19"
"587900","Haarspülung Apfel - saure Pflege","Unicorn","Diverse","Naturkosmetik (BNN)","150ml","5.7191","0.8455","19"
"587901","Haarseife Apfel - basisch","Unicorn","Diverse","Naturkosmetik (BNN)","100g","5.2051","0.7695","19"
"587902","Haarseife Apfel - basisch Reisegröße","Unicorn","Diverse","Naturkosmetik (BNN)","16g","1.4009","0.2071","19"
"587908","Miswak Zahnpflegeholz","Unicorn","Diverse","S#","Stück","1.4394","0.2128","19"
"587909","Festes Shampoo Anti-Fett - vegan","Bioturm","Deutschland","Naturkosmetik (BNN)","100g","6.6702","0.9861","19"
"587910","Festes Shampoo Repair - vegan","Bioturm","Deutschland","Naturkosmetik (BNN)","100g","6.6702","0.9861","19"
"587911","Festes Shampoo Volumen - vegan","Bioturm","Deutschland","Naturkosmetik (BNN)","100g","6.6702","0.9861","19"
"587912","Seifenfreies Waschstück sensitiv pH-neutral","Bioturm","Deutschland","Naturkosmetik (BNN)","100g","6.6702","0.9861","19"
"587913","Seifenfreies Waschstück 2in1 Haut& Haar","Bioturm","Deutschland","Naturkosmetik (BNN)","100g","6.6702","0.9861","19"
"587915","Vitality Bionatur Seife","Speick","Diverse","Naturkosmetik (BNN)","100g","1.735","0.2565","19"
"587916","In Balance Bionatur Seife","Speick","Diverse","Naturkosmetik (BNN)","100g","1.735","0.2565","19"
"587917","Relax & Fresh Bionatur Seife","Speick","Diverse","Naturkosmetik (BNN)","100g","1.735","0.2565","19"
"587918","Aleppo Seife 100% Olivenöl - handgeschnitten","Finigrana","SYR","Naturkosmetik (BNN)","12x200g","51.0481","7.5468","19"
"587919","Aleppo Seife Olivenöl& 8% Lorbeeröl - handgeschn.","Finigrana","SYR","Naturkosmetik (BNN)","12x200g","59.8389","8.8464","19"
"587920","Ayurvedisches Shampoo Shining Shikakai","Khadi","Indien","Naturkosmetik (BNN)","200ml","11.1555","1.6492","19"
"587921","Ayurvedisches Shampoo Amla Volume","Khadi","Indien","Naturkosmetik (BNN)","200ml","11.1555","1.6492","19"
"587922","Ayurvedisches Shampoo Lavender Sensitive","Khadi","Indien","Naturkosmetik (BNN)","200ml","11.1555","1.6492","19"
"587923","Ayurvedisches Shampoo Orange Vitality","Khadi","Indien","Naturkosmetik (BNN)","200ml","11.1555","1.6492","19"
"587924","Ayurvedisches Shampoo Neem Balance","Khadi","Indien","Naturkosmetik (BNN)","200ml","11.1684","1.6511","19"
"587925","Ayurvedisches Shampoo Rose Repair","Khadi","Indien","Naturkosmetik (BNN)","200ml","11.1555","1.6492","19"
"587926","Ayurvedischer Conditioner Coconut Shikakai","Khadi","Indien","Naturkosmetik (BNN)","200ml","11.1298","1.6454","19"
"587927","Ayurvedische Haarmaske Deep Charcoal Cleanse","Khadi","Indien","Naturkosmetik (BNN)","50g","5.5521","0.8208","19"
"587929","Ayurvedische Haarmaske Deep Shine Shikakai","Khadi","Indien","Naturkosmetik (BNN)","50g","5.5521","0.8208","19"
"587930","Ayurvedische Haarmaske The Power of Amla","Khadi","Indien","Naturkosmetik (BNN)","50g","5.5521","0.8208","19"
"587931","Ayurvedisches Haaröl Color Care","Khadi","Indien","Naturkosmetik (BNN)","50ml","10.4615","1.5466","19"
"587932","Ayurvedisches Haaröl Rose Repair","Khadi","Indien","Naturkosmetik (BNN)","50ml","10.4615","1.5466","19"
"587933","Ayurvedisches Haaröl Strong Amla","Khadi","Indien","Naturkosmetik (BNN)","50ml","10.4615","1.5466","19"
"587934","Ayurvedisches Haaröl Neem Harmony","Khadi","Indien","Naturkosmetik (BNN)","50ml","10.4615","1.5466","19"
"587935","Ayurvedisches Haaröl Vitality Grow","Khadi","Indien","Naturkosmetik (BNN)","50ml","10.4615","1.5466","19"
"587936","Seifenablage aus Pinienholz 8,5x11cm","Finigrana","Frankreich","nicht per Bio-VO geregelt","Stück","3.6243","0.5358","19"
"587953","Aroma Mandarine grün DEMETER","Baldini","Diverse","Demeter (Deutschland)","5ml","4.9737","0.7353","19"
"587989","Zahncreme Ayurdent mild","Maharishi Ayurveda","Diverse","Naturkosmetik (BNN)","75ml","5.5649","0.8227","19"
"588009","Happy Cleansing Wipes-Reinigungstücher","Benecos","Diverse","Naturkosmetik (BNN)","25Stück","1.9278","0.285","19"
"588137","PURE Duschgel Sanfte Pflege","Speick","Diverse","Naturkosmetik (BNN)","200ml","4.4853","0.6631","19"
"588138","PURE Shampoo für sensible Kopfhaut","Speick","Diverse","Naturkosmetik (BNN)","200ml","5.2693","0.779","19"
"588166","Shampoo Soothing Lavender - Maximaler Glanz","Urtekram","Diverse","Naturkosmetik (BNN)","250ml","5.2051","0.7695","19"
"588167","Shampoo Wild Lemongrass - Intensive Feuchtigkeit","Urtekram","Diverse","Naturkosmetik (BNN)","250ml","5.2051","0.7695","19"
"588181","Conditioner Soothing Lavender - Maximaler Glanz","Urtekram","Diverse","Naturkosmetik (BNN)","180ml","5.2051","0.7695","19"
"588182","Conditioner Wild Lemongrass - Intensive Feuchtigk.","Urtekram","Diverse","Naturkosmetik (BNN)","180ml","5.2051","0.7695","19"
"588184","Body Lotion Soothing Lavender","Urtekram","Diverse","Naturkosmetik (BNN)","245ml","6.8373","1.0108","19"
"588185","Wild Lemongras Body Lotion","Urtekram","Diverse","Naturkosmetik (BNN)","245ml","6.8373","1.0108","19"
"588187","Body Wash Soothing Lavender","Urtekram","Diverse","Naturkosmetik (BNN)","200ml","4.5625","0.6745","19"
"588188","Body Wash Wild Lemongrass","Urtekram","Diverse","Naturkosmetik (BNN)","200ml","4.5625","0.6745","19"
"588190","Handcreme Soothing Lavender","Urtekram","Diverse","Naturkosmetik (BNN)","75ml","4.9095","0.7258","19"
"588191","Handcreme Wild Lemongrass","Urtekram","Diverse","Naturkosmetik (BNN)","75ml","3.9327","0.5814","19"
"588194","Handwash Flüssigseife Wild Lemongrass","Urtekram","Diverse","Naturkosmetik (BNN)","300ml","4.2283","0.6251","19"
"588195","Handwash Flüssigseife Spicy Orange Blossom","Urtekram","Diverse","Naturkosmetik (BNN)","300ml","4.2283","0.6251","19"
"588214","Shampoo Coconut - für normales Haar","Urtekram","Dänemark","Naturkosmetik (BNN)","250ml","5.1794","0.7657","19"
"588215","Shampoo Rasul - bei schnell fettendem Haar","Urtekram","Dänemark","Naturkosmetik (BNN)","250ml","5.1794","0.7657","19"
"588216","Shampoo Nettle - gegen Schuppen","Urtekram","Diverse","Naturkosmetik (BNN)","250ml","5.1794","0.7657","19"
"588219","Shampoo Aloe Vera - für normales Haar","Urtekram","Diverse","Naturkosmetik (BNN)","250ml","5.1794","0.7657","19"
"588220","Shampoo Rose - für normales Haar","Urtekram","Diverse","Naturkosmetik (BNN)","250ml","5.1794","0.7657","19"
"588224","Shampoo Tea Tree - antibakteriell","Urtekram","Dänemark","Naturkosmetik (BNN)","250ml","5.1794","0.7657","19"
"588225","Shampoo Fragrance Free - bei empfindlicher Haut","Urtekram","Diverse","Naturkosmetik (BNN)","250ml","5.2051","0.7695","19"
"588231","Shampoo Nettle - Brennessel - gegen Schuppen","Urtekram","Dänemark","Naturkosmetik (BNN)","500ml","8.0968","1.197","19"
"588232","Shampoo Rasul - bei schnell fettendem Haar","Urtekram","Dänemark","Naturkosmetik (BNN)","500ml","8.0968","1.197","19"
"588233","Shampoo Children's Calendula - ohne Duft","Urtekram","Dänemark","Naturkosmetik (BNN)","500ml","8.0968","1.197","19"
"588234","Shampoo Rosemary - Rosmarin - für feines Haar","Urtekram","Dänemark","Naturkosmetik (BNN)","500ml","8.0968","1.197","19"
"588235","Shampoo Tea Tree - Teebaum - antibakteriell","Urtekram","Dänemark","Naturkosmetik (BNN)","500ml","8.0968","1.197","19"
"588236","Shampoo Rose - für normales Haar","Urtekram","Dänemark","Naturkosmetik (BNN)","500ml","8.0968","1.197","19"
"588238","Shampoo Aloe Vera - Feuchtigkeit für normales Haar","Urtekram","Dänemark","Naturkosmetik (BNN)","500ml","8.0968","1.197","19"
"588240","Pflegespülung Rose","Urtekram","Dänemark","Naturkosmetik (BNN)","180ml","4.9095","0.7258","19"
"588241","Pflegespülung Aloe Vera","Urtekram","Diverse","Naturkosmetik (BNN)","180ml","5.1794","0.7657","19"
"588245","Zahnpasta Aloe Vera","Urtekram","Deutschland","Naturkosmetik (BNN)","75ml","3.1102","0.4598","19"
"588246","Zahnpasta Tea Tree ohne Fluorid","Urtekram","Dänemark","Naturkosmetik (BNN)","75ml","3.1102","0.4598","19"
"588247","Zahnpasta Tutti Frutti - für Kinder","Urtekram","Diverse","Naturkosmetik (BNN)","75ml","3.1102","0.4598","19"
"588252","Body Wash Soft Wild Rose","Urtekram","Diverse","Naturkosmetik (BNN)","200ml","4.5625","0.6745","19"
"588253","Body Lotion Soft Wild Rose","Urtekram","Diverse","Naturkosmetik (BNN)","245ml","6.8373","1.0108","19"
"588254","Handcreme Soft Wild Rose","Urtekram","Diverse","Naturkosmetik (BNN)","75ml","3.9327","0.5814","19"
"588255","Handwash Flüssigseife Soft Wild Rose","Urtekram","Diverse","Naturkosmetik (BNN)","300ml","4.2283","0.6251","19"
"588256","Shampoo Soft Wild Rose - für coloriertes Haar","Urtekram","Dänemark","Naturkosmetik (BNN)","250ml","5.2051","0.7695","19"
"588257","Conditioner Soft Wild Rose - für coloriertes Haar","Urtekram","Dänemark","Naturkosmetik (BNN)","180ml","5.2051","0.7695","19"
"588258","Shampoo Wild Lemongrass - Intensive Feuchtigkeit","Urtekram","Dänemark","Naturkosmetik (BNN)","500ml","8.1096","1.1989","19"
"588262","Bodywash Fragrance Free - bei empfindlicher Haut","Urtekram","Diverse","Naturkosmetik (BNN)","200ml","4.5625","0.6745","19"
"588263","Body Lotion Fragrance Free - bei empfindl.Haut","Urtekram","Diverse","Naturkosmetik (BNN)","245ml","6.8373","1.0108","19"
"588265","Kristall Deo Roll Fragrance Free-bei empfindl.Haut","Urtekram","Diverse","Naturkosmetik (BNN)","50ml","4.8709","0.7201","19"
"588266","Zahncreme Fresh Mint - Whitening","Urtekram","Diverse","Naturkosmetik (BNN)","75ml","3.1102","0.4598","19"
"588267","Zahncreme Mint & Green Tea - Entzündungshemmend","Urtekram","Diverse","Naturkosmetik (BNN)","75ml","3.1102","0.4598","19"
"588268","Zahncreme Strong Mint - Sensitiv","Urtekram","Diverse","Naturkosmetik (BNN)","75ml","3.1102","0.4598","19"
"588269","Zahncreme Mint & Flurorid & Aloe Vera","Urtekram","Diverse","Naturkosmetik (BNN)","75ml","3.1102","0.4598","19"
"588270","Räucherstäbchen Süsser Liebeszauber","Nepali Gardens","NEP","100% Biozutaten","16Stück","5.7063","0.8436","19"
"588271","Räucherstäbchen Schutzengel DEMETER","Nepali Gardens","NEP","Demeter (Deutschland)","16Stück","5.7063","0.8436","19"
"588273","Räucherstäbchen Sternenhimmel DEMETER","Nepali Gardens","NEP","Demeter (Deutschland)","16Stück","5.7063","0.8436","19"
"588274","Räucherstäbchen-Mix Engel & Elfen","Nepali Gardens","NEP","100% Biozutaten","24Stück","7.2614","1.0735","19"
"588313","Baby & Kinder Wundschutzcreme","Lavera","Diverse","Naturkosmetik (BNN)","75ml","3.9584","0.5852","19"
"588314","Baby & Kinder Waschlotion und Shampoo","Lavera","Diverse","Naturkosmetik (BNN)","200ml","3.9584","0.5852","19"
"588315","Baby & Kinder Pflegecreme","Lavera","Diverse","Naturkosmetik (BNN)","75ml","3.9584","0.5852","19"
"588316","Baby Pflegeöl","Lavera","Diverse","Naturkosmetik (BNN)","100ml","5.5521","0.8208","19"
"588317","Geschenkset Hello Baby - From Nature with Love","Lavera","Diverse","Naturkosmetik (BNN)","Set","7.9939","1.1818","19"
"588501","Augencreme sensitiv Nr.59","Bioturm","Diverse","Naturkosmetik (BNN)","75ml","12.9548","1.9152","19"
"588513","Raumspray Yogaduft DEMETER","Baldini","Diverse","Demeter (Deutschland)","50ml","7.1329","1.0545","19"
"588515","Duftset Yogaduft - Duft 10ml und Duftvase","Baldini","Diverse","Naturkosmetik (BNN)","Set","9.5747","1.4155","19"
"588518","Raumspray Engelduft DEMETER","Baldini","Diverse","Demeter (Deutschland)","50ml","7.1329","1.0545","19"
"588519","Duftmischung Engelduft","Baldini","Diverse","Naturkosmetik (BNN)","10ml","7.1329","1.0545","19"
"588520","Duftset Engelduft","Baldini","Diverse","Naturkosmetik (BNN)","Set","7.5827","1.121","19"
"588521","Body Wash 3-in-1 for men only","Benecos","Diverse","Naturkosmetik (BNN)","250ml","2.9303","0.4332","19"
"588522","Body Wash 3-in-1 Sport for men only","Benecos","Diverse","Naturkosmetik (BNN)","250ml","2.9303","0.4332","19"
"588525","Waschmittel Wolle & Feines","Sodasan","Diverse","WP","6x750ml","24.2903","3.591","19"
"588529","Lip Balm Classic","Benecos","Diverse","Naturkosmetik (BNN)","4,8g","1.3495","0.1995","19"
"588530","Lip Balm Himbeere","Benecos","Diverse","Naturkosmetik (BNN)","4,8g","1.3495","0.1995","19"
"588531","Lip Balm Orange","Benecos","Deutschland","Naturkosmetik (BNN)","4,8g","1.3495","0.1995","19"
"588533","Lip Balm Vanille","Benecos","Diverse","Naturkosmetik (BNN)","4,8g","1.3495","0.1995","19"
"588534","Lip Balm Cassis","Benecos","Diverse","Naturkosmetik (BNN)","4,8g","1.3495","0.1995","19"
"588539","Ben&Anna Zahncreme Sensitive im Glas","Ben und Anna","Diverse","Naturkosmetik (BNN)","100ml","4.5625","0.6745","19"
"588540","Ben&Anna Zahnpuder Black mit Aktivkohle im Glas","Ben und Anna","Diverse","Naturkosmetik (BNN)","15g","4.5625","0.6745","19"
"588542","Ben&Anna Zahncreme Black mit Aktivkohle im Glas","Ben und Anna","Diverse","Naturkosmetik (BNN)","100ml","4.5625","0.6745","19"
"588544","Ben&Anna Zahncreme White im Glas","Ben und Anna","Diverse","Naturkosmetik (BNN)","100ml","4.5625","0.6745","19"
"588576","Haaröl Intensiv Wunderbaum","Ayluna","Diverse","Naturkosmetik (BNN)","100ml","11.5154","1.7024","19"
"588617","Eyebrow-Designer blonde","Benecos","Diverse","Naturkosmetik (BNN)","Stück","1.9921","0.2945","19"
"588623","Lipliner red!","Benecos","Diverse","Naturkosmetik (BNN)","Stück","1.9792","0.2926","19"
"588638","BB-Cream fair","Benecos","Diverse","Naturkosmetik (BNN)","30ml","4.6267","0.684","19"
"588639","BB-Cream beige","Benecos","Diverse","Naturkosmetik (BNN)","30ml","4.6267","0.684","19"
"588648","Eyeshadow-Base prime fine","Benecos","Diverse","Naturkosmetik (BNN)","Stück","3.303","0.4883","19"
"588673","Lipstick peach","Benecos","Diverse","Naturkosmetik (BNN)","Stück","3.2901","0.4864","19"
"588705","Concealer light","Benecos","Diverse","Naturkosmetik (BNN)","Stück","3.1487","0.4655","19"
"588706","Compact Powder porcellaine","Benecos","Diverse","Naturkosmetik (BNN)","Stück","3.2001","0.4731","19"
"588707","Compact powder sand","Benecos","Diverse","Naturkosmetik (BNN)","Stück","3.2001","0.4731","19"
"588709","Compact Blush mallow rose","Benecos","Diverse","Naturkosmetik (BNN)","Stück","2.5575","0.3781","19"
"588710","Compact Blush sassy salmon","Benecos","Diverse","Naturkosmetik (BNN)","Stück","2.5575","0.3781","19"
"588728","Mascara Vegan Volume magic black","Benecos","Diverse","Naturkosmetik (BNN)","Stück","3.8556","0.57","19"
"588744","Trio Blush fall in love","Benecos","Diverse","Naturkosmetik (BNN)","Stück","2.5575","0.3781","19"
"588747","Eyeshadow Quattro coffee & cream","Benecos","Diverse","Naturkosmetik (BNN)","Stück","3.8556","0.57","19"
"588758","Lipgloss flamingo","Benecos","Diverse","Naturkosmetik (BNN)","Stück","3.2901","0.4864","19"
"588759","Men Active Deo Stick","Speick","Diverse","Naturkosmetik (BNN)","40ml","4.9352","0.7296","19"
"588788","Eyeshadow Quattro smokey eyes","Benecos","Diverse","Naturkosmetik (BNN)","Stück","3.8556","0.57","19"
"588806","Fresh Bronzing Duo ibiza nights","Benecos","Diverse","Naturkosmetik (BNN)","8g","3.2001","0.4731","19"
"588809","Translucent Powder mission invisible","Benecos","Diverse","Naturkosmetik (BNN)","Stück","3.2001","0.4731","19"
"588816","Lipgloss pink blossom","Benecos","Diverse","Naturkosmetik (BNN)","Stück","3.2901","0.4864","19"
"588817","Lipgloss natural glam","Benecos","Diverse","Naturkosmetik (BNN)","Stück","3.2901","0.4864","19"
"588818","Lipstick catwalk","Benecos","Diverse","Naturkosmetik (BNN)","Stück","3.2901","0.4864","19"
"588823","Lipstick watermelon","Benecos","Diverse","Naturkosmetik (BNN)","Stück","3.2901","0.4864","19"
"588825","Natural Konjac Schwamm Black Bamboo","Benecos","Diverse","nicht per Bio-VO geregelt","Stück","3.5986","0.532","19"
"588827","Natural Nail Polish Remover - Nagellackentferner","Benecos","Diverse","Naturkosmetik (BNN)","125ml","3.2001","0.4731","19"
"588828","Mascara Adorable Lashes - deep ocean","Benecos","Diverse","Naturkosmetik (BNN)","Stück","3.2001","0.4731","19"
"588829","Mascara Glamour Look - ultimate black","Benecos","Diverse","Naturkosmetik (BNN)","Stück","3.2001","0.4731","19"
"588830","Compact Powder fair","Benecos","Diverse","Naturkosmetik (BNN)","Stück","3.2001","0.4731","19"
"588836","Face & After-Shave Balm 2-in1 for men only","Benecos","Diverse","Naturkosmetik (BNN)","50ml","3.6243","0.5358","19"
"588837","Deo Spray for men only","Benecos","Diverse","Naturkosmetik (BNN)","75ml","3.6243","0.5358","19"
"588838","Beard Oil for men only","Benecos","Diverse","Naturkosmetik (BNN)","30ml","4.0869","0.6042","19"
"588839","Shaving Cream for men only","Benecos","Diverse","Naturkosmetik (BNN)","100ml","2.8788","0.4256","19"
"588842","CC Concealer 4 Farben","Benecos","Diverse","Naturkosmetik (BNN)","6ml","3.2001","0.4731","19"
"588846","Natural Konjac Schwamm Green Tea","Benecos","Diverse","nicht per Bio-VO geregelt","Stück","3.5986","0.532","19"
"588847","Natural Konjac Schwamm Red Clay","Benecos","Diverse","nicht per Bio-VO geregelt","Stück","3.5986","0.532","19"
"588849","Geschenkset for men only","Benecos","Diverse","Naturkosmetik (BNN)","Set","5.7834","0.855","19"
"588851","Mineral Powder translucent","Benecos","Diverse","Naturkosmetik (BNN)","Stück","4.0612","0.6004","19"
"588852","Lipstick Natural MAT Wow!","Benecos","Diverse","Naturkosmetik (BNN)","Stück","3.2901","0.4864","19"
"588853","Lipstick Natural MAT very berry","Benecos","Diverse","Naturkosmetik (BNN)","Stück","3.2901","0.4864","19"
"588854","Lipstick Natural MAT muse","Benecos","Diverse","Naturkosmetik (BNN)","Stück","3.2901","0.4864","19"
"588861","Nail Polish sharp rosé","Benecos","Diverse","S#","5ml","2.5704","0.38","19"
"588862","Nail Polish peach sorbet","Benecos","Diverse","S#","5ml","2.5704","0.38","19"
"588863","Nail Polish my secret","Benecos","Diverse","S#","5ml","2.5704","0.38","19"
"588864","Nail Polish vintage red","Benecos","Diverse","S#","5ml","2.5704","0.38","19"
"588865","Nail Polish wild orchid","Benecos","Diverse","S#","5ml","2.5704","0.38","19"
"588866","Nail Polish oh lala!","Benecos","Diverse","S#","5ml","2.5704","0.38","19"
"588867","Nail Polish crystal","Benecos","Diverse","S#","5ml","2.5704","0.38","19"
"588868","Nail Polish cherry red","Benecos","Diverse","S#","5ml","2.5704","0.38","19"
"588870","Nail Polish be my baby","Benecos","Diverse","S#","5ml","2.5704","0.38","19"
"588871","Nail Polish hot summer","Benecos","Diverse","S#","5ml","2.5704","0.38","19"
"588872","Nail Polish you-nique","Benecos","Diverse","S#","5ml","2.5704","0.38","19"
"588873","Nail Polish mystery","Benecos","Diverse","S#","5ml","2.5704","0.38","19"
"588875","Nail Polish vamp","Benecos","Diverse","S#","5ml","2.5704","0.38","19"
"588876","Nail Polish rock it","Benecos","Diverse","S#","5ml","2.5704","0.38","19"
"588878","Shaving Brush - Rasierpinsel","Benecos","Diverse","nicht per Bio-VO geregelt","Stück","5.7834","0.855","19"
"588887","Powder Brush Colour Edition vegan 18cm","Benecos","Diverse","nicht per Bio-VO geregelt","Stück","5.1408","0.76","19"
"588888","Nail Polish bubble gum","Benecos","Diverse","S#","5ml","2.5704","0.38","19"
"588890","Nail Polish nordic blue","Benecos","Diverse","S#","5ml","2.5704","0.38","19"
"588891","Nail Polish licorice","Benecos","Diverse","S#","5ml","2.5704","0.38","19"
"589016","Katzenfutter Mini Snack Verwöhnbröckchen","Yarrah","Niederlande","7","10x50g","32.0015","4.731","7"
"589018","Hund Pastete Rind & Huhn & Spirulina - AluCup","Yarrah","Diverse","100% Biozutaten","12x150g","18.3527","2.7132","7"
"589024","Hunde-Paté Huhn mit Seetang-getreidefrei - AluCup","Yarrah","Diverse","100% Biozutaten","12x150g","18.3527","2.7132","7"
"589026","Ghassoul Marokkanische Lavaerde - Großpackung","Ayluna","Diverse","Naturkosmetik (BNN)","1500g","18.9567","2.8025","19"
"589047","Hundefutter trocken Geflügel Adult ab 10kg","DEFU","Diverse","100% Biozutaten","4x800g","24.9843","3.6936","7"
"589049","Hundefutter trocken Geflügel Adult ab 10kg - Sack","DEFU","Diverse","100% Biozutaten","12,5kg","61.6639","9.1162","7"
"589050","Hundefutter trocken Geflügel Adult f. kleine Hunde","DEFU","Diverse","100% Biozutaten","4x800g","24.9843","3.6936","7"
"589054","Hundefutter trocken Geflügel Senior ab 10kg","DEFU","Diverse","100% Biozutaten","12,5kg","61.6382","9.1124","7"
"589060","Hundefutter Rind sensitiv - Dose","DEFU","Diverse","100% Biozutaten","12x200g","28.6857","4.2408","7"
"589061","Hundefutter Rind sensitiv - Dose","DEFU","Diverse","100% Biozutaten","12x410g","40.2525","5.9508","7"
"589062","Hundefutter Rind sensitiv - Dose","DEFU","Diverse","100% Biozutaten","6x820g","31.9244","4.7196","7"
"589064","Hundefutter Huhn sensitiv - Dose","Demeter-Felderzeugnisse","Diverse","100% Biozutaten","12x410g","41.332","6.1104","7"
"589065","Hundefutter Huhn sensitiv - Dose","DEFU","Diverse","100% Biozutaten","6x820g","31.9244","4.7196","7"
"589067","Hundesnack Huhn-Dinkel","DEFU","Diverse","100% Biozutaten","6x200g","27.9145","4.1268","7"
"589073","Katzenfutter trocken adult Geflügel","DEFU","Diverse","100% Biozutaten","4x800g","26.835","3.9672","7"
"589083","Katzenfutter Huhn sensitiv - Alucup","DEFU","Diverse","100% Biozutaten","16x100g","24.0589","3.5568","7"
"589092","Katzenfutter Huhn sensitiv - Dose","DEFU","Diverse","100% Biozutaten","12x200g","29.9195","4.4232","7"
"589093","Katzenfutter Huhn sensitiv - Dose","DEFU","Diverse","100% Biozutaten","12x410g","41.4863","6.1332","7"
"589137","Hundekekse vegan","Yarrah","Diverse","100% Biozutaten","6x250g","18.8924","2.793","7"
"589159","Mini Snack Verwöhnbröckchen für Hunde","Yarrah","Diverse","100% Biozutaten","10x100g","55.9062","8.265","7"
"589174","SHEABUTTER Bodylotion DEMETER","Martina Gebhardt","Diverse","Demeter (Deutschland)","150ml","14.5485","2.1508","19"
"589175","Happy Aging Bodylotion DEMETER","Martina Gebhardt","Diverse","Demeter (Deutschland)","150ml","21.0516","3.1122","19"
"589226","HAND & NAIL Hand Lotion DEMETER","Martina Gebhardt","Diverse","Demeter (Deutschland)","100ml","8.8679","1.311","19"
"589228","HAND & NAIL Nail Balm DEMETER","Martina Gebhardt","Diverse","Demeter (Deutschland)","15ml","7.7241","1.1419","19"
"589233","HAND & NAIL Hand Cream DEMETER","Martina Gebhardt","Diverse","Demeter (Deutschland)","100ml","10.4872","1.5504","19"
"589246","HAND & NAIL Hand Cream DEMETER - Kleingröße","Martina Gebhardt","Diverse","Demeter (Deutschland)","15ml","5.2822","0.7809","19"
"589251","LIP BALM Lippenbalsam DEMETER","Martina Gebhardt","Diverse","Demeter (Deutschland)","15ml","6.7473","0.9975","19"
"589252","SUMMER TIME Cream DEMETER LSF6","Martina Gebhardt","Diverse","Demeter (Deutschland)","50ml","12.1194","1.7917","19"
"589253","SUMMER TIME Face & Body Lotion DEMETER","Martina Gebhardt","Diverse","Demeter (Deutschland)","150ml","13.7388","2.0311","19"
"589255","SUMMER TIME After Sun Lotion DEMETER","Martina Gebhardt","Diverse","Demeter (Deutschland)","150ml","12.9163","1.9095","19"
"589258","SUMMER TIME Cream DEMETER - Kleingröße","Martina Gebhardt","Diverse","Demeter (Deutschland)","15ml","6.4131","0.9481","19"
"589286","ALOE VERA Face Lotion DEMETER","Martina Gebhardt","Diverse","Demeter (Deutschland)","100ml","22.6709","3.3516","19"
"589287","ALOE VERA Face Lotion DEMETER - Kleingröße","Martina Gebhardt","Diverse","Demeter (Deutschland)","30ml","10.1659","1.5029","19"
"589290","YOUNG & AKTIVE Cream DEMETER","Martina Gebhardt","Diverse","Demeter (Deutschland)","50ml","12.1194","1.7917","19"
"589291","YOUNG & AKTIVE Face Lotion DEMETER","Martina Gebhardt","Diverse","Demeter (Deutschland)","100ml","14.5485","2.1508","19"
"589292","YOUNG & ACTIVE Tonic DEMETER","Martina Gebhardt","Diverse","Demeter (Deutschland)","100ml","8.5337","1.2616","19"
"589293","YOUNG & AKTIVE Cleanser DEMETER","Martina Gebhardt","Diverse","Demeter (Deutschland)","150ml","10.9756","1.6226","19"
"589351","Damenbinden normal mit Flügeln Ultra Extra","Natracare","S","100% Biozutaten","12x12Stück","35.78","5.2896","7"
"589353","Slipeinlagen lang - einzeln verpackt","Natracare","S","100% Biozutaten","10x16st","20.9488","3.097","7"
"589354","Damenbinden super mit Flügeln Ultra Extra","Natracare","S","100% Biozutaten","12x10Stück","35.78","5.2896","7"
"589381","Pflanzenhaarfarbe Honigblond","Ayluna","Diverse","Naturkosmetik (BNN)","100g","8.0325","1.1875","19"
"589382","Pflanzenhaarfarbe Saharablond","Ayluna","Diverse","Naturkosmetik (BNN)","100g","8.0325","1.1875","19"
"589383","Pflanzenhaarfarbe Karamellblond","Ayluna","Diverse","Naturkosmetik (BNN)","100g","8.0325","1.1875","19"
"589384","Ghassoul marokkanische Lavaerde","Ayluna","Diverse","Naturkosmetik (BNN)","400g","7.5184","1.1115","19"
"589385","Pflanzenhaarfarbe Kupferrot","Ayluna","Diverse","Naturkosmetik (BNN)","100g","8.0325","1.1875","19"
"589386","Pflanzenhaarfarbe Maronenrot","Ayluna","Diverse","Naturkosmetik (BNN)","100g","8.0325","1.1875","19"
"589387","Pflanzenhaarfarbe Chilirot","Ayluna","Diverse","Naturkosmetik (BNN)","100g","8.0325","1.1875","19"
"589388","Pflanzenhaarfarbe Zimtbraun","Ayluna","Diverse","Naturkosmetik (BNN)","100g","8.0325","1.1875","19"
"589389","Pflanzenhaarfarbe Kaffeebraun","Ayluna","Diverse","Naturkosmetik (BNN)","100g","8.0325","1.1875","19"
"589390","Pflanzenhaarfarbe Schokobraun","Ayluna","Diverse","Naturkosmetik (BNN)","100g","8.0325","1.1875","19"
"589391","Pflanzenhaarfarbe Bordeauxrot","Ayluna","Diverse","Naturkosmetik (BNN)","100g","8.0325","1.1875","19"
"589392","Pflanzenhaarfarbe Schwarzbraun","Ayluna","Diverse","Naturkosmetik (BNN)","100g","8.0325","1.1875","19"
"589393","Pflanzenhaarfarbe Tiefschwarz","Ayluna","Diverse","Naturkosmetik (BNN)","100g","8.0325","1.1875","19"
"589399","Hunde-Paté Huhn-Truthahn mit Aloe Vera - AluCup","Yarrah","Diverse","100% Biozutaten","12x150g","18.3527","2.7132","7"
"589469","ROSE Bronzing Fluid DEMETER","Martina Gebhardt","Diverse","Demeter (Deutschland)","30ml","11.7853","1.7423","19"
"590493","WC-Reiniger Kraftgel","Sodasan","Diverse","WP","6x750ml","18.5069","2.736","19"
"590725","Sauerstoffbleiche","AlmaWin","Diverse","WP","6x400g","16.6562","2.4624","19"
"591217","Eisenkrautseife mit Karitebutter","Savon du Midi","Frankreich","Naturkosmetik (BNN)","12x100g","25.447","3.762","19"
"592055","Powder Brush Colour Edition vegan 16cm","Benecos","Diverse","nicht per Bio-VO geregelt","Stück","4.4982","0.665","19"
"592058","Blending Brush Colour Edition vegan 16cm","Benecos","Diverse","nicht per Bio-VO geregelt","Stück","2.5704","0.38","19"
"592059","Angled Brush Colour Edition vegan 14cm","Benecos","Diverse","nicht per Bio-VO geregelt","Stück","2.5704","0.38","19"
"592060","Make-Up Sponge vegan","Benecos","Deutschland","nicht per Bio-VO geregelt","Stück","2.5704","0.38","19"
"592067","Zahnseide-Sticks Bambus - ungewachste Zahns. 20St.","Hydrophil","Volksrepublik China","nicht per Bio-VO geregelt","Pack","3.0202","0.4465","19"
"592073","AUROMÈRE Kräuter-Zahncreme","spa vivent Vertriebs GmbH","Indien","Naturkosmetik (BNN)","75ml","4.2669","0.6308","19"
"592074","AUROMÈRE Kräuter-Mundwasser","spa vivent Vertriebs GmbH","Diverse","Naturkosmetik (BNN)","100ml","9.7033","1.4345","19"
"592075","AUROMÈRE Kräuter-Mundöl","spa vivent Vertriebs GmbH","Diverse","Naturkosmetik (BNN)","100ml","14.4585","2.1375","19"
"592081","Handcreme mit Microsilber","Unicorn","Diverse","","75ml","5.7191","0.8455","19"
"592094","Lip Balm Care & Repair","Primavera","Diverse","Naturkosmetik (BNN)","4,6G","3.4957","0.5168","19"
"592095","Lip Balm Care & Glow","Primavera","Diverse","Naturkosmetik (BNN)","4,7g","3.4957","0.5168","19"
"592111","Maschinenspülmittel","AlmaWin","Diverse","WP","5x1,25kg","40.7408","6.023","19"
"592164","Zeder","Baldini","Diverse","EG-Bio","5ml","3.7913","0.5605","19"
"592328","Feuchtigkeitsspendende Hydro Tuchmaske","Lavera","Diverse","Naturkosmetik (BNN)","21ml","3.8942","0.5757","19"
"592329","Klärende Tuchmaske","Lavera","Diverse","Naturkosmetik (BNN)","21ml","3.0973","0.4579","19"
"592330","Glow Tuchmaske","Lavera","Diverse","Naturkosmetik (BNN)","21ml","3.0973","0.4579","19"
"592331","Straffende Tuchmaske","Lavera","Diverse","Naturkosmetik (BNN)","21ml","3.0973","0.4579","19"
"592351","Gewürzglas mit Bügelverschluß 70 ml KILNER","Memo","Deutschland","nicht per Bio-VO geregelt","Stück","3.4058","0.5035","19"
"592353","Vorratsglas mit Bügelverschluß 1 Liter KILNER","Memo","Deutschland","nicht per Bio-VO geregelt","Stück","8.2895","1.2255","19"
"592354","Vorratsglas mit Bügelverschluß 1,5 Liter KILNER","Memo","Deutschland","nicht per Bio-VO geregelt","Stück","10.0888","1.4915","19"
"592355","Fermentierglas 3l mit Anleitung & Rezepten KILNER","Memo","Volksrepublik China","nicht per Bio-VO geregelt","Stück","37.2065","5.5005","19"
"592391","Trinkglas Authentic Recyclingglas 0,25 l","Memo","Spanien","nicht per Bio-VO geregelt","3Stück","11.6825","1.7271","19"
"592392","Trinkglas Authentic Recyclingglas 0,3 l - 3 er SET","Memo","Spanien","nicht per Bio-VO geregelt","3Stück","12.1066","1.7898","19"
"592393","Glasflasche Authentic Recycl.Glas Bügelverschl. 1l","Memo","Spanien","nicht per Bio-VO geregelt","Stück","7.904","1.1685","19"
"592612","Stearin-Stumpenkerze elfenbein 135x64mm","Kerzenfarm Hahn","Diverse","","6Stück","24.2132","3.5796","19"
"592629","Maschinenspülmittel","Sonett","Diverse","WP","4x1,5kg","27.5033","4.066","19"
"592711","Color Waschmittel flüssig Lindenblüte ÖkoPack NF","AlmaWin","Diverse","WP","6x1,5l","32.2328","4.7652","19"
"592763","Calendula Gesichtscreme","Weleda","Diverse","Naturkosmetik (BNN)","50ml","5.9119","0.874","19"
"592764","Calendula Wind-und-Wetterbalsam","Weleda","Diverse","Naturkosmetik (BNN)","30ml","5.9119","0.874","19"
"592765","Baby-Bäuchleinöl","Weleda","Diverse","Naturkosmetik (BNN)","50ml","9.8061","1.4497","19"
"592783","Tassilo Linde Cream DEMETER","Martina Gebhardt","Diverse","Demeter (Deutschland)","50ml","14.0601","2.0786","19"
"592814","Black Soap - Aktivkohleseife","Speick","Diverse","Naturkosmetik (BNN)","100g","3.0845","0.456","19"
"592836","Tassilo Linde Face Lotion DEMETER","Martina Gebhardt","Diverse","Demeter (Deutschland)","100ml","16.8104","2.4852","19"
"592933","Granatapfel Intensiv Handcreme","Weleda","Diverse","Naturkosmetik (BNN)","50ml","5.732","0.8474","19"
"592934","Calendula Waschlotion & Shampoo","Weleda","Diverse","Naturkosmetik (BNN)","200ml","6.7216","0.9937","19"
"592935","Citrus Erfrischungs-Öl","Weleda","Diverse","Naturkosmetik (BNN)","100ml","12.7877","1.8905","19"
"592936","Calendula Pflegecreme Körper & Gesicht","Weleda","Diverse","Naturkosmetik (BNN)","75ml","6.9144","1.0222","19"
"592937","Calendula Wundschutzcreme","Weleda","Diverse","Naturkosmetik (BNN)","75ml","6.426","0.95","19"
"592939","Calendula Wundschutzcreme","Weleda","Diverse","Naturkosmetik (BNN)","30ml","2.9046","0.4294","19"
"592940","Calendula Pflegecreme Körper & Gesicht","Weleda","Diverse","Naturkosmetik (BNN)","30ml","2.9046","0.4294","19"
"592959","Ringelblumensalbe","Fitne","Diverse","Naturkosmetik (BNN)","75ml","5.2051","0.7695","19"
"592961","Basischer Duschbalsam","Fitne","Diverse","Naturkosmetik (BNN)","200ml","6.4903","0.9595","19"
"592965","Calendula Plegemilch","Weleda","Diverse","Naturkosmetik (BNN)","200ml","9.202","1.3604","19"
"594169","Rose 10% afghanisch","Primavera","AFG","Naturkosmetik (BNN)","5ml","19.2137","2.8405","19"
"594325","Zirbenkugel zum Beduften","Primavera","Österreich","nicht per Bio-VO geregelt","Stück","17.0675","2.5232","19"
"594334","Wintergrün","Primavera","NEP","Naturkosmetik (BNN)","5ml","7.7883","1.1514","19"
"594491","Duft Roll-On Leichter Lernen","Primavera","Diverse","Naturkosmetik (BNN)","10ml","8.4952","1.2559","19"
"594545","Raumspray Leichter Lernen","Primavera","Diverse","nicht per Bio-VO geregelt","50ml","10.6415","1.5732","19"
"594552","Duftmischung Leichter Lernen","Primavera","Diverse","nicht per Bio-VO geregelt","5ml","7.0686","1.045","19"
"594567","Kopfwohl Roll-On","Primavera","Diverse","Naturkosmetik (BNN)","10ml","7.7755","1.1495","19"
"594573","Ingwer","Primavera","Sri Lanka - Ceylon","Naturkosmetik (BNN)","5ml","9.9217","1.4668","19"
"594578","Himalayazeder extra","Primavera","Indien","Naturkosmetik (BNN)","5ml","5.642","0.8341","19"
"594595","Lärche","Primavera","Österreich","Naturkosmetik (BNN)","5ml","9.2149","1.3623","19"
"594659","Ghassoul Waschcreme - Marokkanische Lavaerde","Ayluna","Diverse","Naturkosmetik (BNN)","200ml","7.3899","1.0925","19"
"594660","Pflanzenhaarfarbe Dunkelblond","Ayluna","Diverse","Naturkosmetik (BNN)","100g","8.0325","1.1875","19"
"594661","Pflanzenhaarfarbe Hellbraun","Ayluna","Diverse","Naturkosmetik (BNN)","100g","8.0325","1.1875","19"
"594670","MEMO Spülbürstenkopf 1St","Memo","Diverse","nicht per Bio-VO geregelt","Stück","1.0924","0.1615","19"
"594671","White Soap Rügener Heilkreide für sensible Haut","Speick","Diverse","Naturkosmetik (BNN)","100g","3.0845","0.456","19"
"594672","Red Soap Rote Heilerde basisch regenerierend","Speick","Diverse","Naturkosmetik (BNN)","100g","3.0845","0.456","19"
"594735","Mini Duftstein in einer Weißblechdose","Primavera","Portugal","nicht per Bio-VO geregelt","Stück","5.642","0.8341","19"
"594845","Sanddorn Handcreme","Weleda","Diverse","Naturkosmetik (BNN)","50ml","5.6549","0.836","19"
"594851","Aroma Vernebler Feel Happy","Primavera","Volksrepublik China","nicht per Bio-VO geregelt","Stück","41.1264","6.08","19"
"594869","MEMO Brotbeutel 2St - 35x40cm","Memo","Diverse","nicht per Bio-VO geregelt","2Stück","4.5625","0.6745","19"
"594871","Aroma Thermo Duftstein Simply Silent","Primavera","Volksrepublik China","nicht per Bio-VO geregelt","Stück","27.0663","4.0014","19"
"594881","Einweg-Handschuhe FairZone Naturlatex - Größe M","Memo","Diverse","nicht per Bio-VO geregelt","100Stück","16.9518","2.5061","19"
"594882","Einweg-Handschuhe FairZone Naturlatex - Größe L","Memo","Diverse","nicht per Bio-VO geregelt","100Stück","17.3888","2.5707","19"
"596235","Duftlampe Taupe matt","Primavera","Portugal","nicht per Bio-VO geregelt","Stück","19.2137","2.8405","19"
"596238","Duftbrunnen Rondo cremeweiß matt","Primavera","Portugal","nicht per Bio-VO geregelt","Stück","57.05","8.4341","19"
"596604","Kinder-Zahngel","Weleda","Diverse","Naturkosmetik (BNN)","50ml","4.0998","0.6061","19"
"596882","Shampoo Hirse Gentle & Mild","Weleda","Diverse","Naturkosmetik (BNN)","190ml","6.9658","1.0298","19"
"596883","Shampoo Hafer - Replenish & Care","Weleda","Diverse","Naturkosmetik (BNN)","190ml","6.9658","1.0298","19"
"596885","Hafer Aufbau-Spülung","Weleda","Diverse","Naturkosmetik (BNN)","200ml","6.9658","1.0298","19"
"596910","Calendula-Pflegeöl parfumfrei","Weleda","Diverse","Naturkosmetik (BNN)","200ml","8.9321","1.3205","19"
"597698","Raumspray Feelkraft DEMETER","Baldini","Diverse","Demeter (Deutschland)","50ml","6.9915","1.0336","19"
"597699","Raumspray Feelfreude DEMETER","Baldini","Diverse","Demeter (Deutschland)","50ml","7.1329","1.0545","19"
"597713","Vernebler TaoWell Mini","Baldini","Diverse","nicht per Bio-VO geregelt","Stück","34.5719","5.111","19"
"597721","MYTAO Mein Bioparfum eins DEMETER","MyTao","Diverse","Demeter (Deutschland)","15ml","12.1451","1.7955","19"
"597723","MYTAO Mein Bioparfum drei DEMETER","MyTao","Diverse","Demeter (Deutschland)","15ml","12.1451","1.7955","19"
"597724","MYTAO Mein Bioparfum vier DEMETER","MyTao","Diverse","Demeter (Deutschland)","15ml","14.7155","2.1755","19"
"597725","MYTAO Mein Bioparfum fünf DEMETER","MyTao","Diverse","Demeter (Deutschland)","15ml","15.9365","2.356","19"
"597726","MYTAO Mein Bioparfum sieben DEMETER","MyTao","Diverse","Demeter (Deutschland)","15ml","16.0007","2.3655","19"
"597737","Duftmischung Feelkraft DEMETER","Baldini","Diverse","Demeter (Deutschland)","5ml","3.1487","0.4655","19"
"597738","Duftmischung Feelruhe DEMETER","Baldini","Diverse","Demeter (Deutschland)","5ml","3.1487","0.4655","19"
"597740","Duftmischung Feelmeer DEMETER","Baldini","Diverse","Demeter (Deutschland)","5ml","3.1487","0.4655","19"
"597741","Duftmischung Feelfreude DEMETER","Baldini","Diverse","Demeter (Deutschland)","5ml","3.1487","0.4655","19"
"597743","Duftmischung Yogaduft","Baldini","Diverse","Naturkosmetik (BNN)","10ml","7.1329","1.0545","19"
"597794","Duftset Buddha","Baldini","Diverse","Naturkosmetik (BNN)","Set","9.5747","1.4155","19"
"597805","Bienenwachs-Stumpen 45x60mm","Kerzenfarm Hahn","Diverse","","10Stück","30.7163","4.541","19"
"597806","Bienenwachs-Stumpen 45x95mm","Kerzenfarm Hahn","Diverse","","6Stück","33.8522","5.0046","19"
"597807","Bienenwachs-Stumpen 64x75mm","Kerzenfarm Hahn","Diverse","","4Stück","24.1104","3.5644","19"
"597808","Bienenwachs-Baumkerzen","Kerzenfarm Hahn","Deutschland","","20Stück","5.8991","0.8721","19"
"597809","Bienenwachs-Teelichte lose","Kerzenfarm Hahn","Deutschland","","42Stück","22.6709","3.3516","19"
"597811","Stearin-Teelichte weiß","Kerzenfarm Hahn","Deutschland","","10Stück","2.5575","0.3781","19"
"597812","Stearin-Teelichte rot","Kerzenfarm Hahn","Deutschland","","10Stück","2.5575","0.3781","19"
"597813","Stearin-Teelichte violett","Kerzenfarm Hahn","Deutschland","","10Stück","2.5575","0.3781","19"
"597814","Stearin-Stabkerzen weiß","Kerzenfarm Hahn","Diverse","","4Stück","3.8427","0.5681","19"
"597815","Stearin-Stabkerzen rot","Kerzenfarm Hahn","Deutschland","","4Stück","3.8427","0.5681","19"
"597816","Stearin-Stabkerzen elfenbein","Kerzenfarm Hahn","Diverse","","4Stück","3.8427","0.5681","19"
"597817","Stearin-Stabkerzen orange","Kerzenfarm Hahn","Diverse","","4Stück","3.8427","0.5681","19"
"597818","Stearin-Stabkerzen gelb","Kerzenfarm Hahn","Diverse","","4Stück","3.8427","0.5681","19"
"597819","Stearin-Stabkerzen dunkelrot","Kerzenfarm Hahn","Deutschland","","4Stück","3.8427","0.5681","19"
"597826","Stearin-Stumpenkerze elfenbein 90x50mm","Kerzenfarm Hahn","Diverse","","10Stück","21.2058","3.135","19"
"597827","Stearin-Stumpenkerze rot 90x50mm","Kerzenfarm Hahn","Diverse","","10Stück","21.2058","3.135","19"
"597828","Stearin-Stumpenkerze elfenbein 75x64mm","Kerzenfarm Hahn","Diverse","","6Stück","15.8851","2.3484","19"
"597829","Stearin-Stumpenkerze rot 75x64mm","Kerzenfarm Hahn","Diverse","","6Stück","15.8851","2.3484","19"
"597831","Stearin-Stumpenkerze dunkelrot 75x64mm","Kerzenfarm Hahn","Diverse","","6Stück","15.8851","2.3484","19"
"597832","Stearin-Stumpenkerze dunkelrot 135x64mm","Kerzenfarm Hahn","Diverse","","6Stück","24.2132","3.5796","19"
"597833","Stearin-Stumpenkerze rot 135x64mm","Kerzenfarm Hahn","Diverse","","6Stück","24.2132","3.5796","19"
"597834","Stearin-Teelichte weiß - in Aluhülse","Kerzenfarm Hahn","Deutschland","","50Stück","4.601","0.6802","19"
"597837","Stearin-Baumkerzen elfenbein","Kerzenfarm Hahn","Deutschland","","20Stück","5.6292","0.8322","19"
"597838","Stearin-Baumkerzen rot","Kerzenfarm Hahn","Deutschland","","20Stück","5.6292","0.8322","19"
"597839","Geschirrtücher aus Bio-Baumwolle 50x70cm - 2St","Memo","Diverse","nicht per Bio-VO geregelt","2Stück","7.3899","1.0925","19"
"597840","MEMO Kosmetiktücher Recycling soft 2-lagig","Memo","Diverse","nicht per Bio-VO geregelt","100Stück","1.4266","0.2109","19"
"597852","Wattestäbchen","BEL nature","Türkei","EG-Bio","24x200st","42.8743","6.3384","19"
"597853","Lagenwatte","BEL nature","Türkei","EG-Bio","12x100g","32.0786","4.7424","19"
"597870","Zündhölzer FSC 55mm - 3er-Pack","Soluxan","Europäische Union","nicht per Bio-VO geregelt","12x3x100St","10.6415","1.5732","19"
"597873","Zündhölzer FSC 95mm - Motiv Kerzen","Soluxan","Europäische Union","nicht per Bio-VO geregelt","12x45St","12.8006","1.8924","19"
"597877","MEMO Malkasten Natural Colours - 12 Farben","Memo","Diverse","nicht per Bio-VO geregelt","Stück","12.595","1.862","19"
"597878","MEMO Buntstifte Natural Colours - 12 Farben","Memo","Diverse","nicht per Bio-VO geregelt","Pack","3.7913","0.5605","19"
"597879","MEMO Zeichenblock A4","Memo","Diverse","nicht per Bio-VO geregelt","10Stück","15.2939","2.261","19"
"597880","MEMO Straßenmalkreiden rund - 6 Farben","Memo","Diverse","nicht per Bio-VO geregelt","12x6Stück","15.2682","2.2572","19"
"597882","Bienenwachs-Teelichte 10St","Memo","Diverse","nicht per Bio-VO geregelt","Pack","8.2895","1.2255","19"
"597887","Spülmaschinen-Reiniger","AlmaWin","Diverse","WP","6x200g","19.1238","2.8272","19"
"597890","Waschmittel flüssig ÖkoPack","AlmaWin","Diverse","WP","6x1,5l","31.1532","4.6056","19"
"597894","Spülmittel Zitronengras - Kanister","AlmaWin","Diverse","WP","5l","14.7669","2.1831","19"
"597911","Alufolie 100% recycelt B=29cm |10lfm","If You Care","Diverse","nicht per Bio-VO geregelt","12Ro","34.7004","5.13","19"
"597912","Backförmchen groß FSC ungebl. kompost. D=63mm","If You Care","S","nicht per Bio-VO geregelt","24x60st","47.8094","7.068","19"
"597917","Sandwich- & Snackbeutel 19x16cm","If You Care","S","nicht per Bio-VO geregelt","12x48st","41.4863","6.1332","19"
"597922","Grill- & Feueranzünder aus Biomasse","If You Care","Niederlande","nicht per Bio-VO geregelt","12x28St","21.4371","3.1692","19"
"597930","Mülleimerbeutel Secolan weiß ohne Zugband - 20L","Memo","Diverse","nicht per Bio-VO geregelt","25Stück","2.0306","0.3002","19"
"597931","Mülleimerbeutel Secolan weiß mit Zugband - 35L","Memo","Diverse","nicht per Bio-VO geregelt","20Stück","2.8917","0.4275","19"
"597932","MEMO Spülbürste","Memo","Diverse","nicht per Bio-VO geregelt","Stück","1.8764","0.2774","19"
"597937","MEMO Baumwollbeutel für Obst & Gemüse 2St","Memo","Diverse","nicht per Bio-VO geregelt","2Stück","4.4725","0.6612","19"
"597941","Weichspüler Lavendel","AlmaWin","Diverse","WP","6x750ml","14.2657","2.109","19"
"597944","Orangenöl-Reiniger extra stark KONVENTIONELL","AlmaWin","Diverse","konventionell","6x500ml","84.2834","12.4602","19"
"597947","Vollwaschmittel","AlmaWin","Diverse","WP","2x4,6kg","56.1375","8.2992","19"
"597952","MEMO Gummihandschuhe gelb FairZone - Größe M","Memo","Diverse","nicht per Bio-VO geregelt","1Paar","3.2001","0.4731","19"
"597954","Trinkhalme aus Papier grün-weiß 20St","Memo","Deutschland","nicht per Bio-VO geregelt","Pack","3.1487","0.4655","19"
"597955","Trinkhalme aus Papier pink-weiß 20St","Memo","Deutschland","nicht per Bio-VO geregelt","Pack","3.1487","0.4655","19"
"597959","MEMO Gummihandschuhe gelb FairZone - Größe L","Memo","Diverse","nicht per Bio-VO geregelt","1Paar","3.2001","0.4731","19"
"597963","PURE Deo Stick","Speick","Diverse","Naturkosmetik (BNN)","40ml","4.5239","0.6688","19"
"599041","Geschenkset Duftendes Zitrusglück","Primavera","Diverse","Naturkosmetik (BNN)","Set","13.1604","1.9456","19"
"599042","Geschenkset Duftende Hausapotheke","Primavera","Diverse","EG-Bio","Set","14.1886","2.0976","19"
"599044","SUN After Sun Lotion","Speick","Diverse","Naturkosmetik (BNN)","200ml","10.2173","1.5105","19"
"599048","Men Active Gesichtsfluid","Speick","Diverse","Naturkosmetik (BNN)","30ml","9.0478","1.3376","19"
"599091","Thermal Sensitiv Deo Stick","Speick","Diverse","Naturkosmetik (BNN)","40ml","5.3336","0.7885","19"
"599104","Men Active Bodylotion","Speick","Diverse","Naturkosmetik (BNN)","150ml","5.7834","0.855","19"
"599105","aloe vera hydro repair gel ohne Duft","SantaVerde","Diverse","Naturkosmetik (BNN)","30ml","19.6122","2.8994","19"
"599108","Natural Aktiv Deo Roll-on ohne Alkohol","Speick","Diverse","Naturkosmetik (BNN)","50ml","5.2693","0.779","19"
"599149","Haarseife im Tray","Speick","Diverse","Naturkosmetik (BNN)","12x45G","26.0639","3.8532","19"
"599200","Haarseife Fleur de Shampooing für normales Haar","Douce Nature","Diverse","Naturkosmetik (BNN)","85g","4.9866","0.7372","19"
"599201","Haarseife Fleur de Shampooing für trockenes Haar","Douce Nature","Diverse","Naturkosmetik (BNN)","85g","4.9866","0.7372","19"
"599202","Haarseife Fleur de Shampooing für fettiges Haar","Douce Nature","Diverse","Naturkosmetik (BNN)","85g","4.7809","0.7068","19"
"599203","Haarseife Fleur de Shampooing Anti-Schuppen","Douce Nature","Diverse","Naturkosmetik (BNN)","85g","4.9866","0.7372","19"
"599204","Weichspüler Orangenblüte","AlmaWin","Diverse","WP","6x750ml","15.6537","2.3142","19"
"599208","MEMO Toilettenpapier Recycling 2-lagig | 250 Blatt","Memo","Diverse","nicht per Bio-VO geregelt","8x8RO","28.9941","4.2864","19"
"599218","Buchenbrett rund mit Griff Durchmesser 23,5cm","Boska","Niederlande","","Stück","12.1965","1.8031","19"
"599301","Reinigungsschaum","Cattier","Diverse","Naturkosmetik (BNN)","150ml","9.202","1.3604","19"
"599303","Augen-Make-Up-Entferner","Cattier","Diverse","Naturkosmetik (BNN)","150ml","7.0686","1.045","19"
"599324","Soap Bar Hair & Body - Seife Blutorange","Speick","Diverse","Naturkosmetik (BNN)","6x125g","17.6586","2.6106","19"
"599325","Soap Bar Hair & Body - Seife Zitrone","Speick","Diverse","Naturkosmetik (BNN)","6x125g","17.6586","2.6106","19"
"599326","Soap Bar Hair & Body - Seife Kokos","Speick","Diverse","Naturkosmetik (BNN)","6x125g","17.6586","2.6106","19"
"599327","Soap Bar Hair & Body - Seife Bergamotte","Speick","Diverse","Naturkosmetik (BNN)","6x125g","17.6586","2.6106","19"
"599339","Buchenbrett mit Griff 44x11cm","Boska","Niederlande","","Stück","8.6494","1.2787","19"
"599344","MEMO 10er Baumwoll-Kosmetikpads mit Wäschebeutel","Memo","Indien","nicht per Bio-VO geregelt","Pack","11.5025","1.7005","19"
"599390","Ringelblume Hautschutzsalbe","Kneipp","Diverse","Naturkosmetik (BNN)","75ml","3.6114","0.5339","19"
"599444","Feste Pflegedusche High Vitality","Lavera","Diverse","Naturkosmetik (BNN)","50g","2.5704","0.38","19"
"599445","Feste Pflegedusche Happy Freshness","Lavera","Diverse","Naturkosmetik (BNN)","50g","2.5704","0.38","19"
"599446","Feste Dusche 2in1 basis sensitiv Hydro Feeling","Lavera","Diverse","Naturkosmetik (BNN)","50g","2.5704","0.38","19"
"599521","Abfluss - Reiniger","AlmaWin","Diverse","WP","6x1l","26.4494","3.9102","19"
"599522","Spülmittel Zitronengras","AlmaWin","Diverse","WP","10X1L","32.0015","4.731","19"
"599523","Textilauffrischer","AlmaWin","Diverse","WP","6x500ml","19.2009","2.8386","19"
"602000","Katzenfutter trocken Huhn adult","Yarrah","Diverse","100% Biozutaten","6x800g","43.3369","6.4068","7"
"602002","Katzenfutter trocken mit Huhn","Yarrah","Diverse","100% Biozutaten","2,4kg","21.1929","3.1331","7"
"602006","Katzenfutter trocken Huhn adult - lose","Yarrah","Niederlande","100% Biozutaten","10kg","79.5282","11.7572","7"
"602008","Katzenfutter trocken mit MSC-Hering","Yarrah","Diverse","100% Biozutaten","6x800g","43.3369","6.4068","7"
"602010","Katzenfutter trocken mit MSC-Hering","Yarrah","Diverse","100% Biozutaten","2,4kg","21.1929","3.1331","7"
"602016","Katzenfutter trocken Huhn & Fisch grainfree","Yarrah","Diverse","96%","6x800g","58.2196","8.607","7"
"602019","Katzenfutter Filets in Soße mit Rind - Pouch","Yarrah","Diverse","100% Biozutaten","14x85g","17.6329","2.6068","7"
"602020","Katzenfutter Filets in Soße mit Huhn - Pouch","Yarrah","Diverse","100% Biozutaten","14x85g","17.6329","2.6068","7"
"602021","Katzenfutter Filets in Soße m.Truthahn - Pouch","Yarrah","Diverse","100% Biozutaten","14x85g","17.6329","2.6068","7"
"602022","Hundekotbeutel kompostierbar 4 x 15 Tüten","Yarrah","Diverse","nicht per Bio-VO geregelt","Pack","4.164","0.6156","7"
"602024","Katzenfutter Huhn grainfree für sterilis. Katzen","Yarrah","Diverse","100% Biozutaten","6x700g","56.6773","8.379","7"
"602036","Hundefutter trocken Huhn adult - lose","Yarrah","Niederlande","100% Biozutaten","15kg","103.2144","15.2589","7"
"602042","Hundefutter trocken Huhn für kleine Hunde","Yarrah","Diverse","100% Biozutaten","4x2kg","68.6297","10.146","7"
"602046","Hundefutter trocken Huhn & Fisch grainfree","Yarrah","Diverse","100% Biozutaten","4x2kg","94.3337","13.946","7"
"602048","Hundefutter trocken Huhn & Fisch grainfree - lose","Yarrah","Niederlande","100% Biozutaten","10kg","98.8961","14.6205","7"
"639729","Deo Roll-on neutral","Lavera","Diverse","Naturkosmetik (BNN)","50ml","4.4596","0.6593","19"
"680217","Mundziehöl Kokos","Dr. Goerg","Diverse","Naturkosmetik (BNN)","6x180ml","53.9013","7.9686","19"
"685174","Zahnpflege Kaugummi Pfefferminze zuckerfrei","Birkengold","Diverse","Naturkosmetik (BNN)","20x28g","47.5524","7.03","7"
"685178","Zahnpflege Kaugummi Grüne Minze zuckerfrei","Birkengold","Diverse","Naturkosmetik (BNN)","20x28g","47.5524","7.03","7"
"685179","Zahnpflege Kaugummi Frucht zuckerfrei","Birkengold","Diverse","Naturkosmetik (BNN)","20x28g","47.5524","7.03","7"
"685337","Zahnpflege Kaugummi Energy Minze zuckerfrei","Birkengold","Diverse","Naturkosmetik (BNN)","20x28g","56.2918","8.322","7"
"685338","Zahnpflege Lolli Erdbeere zuckerfrei vegan","Birkengold","FIN","Naturkosmetik (BNN)","20x6g","22.3625","3.306","7"
"685339","Zahnpflege Lolli Himbeere zuckerfrei vegan","Birkengold","FIN","Naturkosmetik (BNN)","20x6g","22.3625","3.306","7"
"685365","Zahnbürste Anna & Anna","Ben und Anna","Volksrepublik China","Naturkosmetik (BNN)","Stück","2.3776","0.3515","19"
"685366","Zahnbürste Ben & Anna","Ben und Anna","Volksrepublik China","Naturkosmetik (BNN)","Stück","2.3776","0.3515","19"
"685367","Zahnbürste Ben & Ben","Ben und Anna","Volksrepublik China","Naturkosmetik (BNN)","Stück","2.3776","0.3515","19"
"685368","Mundspülung - Mouthwash sensitive","Ben und Anna","Diverse","Naturkosmetik (BNN)","500ml","6.9144","1.0222","19"
"685369","Ben&Anna Handcreme Almond Oil - Glas","Ben und Anna","Diverse","Naturkosmetik (BNN)","30ml","2.8531","0.4218","19"
"685370","Ben&Anna Handcreme Avocado Oil - Glas","Ben und Anna","Diverse","Naturkosmetik (BNN)","30ml","2.8531","0.4218","19"
"685372","Ben&Anna Badesalz Cornflower","Ben und Anna","Lettland","Naturkosmetik (BNN)","300g","4.0355","0.5966","19"
"685373","Ben&Anna Badesalz Lavender","Ben und Anna","Lettland","Naturkosmetik (BNN)","300g","4.0355","0.5966","19"
"685374","Ben&Anna Badesalz Rose","Ben und Anna","Lettland","Naturkosmetik (BNN)","300g","4.0355","0.5966","19"
"685375","Ben&Anna Shower- Gel Berry Infusion","Ben und Anna","Lettland","Naturkosmetik (BNN)","250ml","3.3672","0.4978","19"
"685376","Ben&Anna Shower- Gel Blue Lagoon","Ben und Anna","Lettland","Naturkosmetik (BNN)","250ml","3.3672","0.4978","19"
"686550","Mundziehöl","Bitterkraft","Deutschland","Naturkosmetik (BNN)","200ml","14.7798","2.185","19"
"686856","Festes Feuchtigkeits Shampoo 2in1","Sante","Diverse","Naturkosmetik (BNN)","60g","4.5239","0.6688","19"
"686857","Family Festes Glanz Shampoo 2in1","Sante","Diverse","Naturkosmetik (BNN)","60g","4.5239","0.6688","19"
"689504","Katzenfutter Hofhuhn-Happen in Gelee - AluCup","DEFU","Diverse","100% Biozutaten","16x100g","24.0589","3.5568","7"
"689505","Katzenfutter Pute in Gelee - AluCup","DEFU","Diverse","100% Biozutaten","16x100g","24.0589","3.5568","7"
"689506","Katzenfutter Atlantiklachs in Gelee - AluCup","DEFU","Diverse","100% Biozutaten","16x100g","24.0589","3.5568","7"
"689523","Hundefutter trocken Geflügel Adult ab 10kg","DEFU","Diverse","100% Biozutaten","3x3kg","57.6798","8.5272","7"
"689525","Hundefutter trocken Geflügel Senior ab 10kg","DEFU","Diverse","100% Biozutaten","3x3kg","57.6798","8.5272","7"
"689527","Katzenfutter trocken adult Geflügel","DEFU","Diverse","100% Biozutaten","3x3kg","56.1761","8.3049","7"
"689532","Hundefutter Rind getreidefrei - Dose","DEFU","Diverse","100% Biozutaten","6x820g","34.0835","5.0388","7"
"689539","Hundefutter Huhn getreidefrei - Dose","DEFU","Diverse","100% Biozutaten","6x820g","34.0835","5.0388","7"
"689540","Katzenfutter Truthahn sensitiv - Alucup","DEFU","Diverse","100% Biozutaten","16x100g","24.0589","3.5568","7"
"689543","Katzenfutter Lachs sensitiv - Alucup","DEFU","Diverse","100% Biozutaten","16x100g","24.0589","3.5568","7"
"689545","Vogelfutter DEFU Sonnenblumenkerne","DEFU","Diverse","EG-Bio","8x1kg","47.7066","7.0528","7"
"689546","Vogelfutter DEFU Streufutter","DEFU","Diverse","100% Biozutaten","8x1kg","58.5023","8.6488","7"
"689552","Katzenfutter Lachs Paté sensitiv - Dose","DEFU","Diverse","100% Biozutaten","12x200g","29.7652","4.4004","7"
"689555","Katzenfutter Lachs Paté sensitiv - Dose","DEFU","Diverse","100% Biozutaten","12x410g","41.4863","6.1332","7"
"689560","Vogelfutter DEFU Meisenknödel o. Netz 25St - Eimer","DEFU","Diverse","100% Biozutaten","2,5kg","31.3846","4.6398","7"
"690015","Family Feste Feuchtigkeits Pflege-Spülung","Sante","Diverse","Naturkosmetik (BNN)","60g","4.5239","0.6688","19"
"690017","Feste Duschpflege Happiness Orange & Mango","Sante","Diverse","Naturkosmetik (BNN)","80g","3.4058","0.5035","19"
"690056","Wunder Haarmaske - aufbauend für geschädigtes Haar","Unique Beauty","Diverse","Naturkosmetik (BNN)","120ml","7.5184","1.1115","19"
"690057","Hair Styling Gel für starken Halt - duftfrei","Unique Beauty","Diverse","Naturkosmetik (BNN)","150ml","7.2614","1.0735","19"
"690151","Intensive Repair Handcreme","Sante","Diverse","Naturkosmetik (BNN)","75ml","2.0949","0.3097","19"
"690152","Express Handcreme","Sante","Diverse","Naturkosmetik (BNN)","75ml","2.0949","0.3097","19"
"690328","Pflegespülung Brennnessel","Logona","Diverse","Naturkosmetik (BNN)","200ml","6.0533","0.8949","19"
"690329","Feuchtigkeitsspülung Aloe Vera","Logona","Diverse","Naturkosmetik (BNN)","200ml","6.0533","0.8949","19"
"690375","Wattestäbchen aus Bambus & Baumw. - vegan 100 St.","Hydrophil","Diverse","nicht per Bio-VO geregelt","Pack","1.0153","0.1501","19"
"690377","Interdental-Bürsten 0,5 mm - Gr.2 - 6 Stück","Hydrophil","Diverse","nicht per Bio-VO geregelt","Pack","1.2723","0.1881","19"
"690378","Interdental-Bürsten 0,45 mm - Gr.1 - 6 Stück","Hydrophil","Diverse","nicht per Bio-VO geregelt","Pack","1.2723","0.1881","19"
"690379","Interdental-Bürsten 0,4 mm - Gr.0 - 6 Stück","Hydrophil","Diverse","nicht per Bio-VO geregelt","Pack","1.2723","0.1881","19"
"690393","Zungenreiniger Bambus mit Borsten aus Rizinusöl","Hydrophil","Volksrepublik China","nicht per Bio-VO geregelt","Stück","1.9921","0.2945","19"
"690426","Zahnseide aus Seide & Bienenwachs 40m","Yaweco","Diverse","nicht per Bio-VO geregelt","6Stück","20.3576","3.0096","19"
"690433","ZEDAN SP Intensiv Insektenschutz - Sprühlotion","MM-Cosmetic","Deutschland","nicht per Bio-VO geregelt","100ml","7.467","1.1039","19"
"690437","ZEDAN Outdoor Zecken- & Mücken-Abwehr Sprühlotion","MM-Cosmetic","Diverse","nicht per Bio-VO geregelt","100ml","9.3563","1.3832","19"
"690439","ZEDAN SP Insektenschutz - Sprühlotion","MM-Cosmetic","Diverse","nicht per Bio-VO geregelt","100ml","5.9376","0.8778","19"
"690532","Hand-Spülmittel Zitrone & Aloe Vera","Ecover","Diverse","konventionell","8x450ml","18.0956","2.6752","19"
"690533","Hand-Spülmittel Zitrone & Aloe Vera","Ecover","Diverse","konventionell","8x950ml","29.9195","4.4232","19"
"690534","Hand-Spülmittel Granatapfel & Feige","Ecover","Diverse","konventionell","8x450ml","18.0956","2.6752","19"
"690537","ESSENTIALS Spülmaschinen-Tabs Classic 70St","Ecover Essential","Diverse","konventionell","5x1,4kg","96.7113","14.2975","19"
"690540","WC-Reiniger Citrusfrische","Ecover","Diverse","konventionell","6x750ml","15.2682","2.2572","19"
"690542","Universal-Waschmittel-Konzentrat Hibiskus-Jasmin","Ecover","Diverse","konventionell","5l","38.0291","5.6221","19"
"690559","Waschpulver Zero Universal Konzentrat","Ecover","Belgien","konventionell","10x1,2kg","67.8586","10.032","19"
"690568","ESSENTIALS Universal-Waschpulver","Ecover Essential","Diverse","WP","10x1,2kg","80.325","11.875","19"
"690573","ESSENTIALS Spülmaschinen-Tabs Zitrone 25St","Ecover Essential","Diverse","WP","12x500g","71.4057","10.5564","19"
"690580","Flüssigwaschmittel Lavendel - Kanister","Sonett","Diverse","WP","20l","57.4227","8.4892","19"
"690581","Flüssigwaschmittel Color Mint-Lemon - Kanister","Sonett","Diverse","WP","20l","56.7159","8.3847","19"
"690582","Oliven-Waschmittel für Wolle & Seide - Kanister","Sonett","Diverse","WP","20l","74.9529","11.0808","19"
"690583","Oliven-Waschmittel für Wolle & Seide - Kanister","Sonett","Diverse","WP","5l","24.2132","3.5796","19"
"690584","Flüssigwaschmittel sensitiv - Kanister","Sonett","Diverse","WP","20l","58.0396","8.5804","19"
"690586","Geschirrspülmittel Lemon - Kanister","Sonett","Diverse","WP","20l","48.5292","7.1744","19"
"690587","Geschirrspülmittel Calendula - Kanister","Sonett","Diverse","WP","5l","16.2192","2.3978","19"
"690588","Abfüllhahn für 20L-Kanister","Sonett","Diverse","","Stück","5.295","0.7828","19"
"690591","ESSENTIALS Spülmaschinen-Tabs Zitrone 70St","Ecover Essential","Diverse","WP","5x1,4kg","66.5091","9.8325","19"
"690593","ESSENTIALS WC-Reiniger Frische Pinie","Ecover Essential","Diverse","WP","6x0,75l","17.6586","2.6106","19"
"690600","Flüssigwaschmittel Color Mint-Lemon - Kanister","Sonett","Diverse","WP","5l","17.6586","2.6106","19"
"690601","Flüssigwaschmittel Color Mint-Lemon - Kanister","Sonett","Diverse","WP","10l","32.0015","4.731","19"
"690602","Flüssigwaschmittel sensitiv - Kanister","Sonett","Diverse","WP","10l","32.2714","4.7709","19"
"690606","Badreiniger - Kanister","Sonett","Diverse","WP","10l","24.226","3.5815","19"
"690608","Flüssigwaschmittel Lavendel - Kanister","Sonett","Diverse","WP","5l","17.3116","2.5593","19"
"690609","Orangen Kraftreiniger - Kanister","Sonett","Diverse","WP","10l","41.8975","6.194","19"
"690610","Geschirrspülmittel Lemon - Kanister","Sonett","Diverse","WP","5l","13.803","2.0406","19"
"690611","Handseife Lavendel - Kanister","Sonett","Diverse","Naturkosmetik (BNN)","10l","66.6505","9.8534","19"
"690612","Flüssigwaschmittel Lavendel - Kanister","Sonett","Diverse","WP","10l","30.7934","4.5524","19"
"690614","Wäschespüler- Kanister","Sonett","Diverse","WP","10l","30.6777","4.5353","19"
"690616","WC-Reiniger - Kanister","Sonett","Diverse","WP","10l","27.8246","4.1135","19"
"690618","Glasreiniger - Kanister","Sonett","Diverse","WP","10l","25.1385","3.7164","19"
"690621","Handseife Rose - Kanister","Sonett","Diverse","Naturkosmetik (BNN)","10l","67.5244","9.9826","19"
"690622","Oliven-Waschmittel für Wolle & Seide - Kanister","Sonett","Diverse","WP","10l","41.7176","6.1674","19"
"690626","Kalklöser - Kanister","Sonett","Diverse","WP","10l","29.0327","4.2921","19"
"690628","Allesreiniger - Kanister","Sonett","Diverse","WP","10l","31.4745","4.6531","19"
"690630","Geschirrspülmittel Lemon - Kanister","Sonett","Diverse","WP","10l","25.9353","3.8342","19"
"690632","Handseife Citrus - Kanister","Sonett","Diverse","Naturkosmetik (BNN)","10l","66.6505","9.8534","19"
"690634","Klarspüler - Kanister","Sonett","Diverse","WP","10l","47.0126","6.9502","19"
"690636","Waschmittelkonzentrat Pulver im Karton","Sonett","Diverse","WP","10kg","37.7335","5.5784","19"
"690637","Enthärter im Karton","Sonett","Diverse","WP","5kg","18.4555","2.7284","19"
"690638","Maschinenspülmittel Faltschachtel","Sonett","Diverse","WP","3kg","12.2223","1.8069","19"
"690639","Bleichkomplex - Nachfüller","Sonett","Diverse","WP","5kg","17.3759","2.5688","19"
"690640","Waschmittelpulver für Gewerbe im Karton","Sonett","Diverse","WP","10kg","50.8425","7.5164","19"
"690643","Maschinenspülmittel - Faltschachtel","Sonett","Diverse","WP","10kg","36.4868","5.3941","19"
"690644","BIO BUBBLES Bio-Seifenblasen mit 3 Blasringen","Sonett","Diverse","WP","12x45ml","18.8153","2.7816","19"
"690646","Kinder-Schaumseife Calendula - Nachfüllflasche","Sonett","Diverse","Naturkosmetik (BNN)","6x1l","38.4789","5.6886","19"
"690647","Fleckenspray","Sonett","Diverse","WP","6x100ml","14.2657","2.109","19"
"690648","BIO BUBBLES Bio-Seifenblasen - Nachfüllflassche","Sonett","Diverse","WP","6x500ml","28.8399","4.2636","19"
"690650","Waschpulver Color sensitiv im Karton","Sonett","Diverse","WP","10kg","44.9949","6.6519","19"
"690651","WC-Reiniger Minze-Myrthe","Sonett","Diverse","WP","6x750ml","17.196","2.5422","19"
"690652","WC-Reiniger Minze-Myrhte - Kanister","Sonett","Diverse","WP","10l","27.9145","4.1268","19"
"690653","Scheuermilch","Sonett","Diverse","WP","6x500ml","16.8104","2.4852","19"
"690654","Geschenkset 3 Handseifen Rose-Rosmarin-Calendula","Sonett","Diverse","Naturkosmetik (BNN)","4x3x110ml","25.447","3.762","19"
"690655","Flüssigwaschmittel sensitiv - Kanister","Sonett","Diverse","WP","5l","17.2731","2.5536","19"
"690658","Mistelform Massageöl Myrthe-Orangenblüte","Sonett","Diverse","Naturkosmetik (BNN)","145ml","11.9524","1.767","19"
"690659","Mistelform Massageöl Lavendel-Weihrauch","Sonett","Diverse","Naturkosmetik (BNN)","145ml","11.9524","1.767","19"
"690660","Mistelform Massageöl Zitrone-Zirbelkiefer","Sonett","Diverse","Naturkosmetik (BNN)","145ml","11.9524","1.767","19"
"690661","TESTER Mistelform Massageöl Myrthe-Orangenblüte","Sonett","Diverse","Naturkosmetik (BNN)","70ml","3.2001","0.4731","19"
"690662","TESTER Mistelform Massageöl Lavendel-Weihrauch","Sonett","Diverse","Naturkosmetik (BNN)","70ml","3.2001","0.4731","19"
"690663","TESTER Mistelform Massageöl Zitrone-Zirbelkiefer","Sonett","Diverse","Naturkosmetik (BNN)","70ml","3.2001","0.4731","19"
"690664","Mistelform Körperlotion Lavendel-Weihrauch","Sonett","Diverse","Naturkosmetik (BNN)","145ml","8.9835","1.3281","19"
"690665","Mistelform Körperlotion Myrthe-Orangenblüte","Sonett","Diverse","Naturkosmetik (BNN)","145ml","8.9835","1.3281","19"
"690666","Mistelform Körperlotion Zitrone-Zirbelkiefer","Sonett","Diverse","Naturkosmetik (BNN)","145ml","8.9835","1.3281","19"
"690667","TESTER Mistelform Körperlotion Lavendel-Weihrauch","Sonett","Diverse","Naturkosmetik (BNN)","70ml","2.429","0.3591","19"
"690668","TESTER Mistelform Körperlotion Mrythe-Orangenblüte","Sonett","Diverse","Naturkosmetik (BNN)","70ml","2.429","0.3591","19"
"690669","TESTER Mistelform Körperlotion Zitrone-Zirbelkief.","Sonett","Diverse","Naturkosmetik (BNN)","70ml","2.429","0.3591","19"
"690676","Wechselkopf-Zahnbürste Medium","Yaweco","Diverse","nicht per Bio-VO geregelt","6Stück","12.1837","1.8012","19"
"690677","Wechselkopf-Zahnbürste Soft","Yaweco","Diverse","nicht per Bio-VO geregelt","6Stück","12.0295","1.7784","19"
"690678","Wechselkopf-Zahnbürste Natural","Yaweco","Diverse","nicht per Bio-VO geregelt","6Stück","12.1066","1.7898","19"
"690679","Kinder-Schaumseife Calendula - Spender","Sonett","Diverse","Naturkosmetik (BNN)","6x200ml","14.3428","2.1204","19"
"690680","ESSENTIALS Flüssigwaschmittel Lavendel","Ecover Essential","Diverse","WP","5l","44.5707","6.5892","19"
"690681","Spülschwämme","Sonett","Diverse","nicht per Bio-VO geregelt","6x2Stück","14.1115","2.0862","19"
"690684","Handseife Calendula - Spender","Sonett","Diverse","Naturkosmetik (BNN)","6x300ml","23.9818","3.5454","19"
"690685","Handseife Calendula - Nachfüllflasche","Sonett","Diverse","Naturkosmetik (BNN)","6x1,0l","48.1179","7.1136","19"
"690686","Handseife Calendula - Kanister","Sonett","Diverse","Naturkosmetik (BNN)","10l","67.5244","9.9826","19"
"690687","Geschirrspülmittel Calendula - Kanister","Sonett","Diverse","WP","10l","29.8938","4.4194","19"
"690690","Voll-Waschpulver","Sodasan","Diverse","WP","4x1,01kg","24.573","3.6328","19"
"690691","Kinder Schaumseife Calendula - Kanister","Sonett","Regional","Naturkosmetik (BNN)","10l","36.3069","5.3675","19"
"690698","Handseife Sensitiv - Kanister","Sonett","Regional","Naturkosmetik (BNN)","10l","69.8635","10.3284","19"
"690714","Mistelform Kinder-Pflegeöl Calendula","Sonett","Diverse","Naturkosmetik (BNN)","145ml","11.9524","1.767","19"
"690715","Mistelform Kinder-Pflegeöl Lavendel","Sonett","Diverse","Naturkosmetik (BNN)","145ml","11.9524","1.767","19"
"690743","Geschenkset Leichter Lernen","Primavera","Diverse","nicht per Bio-VO geregelt","Set","9.9217","1.4668","19"
"690744","Flüssigwaschmittel Color Lavendel - Bag in Box","Sodasan","Diverse","WP","5l","19.2137","2.8405","19"
"690762","Mundwohl Mundspülung","Primavera","Diverse","Naturkosmetik (BNN)","250ml","7.0686","1.045","19"
"690771","Geschenkset Mistelform Lavendel-Weihrauch 2x50ml","Sonett","Diverse","Naturkosmetik (BNN)","Set","7.21","1.0659","19"
"690772","Geschenkset Mistelform Zitrone-Zirbelkiefer 2x50ml","Sonett","Diverse","Naturkosmetik (BNN)","Set","7.21","1.0659","19"
"690799","Geschenkpapier Box - 4 Motive à 10 Rollen 2m/70cm","Compostella","Deutschland","nicht per Bio-VO geregelt","40RO","125.9496","18.62","19"
"690800","Flüssigwaschmittel Color Lavendel","Sodasan","Diverse","WP","6x1,5l","35.8571","5.301","19"
"690801","Weichspüler Lavendel","Sodasan","Diverse","WP","6x750ml","15.7308","2.3256","19"
"690802","Dusche & Bad Reiniger - Konzentrat","Sodasan","Diverse","WP","6x100ml","15.2682","2.2572","19"
"690803","Glas & Flächen Reiniger - Konzentrat","Sodasan","Diverse","WP","6x100ml","15.2682","2.2572","19"
"690804","Weichspüler Limette","Sodasan","Diverse","WP","6x750ml","15.808","2.337","19"
"690805","Küchenreiniger - Sprühflasche","Sodasan","Diverse","WP","6x500ml","17.6586","2.6106","19"
"690807","Color Waschpulver Lavendel","Sodasan","Diverse","WP","4x1,01kg","25.1385","3.7164","19"
"690811","Wäsche Duft- & Pflegespülung","Sodasan","Diverse","WP","6x750ml","20.8202","3.078","19"
"690812","active Sportwaschmittel","Sodasan","Diverse","WP","6x750ml","30.7677","4.5486","19"
"690838","Flüssigseife für die Küche","Sodasan","Diverse","Naturkosmetik (BNN)","6x300ml","19.0467","2.8158","19"
"690841","Flüssigwaschmittel Universal Limette","Sodasan","Diverse","WP","6x1,5l","35.8571","5.301","19"
"690842","Universalwaschmittel sensitiv","Sodasan","Diverse","WP","6x1,5l","35.8571","5.301","19"
"690850","AUROMÈRE Kräuter-Zahncreme homöopathieverträglich","spa vivent Vertriebs GmbH","Diverse","Naturkosmetik (BNN)","75ml","4.2669","0.6308","19"
"690851","AUROMÈRE Kräuter-Mundwasser homöopathieverträglich","spa vivent Vertriebs GmbH","Diverse","Naturkosmetik (BNN)","100ml","8.9835","1.3281","19"
"690852","AUROMÈRE Kräuter-Mundspray homöopathieverträglich","spa vivent Vertriebs GmbH","Diverse","Naturkosmetik (BNN)","30ml","6.6702","0.9861","19"
"690859","Fuß- & Hornhaut Peeling-Seife","spa vivent Vertriebs GmbH","Diverse","Naturkosmetik (BNN)","100g","7.4413","1.1001","19"
"690860","Bein & Waden Relax Spray","spa vivent Vertriebs GmbH","Diverse","Naturkosmetik (BNN)","100ml","8.3281","1.2312","19"
"690864","Fuß- & Hornhaut Balsam","spa vivent Vertriebs GmbH","Diverse","Naturkosmetik (BNN)","75ml","9.202","1.3604","19"
"690865","Handcreme Intensivpflege","spa vivent Vertriebs GmbH","Diverse","Naturkosmetik (BNN)","75ml","7.1714","1.0602","19"
"690872","Rosenwasser Vital Spray & Tonic","spa vivent Vertriebs GmbH","Diverse","Naturkosmetik (BNN)","100ml","9.202","1.3604","19"
"690873","Schrundencreme forte","spa vivent Vertriebs GmbH","Diverse","Naturkosmetik (BNN)","30ml","9.3691","1.3851","19"
"690875","Zahnseidenbox Black Forest Line mit Zahnseide 25m","Yaweco","Diverse","nicht per Bio-VO geregelt","Stück","10.9499","1.6188","19"
"690876","Zahnseide Nachfüllpack Black Forest Line 2x25m","Yaweco","Diverse","nicht per Bio-VO geregelt","6Stück","24.3674","3.6024","19"
"690919","Mandelseife mit Karitebutter","Savon du Midi","Frankreich","Naturkosmetik (BNN)","12x100g","25.447","3.762","19"
"690925","Zahnbürsten Etui Bambus","Hydrophil","Volksrepublik China","","Stück","2.6347","0.3895","19"
"690932","Mildes Shampoo","Unique Beauty","Diverse","Naturkosmetik (BNN)","250ml","6.0404","0.893","19"
"690934","Colour Care Shampoo","Unique Beauty","Diverse","Naturkosmetik (BNN)","250ml","6.0404","0.893","19"
"690939","Colour Haarkur","Unique Beauty","Diverse","Naturkosmetik (BNN)","250ml","6.9144","1.0222","19"
"690945","Curl Styling Cream - Lockencreme für Sprungkraft","Unique Beauty","Diverse","Naturkosmetik (BNN)","150ml","6.8373","1.0108","19"
"690946","Luffa Seifenkissen ca.11x1x10cm - plastikfrei","Hydrophil","Deutschland","nicht per Bio-VO geregelt","Stück","3.1487","0.4655","19"
"690987","Pflegespülung z. Sprühen Rosemary f. normales Haar","Urtekram","Diverse","Naturkosmetik (BNN)","250ml","4.8709","0.7201","19"
"690994","Stapeler Fußpflege-Ei","Aries","Diverse","Naturkosmetik (BNN)","50g","5.1665","0.7638","19"
"691017","Stapeler Pflege-Ei","Aries","Deutschland","Naturkosmetik (BNN)","Stück","5.1665","0.7638","19"
"691049","AgeEnergy Shampoo Coffein","Logona","Diverse","Naturkosmetik (BNN)","250ml","6.0533","0.8949","19"
"691073","Feuchtigkeits-Shampoo Aloe Vera","Logona","Diverse","Naturkosmetik (BNN)","250ml","6.0533","0.8949","19"
"691074","Glanz Shampoo Arganöl","Logona","Diverse","Naturkosmetik (BNN)","250ml","6.0533","0.8949","19"
"691156","Rosenseife mit Karitebutter","Savon du Midi","Frankreich","Naturkosmetik (BNN)","12x100g","25.447","3.762","19"
"691157","Oliven-Lavendelseife mit Karitebutter","Savon du Midi","Frankreich","Naturkosmetik (BNN)","12x100g","25.447","3.762","19"
"691158","Lavendelseife mit Karitebutter","Savon du Midi","Frankreich","Naturkosmetik (BNN)","12x100g","25.447","3.762","19"
"691159","Lemongrasseife mit Karitebutter","Savon du Midi","Frankreich","Naturkosmetik (BNN)","12x100g","25.447","3.762","19"
"691160","Geraniumseife mit Karitebutter","Savon du Midi","Frankreich","Naturkosmetik (BNN)","12x100g","25.447","3.762","19"
"691247","Pflege-Shampoo Brennessel","Logona","Diverse","Naturkosmetik (BNN)","500ml","9.4848","1.4022","19"
"691251","Längen- & Spitzenfluid Arganöl","Logona","Diverse","Naturkosmetik (BNN)","75ml","6.8116","1.007","19"
"691252","Hitzeschutz Spray Aloe Vera","Logona","Diverse","Naturkosmetik (BNN)","150ml","6.8116","1.007","19"
"691255","FAMILY Liqiud Soap Aloe Vera & Limone","Sante","Diverse","Naturkosmetik (BNN)","500ml","5.642","0.8341","19"
"691262","Pinienseife mit Karitebutter","Savon du Midi","Frankreich","Naturkosmetik (BNN)","12x100g","25.447","3.762","19"
"691360","Daily Care Extrafrische Pfefferminz-Zahncreme","Logona","Diverse","Naturkosmetik (BNN)","75ml","2.1206","0.3135","19"
"691361","Daily Care Extrafrische Rundumschutz-Zahncreme","Logona","Diverse","Naturkosmetik (BNN)","75ml","2.1206","0.3135","19"
"691362","Mineralstoff Calcium Zahncreme","Logona","Diverse","Naturkosmetik (BNN)","75ml","2.6218","0.3876","19"
"691363","Rosmarin Kräuterzahngel mentholfrei","Logona","Diverse","Naturkosmetik (BNN)","75ml","2.6218","0.3876","19"
"691366","Naturweiss Pfefferminz Zahncreme","Logona","Diverse","Naturkosmetik (BNN)","75ml","3.0074","0.4446","19"
"691429","Volumen-Shampoo Bier-Honig","Logona","Diverse","Naturkosmetik (BNN)","500ml","9.4848","1.4022","19"
"691485","Mineralerde Vorbehandlung","Logona","Diverse","Naturkosmetik (BNN)","100ml","5.2436","0.7752","19"
"691486","Color Fix Nachbehandlung","Logona","Diverse","Naturkosmetik (BNN)","100ml","5.2436","0.7752","19"
"691487","Pflanzenhaarfarbe kupferblond 200 - Creme","Logona","Diverse","Naturkosmetik (BNN)","150ml","10.77","1.5922","19"
"691488","Pflanzenhaarfarbe kupferrot 210 - Creme","Logona","Diverse","Naturkosmetik (BNN)","150ml","10.77","1.5922","19"
"691489","Pflanzenhaarfarbe weinrot 220 - Creme","Logona","Diverse","Naturkosmetik (BNN)","150ml","10.77","1.5922","19"
"691490","Pflanzenhaarfarbe maronenbraun 230 - Creme","Logona","Diverse","Naturkosmetik (BNN)","150ml","10.77","1.5922","19"
"691491","Pflanzenhaarfarbe nougatbraun 240 - Creme","Logona","Diverse","Naturkosmetik (BNN)","150ml","10.77","1.5922","19"
"691559","Festes Pflege-Shampoo Hanf & Brennnessel","Logona","Diverse","Naturkosmetik (BNN)","60g","6.5031","0.9614","19"
"691571","Pflanzenhaarfarbe Goldblond - Pulver","Logona","Diverse","Naturkosmetik (BNN)","100g","9.2406","1.3661","19"
"691572","Pflanzenhaarfarbe Kupferblond - Pulver","Logona","Diverse","Naturkosmetik (BNN)","100g","9.2406","1.3661","19"
"691573","Pflanzenhaarfarbe Flammenrot - Pulver","Logona","Diverse","nicht per Bio-VO geregelt","100g","9.2406","1.3661","19"
"691574","Pflanzenhaarfarbe Hennarot - Pulver","Logona","Diverse","Naturkosmetik (BNN)","100g","9.2406","1.3661","19"
"691575","Pflanzenhaarfarbe Mahagonirot - Pulver","Logona","Diverse","Naturkosmetik (BNN)","100g","9.2406","1.3661","19"
"691576","Pflanzenhaarfarbe Bernsteinbraun - Pulver","Logona","Diverse","Naturkosmetik (BNN)","100g","9.2406","1.3661","19"
"691577","Pflanzenhaarfarbe Kastanienbraun 070 - Pulver","Logona","Diverse","Naturkosmetik (BNN)","100g","9.2406","1.3661","19"
"691578","Pflanzenhaarfarbe Aschbraun - Pulver","Logona","Diverse","Naturkosmetik (BNN)","100g","9.2406","1.3661","19"
"691579","Pflanzenhaarfarbe Schokobraun - Pulver","Logona","Diverse","Naturkosmetik (BNN)","100g","9.2406","1.3661","19"
"691580","Pflanzenhaarfarbe Kaffeebraun - Pulver","Logona","Diverse","Naturkosmetik (BNN)","100g","9.2406","1.3661","19"
"691581","Pflanzenhaarfarbe Schwarzbraun - Pulver","Logona","Diverse","Naturkosmetik (BNN)","100g","9.2406","1.3661","19"
"691582","Pflanzenhaarfarbe Indigo Schwarz - Pulver","Logona","Diverse","Naturkosmetik (BNN)","100g","9.2406","1.3661","19"
"691689","Milder Augen Make-up Entferner Aloe Vera&Mandelöl","Logona","Diverse","Naturkosmetik (BNN)","125ml","5.5392","0.8189","19"
"691853","Olivenseife Citron 3St - Papierbox","Savon du Midi","Frankreich","Naturkosmetik (BNN)","3x150g","6.4131","0.9481","19"
"691854","Olivenseife mit Lavandin 3St - Papierbox","Savon du Midi","Frankreich","Naturkosmetik (BNN)","3x150g","6.4131","0.9481","19"
"691865","Zahnputzbecher Kinder Der Elefant - blau","Hydrophil","Diverse","","Stück","4.2797","0.6327","19"
"691871","Sandelholzseife mit Karitebutter","Savon du Midi","Frankreich","Naturkosmetik (BNN)","12x100g","25.447","3.762","19"
"691872","Volumen Shampoo","Unique Beauty","Diverse","Naturkosmetik (BNN)","250ml","6.0404","0.893","19"
"691873","Tiefenreinigendes Shampoo","Unique Beauty","Diverse","Naturkosmetik (BNN)","250ml","6.0404","0.893","19"
"691874","Anti-Schuppen Shampoo","Unique Beauty","Diverse","Naturkosmetik (BNN)","250ml","6.0404","0.893","19"
"691875","Feuchtigkeits Shampoo","Unique Beauty","Diverse","Naturkosmetik (BNN)","250ml","6.0404","0.893","19"
"691876","Feuchtigkeits-Spülung","Unique Beauty","Diverse","Naturkosmetik (BNN)","250ml","6.3874","0.9443","19"
"691878","Pflege-Sprühkur feuchtigkeitsspendend","Unique Beauty","Diverse","Naturkosmetik (BNN)","150ml","6.6188","0.9785","19"
"691879","Intensive Haarkur","Unique Beauty","Diverse","Naturkosmetik (BNN)","250ml","6.9144","1.0222","19"
"691880","Meersalz Haarspray mit Wildblumenfeld-Duft","Unique Beauty","Diverse","Naturkosmetik (BNN)","150ml","6.7473","0.9975","19"
"691881","Duftstofffreies Haarspray für starken Halt","Unique Beauty","Diverse","Naturkosmetik (BNN)","150ml","6.5802","0.9728","19"
"691882","Kinder Shampoo","Unique Beauty","Diverse","Naturkosmetik (BNN)","250ml","5.5906","0.8265","19"
"691889","Kids Maus 2in1 Dusche & Shampoo - Pfirsich Duft","Hydrophil","Diverse","Naturkosmetik (BNN)","200ml","2.776","0.4104","19"
"691891","Kids Ente 2in1 Dusche & Shampoo - Apfel Duft","Hydrophil","Deutschland","Naturkosmetik (BNN)","200ml","2.776","0.4104","19"
"691892","Seifensäckchen aus Sisal 17X9 cm","Hydrophil","Volksrepublik China","Naturkosmetik (BNN)","Stück","2.0049","0.2964","19"
"691893","Zahnputzbecher Kinder Die Maus - orange","Hydrophil","Diverse","","Stück","4.2797","0.6327","19"
"691894","Kids Elefant 2in1 Dusche & Shampoo - Sensitiv","Hydrophil","Deutschland","Naturkosmetik (BNN)","200ml","2.776","0.4104","19"
"691939","ENERGY Aroma Duschgel","Weleda","Diverse","Naturkosmetik (BNN)","200ml","6.3103","0.9329","19"
"691940","LOVE Shower Cream Rose","Weleda","Diverse","Naturkosmetik (BNN)","200ml","6.3103","0.9329","19"
"691941","RELAX Shower Cream Lavendel","Weleda","Diverse","Naturkosmetik (BNN)","200ml","6.3103","0.9329","19"
"691943","SPORT Frische-Boost Duschgel Arnika","Weleda","Diverse","Naturkosmetik (BNN)","200ml","6.3489","0.9386","19"
"691944","VITALITY Shower Cream Sanddorn","Weleda","Diverse","Naturkosmetik (BNN)","200ml","6.3103","0.9329","19"
"691945","REFRESH Shower Cream Citrus","Weleda","Diverse","Naturkosmetik (BNN)","200ml","6.3103","0.9329","19"
"691949","INSPIRE Shower Cream Granatapfel","Weleda","Schweiz","Naturkosmetik (BNN)","200ml","6.3103","0.9329","19"
"691951","Shower Bar Feste Dusche Lavender & Vetiver","Weleda","Diverse","Naturkosmetik (BNN)","75g","6.3103","0.9329","19"
"691953","Shower Bar Feste Dusche Ginger & Petitgrain","Weleda","Diverse","Naturkosmetik (BNN)","75g","6.3103","0.9329","19"
"691988","Basische Körperlotion","Fitne","Diverse","Naturkosmetik (BNN)","200ml","6.9144","1.0222","19"
"691990","Basen Bad","Fitne","Diverse","Naturkosmetik (BNN)","400g","12.5821","1.8601","19"
"692233","Thymian Thymol","Primavera","Spanien","EG-Bio","5ml","10.6415","1.5732","19"
"692500","Flüssigseife Citrus & Olive - Bag in Box","Sodasan","Diverse","WP","5l","27.9145","4.1268","19"
"692501","Flüssigwaschmittel Color Limette - Bag in Box","Sodasan","Diverse","WP","5l","19.2137","2.8405","19"
"692503","Klarspüler - Bag in Box","Sodasan","Diverse","WP","5l","24.3417","3.5986","19"
"692507","Flüssigwaschmittel Universal Limette - Bag in Box","Sodasan","Diverse","WP","5l","19.2137","2.8405","19"
"692510","Spülmittel Lavendel & Minze","Sodasan","Diverse","WP","6x500ml","13.0319","1.9266","19"
"693090","Gesichtsfluid neutral","Lavera","Diverse","Naturkosmetik (BNN)","50ml","10.3202","1.5257","19"
"693091","Gesichtscreme neutral","Lavera","Diverse","Naturkosmetik (BNN)","50ml","10.3202","1.5257","19"
"693092","Gesichtsmaske neutral","Lavera","Diverse","Naturkosmetik (BNN)","2x5ml","1.9792","0.2926","19"
"693093","Augencreme neutral","Lavera","Diverse","Naturkosmetik (BNN)","15ml","10.2687","1.5181","19"
"693094","Reinigungsschaum neutral","Lavera","Diverse","Naturkosmetik (BNN)","150ml","6.426","0.95","19"
"693095","Körperlotion neutral","Lavera","Diverse","Naturkosmetik (BNN)","200ml","9.0093","1.3319","19"
"693097","Handcreme neutral","Lavera","Diverse","Naturkosmetik (BNN)","50ml","4.5368","0.6707","19"
"693099","Dusch-Shampoo neutral","Lavera","Diverse","Naturkosmetik (BNN)","200ml","5.3593","0.7923","19"
"693192","Fusscreme basis sensitiv","Lavera","Diverse","Naturkosmetik (BNN)","75ml","3.7142","0.5491","19"
"693427","Frische Pflegeseife Limette & Zitronengras NF","Lavera","Diverse","Naturkosmetik (BNN)","500ml","3.8813","0.5738","19"
"693446","Milde Pflegeseife flüssig basis sensitiv","Lavera","Diverse","Naturkosmetik (BNN)","250ml","2.7889","0.4123","19"
"693447","Fruchtige Pflegeseife flüssig","Lavera","Diverse","Naturkosmetik (BNN)","250ml","2.7889","0.4123","19"
"693448","Frische Pflegeseife flüssig","Lavera","Diverse","Naturkosmetik (BNN)","250ml","2.7889","0.4123","19"
"693449","Milde Pflegeseife flüssig basis sensitiv - NF","Lavera","Diverse","Naturkosmetik (BNN)","500ml","3.8685","0.5719","19"
"693493","Hand-Spülmittel ZERO","Ecover","Diverse","konventionell","8x450ml","18.0956","2.6752","19"
"693504","Deo Roll-on Basis Sensitive 48h Natural & Sensitiv","Lavera","Diverse","Naturkosmetik (BNN)","50ml","4.6781","0.6916","19"
"693505","Deo Roll-on Refresh 48h natural & refresh","Lavera","Diverse","Naturkosmetik (BNN)","50ml","4.6781","0.6916","19"
"693506","Deo Roll-on Natural & Mild 48h","Lavera","Diverse","Naturkosmetik (BNN)","50ml","4.6781","0.6916","19"
"693507","Deo Roll-on Natural & Invisible 48h","Lavera","Diverse","Naturkosmetik (BNN)","50ml","4.6781","0.6916","19"
"693508","Deo Roll-on Natural & Strong 48h","Lavera","Diverse","Naturkosmetik (BNN)","50ml","4.6781","0.6916","19"
"693510","Deo Spray basis sensitiv 48h natural & sensitive","Lavera","Diverse","Naturkosmetik (BNN)","75ml","5.6292","0.8322","19"
"693511","Deo Spray Refresh 48h natural & refresh","Lavera","Diverse","Naturkosmetik (BNN)","75ml","5.6292","0.8322","19"
"693512","Deo Spray Natural & Strong 48h","Lavera","Diverse","Naturkosmetik (BNN)","75ml","5.6292","0.8322","19"
"693513","Deo Creme Natural & Strong 48h - Dose","Lavera","Diverse","Naturkosmetik (BNN)","50ml","5.6292","0.8322","19"
"693841","Anti-Falten Nachtcreme Q10 basis sensitiv","Lavera","Diverse","Naturkosmetik (BNN)","50ml","10.0117","1.4801","19"
"693842","Anti-Falten Augencreme Q10 basis sensitiv","Lavera","Diverse","Naturkosmetik (BNN)","15ml","9.2534","1.368","19"
"695980","Bittere Aprikosenkerne","Vitaldoc","Diverse","EG-Bio","75g","8.7265","1.2901","7"
"696084","NERO Grillbriketts NATURLAND","Nero Holzkohle","Deutschland","Naturland ","2,5kg","6.2332","0.9215","19"
"696265","Zahnpasta Zahnheld Classic","Zahnheld","Diverse","Naturkosmetik (BNN)","75ml","2.9303","0.4332","19"
"696266","Zahnpasta Zahnheld B12","Zahnheld","Diverse","Naturkosmetik (BNN)","75ml","3.6628","0.5415","19"
"696409","Eyeshadow Refill lilac light - vegan","Benecos","Diverse","Naturkosmetik (BNN)","1,5g","1.6065","0.2375","19"
"696411","Eyeshadow Refill prismatic pink - vegan","Benecos","Diverse","Naturkosmetik (BNN)","1,5g","1.6065","0.2375","19"
"696412","Eyeshadow Refill very woody - vegan","Benecos","Diverse","Naturkosmetik (BNN)","1,5g","1.6065","0.2375","19"
"696415","Eyeshadow Refill ballerina glam - vegan","Benecos","Diverse","Naturkosmetik (BNN)","1,5g","1.6065","0.2375","19"
"696417","Eyeshadow Refill whipped cream - vegan","Benecos","Diverse","Naturkosmetik (BNN)","1,5g","1.6065","0.2375","19"
"696418","Eyeshadow Refill muddy olive - vegan","Benecos","Diverse","Naturkosmetik (BNN)","1,5g","1.6065","0.2375","19"
"696419","Eyeshadow Refill rusty copper - vegan","Benecos","Diverse","Naturkosmetik (BNN)","1,5g","1.6065","0.2375","19"
"696420","Highlighter Refill gold dust - vegan","Benecos","Diverse","Naturkosmetik (BNN)","3g","2.5704","0.38","19"
"696421","Highlighter Refill shooting star - vegan","Benecos","Diverse","Naturkosmetik (BNN)","3g","2.5704","0.38","19"
"696423","Blush Refill rose please - vegan","Benecos","Diverse","Naturkosmetik (BNN)","3g","2.5704","0.38","19"
"696425","Bronzer Refill tan please - vegan","Benecos","Diverse","Naturkosmetik (BNN)","3g","2.5704","0.38","19"
"696427","Contouring Powder Refill ash contour - vegan","Benecos","Diverse","Naturkosmetik (BNN)","3g","2.5704","0.38","19"
"696430","Compact Powder Refill cold rose 03 - vegan","Benecos","Diverse","Naturkosmetik (BNN)","6g","2.5704","0.38","19"
"696431","Compact Powder Refill warm desert 04 - vegan","Benecos","Diverse","Naturkosmetik (BNN)","6g","2.5704","0.38","19"
"696435","Eyebrow Gel clear - vegan","Benecos","Diverse","Naturkosmetik (BNN)","Stück","2.5704","0.38","19"
"696436","Eyebrow Gel ash brown - vegan","Benecos","Diverse","Naturkosmetik (BNN)","Stück","2.5704","0.38","19"
"696437","Eyebrow Gel brunette - vegan","Benecos","Diverse","Naturkosmetik (BNN)","Stück","2.5704","0.38","19"
"696438","Mascara Fun Size - black onyx","Benecos","Diverse","Naturkosmetik (BNN)","Stück","1.9278","0.285","19"
"696439","Eyeshadow Quattro true blue","Benecos","Diverse","Naturkosmetik (BNN)","Stück","3.8556","0.57","19"
"696440","Lipstick Liquid Matte desert rose - vegan","Benecos","Diverse","Naturkosmetik (BNN)","Stück","3.2773","0.4845","19"
"696443","Lipstick Liquid Matte trust in rust - vegan","Benecos","Diverse","Naturkosmetik (BNN)","Stück","3.2773","0.4845","19"
"696445","BB-Cream porcelain","Benecos","Diverse","Naturkosmetik (BNN)","30ml","4.6267","0.684","19"
"696449","Face Primer","Benecos","Diverse","Naturkosmetik (BNN)","Stück","3.213","0.475","19"
"696450","Cover Stick beige","Benecos","Diverse","Naturkosmetik (BNN)","Stück","2.5704","0.38","19"
"696451","Cover Stick vanilla","Benecos","Diverse","Naturkosmetik (BNN)","Stück","2.5704","0.38","19"
"696499","Skin Food Body Butter im Glastiegel","Weleda","Diverse","Naturkosmetik (BNN)","150ml","13.3275","1.9703","19"
"696507","Skin Food Lip Butter","Weleda","Diverse","Naturkosmetik (BNN)","8ml","5.2051","0.7695","19"
"696508","Skin Food Hautcreme Light","Weleda","Diverse","Naturkosmetik (BNN)","75ml","8.1996","1.2122","19"
"696516","Citrus 24h Deo Roll-On","Weleda","Diverse","Naturkosmetik (BNN)","50ml","5.9633","0.8816","19"
"696517","Sanddorn 24h Deo Roll-On","Weleda","Diverse","Naturkosmetik (BNN)","50ml","5.9633","0.8816","19"
"696531","Kids 2-in-1 Shower & Shampoo Spritzige Limette","Weleda","Diverse","Naturkosmetik (BNN)","150ml","5.1922","0.7676","19"
"696532","Kids 2-in-1 Shower & Shampoo Fruchtige Orange","Weleda","Diverse","Naturkosmetik (BNN)","150ml","5.1922","0.7676","19"
"696537","Granatapfel 24h Deo Roll-On","Weleda","Diverse","Naturkosmetik (BNN)","50ml","5.9633","0.8816","19"
"696565","Arnika Massage-Öl - Kleingröße","Weleda","Diverse","Naturkosmetik (BNN)","50ml","8.2895","1.2255","19"
"696605","Belebendes Haar-Tonikum","Weleda","Diverse","Naturkosmetik (BNN)","100ml","10.4101","1.539","19"
"696606","2-in-1 Erfrischende Reinigung","Weleda","Diverse","Naturkosmetik (BNN)","100ml","7.3128","1.0811","19"
"696627","Pflanzen-Zahngel","Weleda","Diverse","Naturkosmetik (BNN)","75ml","4.3954","0.6498","19"
"696628","Rosmarin-Aktivierungsbad","Weleda","Diverse","Naturkosmetik (BNN)","200ml","12.7492","1.8848","19"
"696633","Edeltannen-Erholungsbad","Weleda","Diverse","Naturkosmetik (BNN)","200ml","12.7492","1.8848","19"
"696652","Intensiv Pflegendes Haaröl","Weleda","Diverse","Naturkosmetik (BNN)","50ml","10.4101","1.539","19"
"696653","Skin Food Hautcreme","Weleda","Diverse","Naturkosmetik (BNN)","75ml","8.1996","1.2122","19"
"696655","Arnika Massage-Öl","Weleda","Diverse","Naturkosmetik (BNN)","100ml","12.7877","1.8905","19"
"696657","Calendula Massage-Öl","Weleda","Diverse","Naturkosmetik (BNN)","100ml","12.7877","1.8905","19"
"696659","Granatapfel Regenerierendes Pflege-Öl","Weleda","Diverse","Naturkosmetik (BNN)","100ml","13.9573","2.0634","19"
"696660","Lavendel Entspannungs-Öl","Weleda","Diverse","Naturkosmetik (BNN)","100ml","12.7877","1.8905","19"
"696661","Sanddorn Vitalisierendes Pflege-Öl","Weleda","Diverse","Naturkosmetik (BNN)","100ml","14.4199","2.1318","19"
"696662","Wildrose Harmonisierendes Pflege-Öl","Weleda","Diverse","Naturkosmetik (BNN)","100ml","15.2682","2.2572","19"
"696663","Schwangerschafts-Pflegeöl","Weleda","Diverse","Naturkosmetik (BNN)","100ml","14.9469","2.2097","19"
"696664","Birke Cellulite-Öl","Weleda","Diverse","Naturkosmetik (BNN)","100ml","16.502","2.4396","19"
"696667","Men 24h Deo Roll-On","Weleda","Schweiz","Naturkosmetik (BNN)","50ml","5.9633","0.8816","19"
"696715","After Shave Balsam","Weleda","Diverse","Naturkosmetik (BNN)","100ml","11.5668","1.71","19"
"696716","Feuchtigkeitscreme For Men","Weleda","Diverse","Naturkosmetik (BNN)","30ml","8.6365","1.2768","19"
"696727","Lavendel-Entspannungsbad","Weleda","Diverse","Naturkosmetik (BNN)","200ml","12.7492","1.8848","19"
"696744","Klärendes Waschgel","Weleda","Diverse","Naturkosmetik (BNN)","100ml","7.2614","1.0735","19"
"696768","Zarter Reinigungsschaum","Weleda","Diverse","nicht per Bio-VO geregelt","150ml","7.3128","1.0811","19"
"696804","Arnika-Gelee","Weleda","Diverse","S#","70g","13.803","2.0406","19"
"696809","Citrus-Erfrischungsbad","Weleda","Diverse","Naturkosmetik (BNN)","200ml","12.7492","1.8848","19"
"696836","Arnika-Salbe 30%","Weleda","Diverse","S#","70g","18.1213","2.679","19"
"696866","Venadoron - für leichte Beine","Weleda","Diverse","Naturkosmetik (BNN)","200ml","22.8509","3.3782","19"
"697918","Partyraclette-To-Go Eichenholz - für 2 Personen","Boska","Diverse","nicht per Bio-VO geregelt","Stück","15.9879","2.3636","19"
"698084","NERO Grillholzkohle NATURLAND","Nero Holzkohle","Deutschland","Naturland ","2,5kg","6.2332","0.9215","19"
"698452","Woll- und Feinwaschmittel Wasserlilie-Honigmelone","Ecover","Diverse","konventionell","6x1,0l","27.3748","4.047","19"
"698453","Hand-Spülmittel Zitrone & Aloe Vera","Ecover","Diverse","S#","5l","16.9903","2.5118","19"
"698454","Weichspüler Apfelblüte-Mandel","Ecover","Diverse","konventionell","6x0,75l","17.5044","2.5878","19"
"698455","Weichspüler Rose-Bergamotte","Ecover","Diverse","konventionell","6x0,75l","17.5044","2.5878","19"
"698465","Trapango Fruchtfliegen-Lebendfalle","Macur","Diverse","nicht per Bio-VO geregelt","6Stück","25.5241","3.7734","19"
"698499","Partyraclette-To-Go - für 2 Personen","Boska","Diverse","nicht per Bio-VO geregelt","Stück","10.4358","1.5428","19"
"698520","Fondueset schwarz Eichenholz - für 2 Personen","Boska","Diverse","nicht per Bio-VO geregelt","Stück","17.3245","2.5612","19"
"698549","Fondueset weiß Eichenholz- für 2 Personen","Boska","Diverse","nicht per Bio-VO geregelt","Stück","17.2988","2.5574","19"
"698576","Räuchermischung Besinnlichkeit","Sonnentor","Diverse","100% Biozutaten","6x25g","22.4396","3.3174","19"
"699250","Wieder gut! Raumspray Abwehrstark","Sonnentor","Diverse","nicht per Bio-VO geregelt","100ml","11.374","1.6815","19"
"699251","Wieder gut! Raumspray Gute Nacht","Sonnentor","Diverse","nicht per Bio-VO geregelt","100ml","11.374","1.6815","19"
"699252","Raumspray Laune gut, alles gut","Sonnentor","Diverse","nicht per Bio-VO geregelt","100ml","11.374","1.6815","19"
"699253","Raumspray Süße Träume","Sonnentor","Diverse","nicht per Bio-VO geregelt","100ml","11.374","1.6815","19"
"699545","Forever Bundle - Shaker und Messlöffel","Blue Farm","Deutschland","nicht per Bio-VO geregelt","Stück","12.1965","1.8031","19"
"945641","Lip Brush Colour Edition 14cm - vegan","Benecos","Deutschland","nicht per Bio-VO geregelt","Stück","2.5704","0.38","19"
"985165","Kaffeemanschetten braun für Becher mittel - 200ml","Die Regionalen","Deutschland","","100Stück","2.5575","0.3781","19"
"987001","Backpapierbögen ungebleicht 35x45cm - 24St","Die Regionalen","Diverse","nicht per Bio-VO geregelt","15Stück","50.1228","7.41","19"
"987002","Komposttüten Recycling-Papier 20x17x36cm - 10St","Die Regionalen","Diverse","nicht per Bio-VO geregelt","15Stück","21.2058","3.135","19"
"987004","Müllbeutel Recycling-Folie mit Zugband 20l - 18B.","Die Regionalen","Diverse","nicht per Bio-VO geregelt","15Stück","23.1336","3.42","19"
"987927","Joghurtbereiter stromlos - weiß/mint","Metafood","Spanien","nicht per Bio-VO geregelt","Stück","23.879","3.5302","19"
"989200","Reinigungsmilch Kamille Melisse","Lenz","Diverse","Naturkosmetik (BNN)","150ml","4.5625","0.6745","19"
"989205","Waschgel Kamille Melisse","Lenz","Diverse","Naturkosmetik (BNN)","125ml","3.6757","0.5434","19"
"989210","Gesichtswasser Kamille Melisse","Lenz","Diverse","Naturkosmetik (BNN)","150ml","4.5368","0.6707","19"
"989240","24 Stunden Creme Schachtelhalm Hopfen","Lenz","Diverse","Naturkosmetik (BNN)","50ml","4.0098","0.5928","19"
"989245","Tagescreme Sonnenhut Hagebutte","Lenz","Diverse","Naturkosmetik (BNN)","50ml","4.5625","0.6745","19"
"989250","Nachtcreme Sonnenhut Hagebutte","Lenz","Diverse","Naturkosmetik (BNN)","50ml","4.7681","0.7049","19"
"989255","Gesichtsfluid Sonnenhut Hagebutte","Lenz","Diverse","Naturkosmetik (BNN)","30ml","4.6781","0.6916","19"
"989260","Augencreme Sonnenhut Hagebutte","Lenz","Diverse","Naturkosmetik (BNN)","15ml","4.0098","0.5928","19"
"989280","Duschbad Ringelblume Minze","Lenz","Diverse","Naturkosmetik (BNN)","200ml","3.2259","0.4769","19"
"989285","Duschbad Ringelblume Minze","Lenz","Diverse","Naturkosmetik (BNN)","950ml","10.4744","1.5485","19"
"989290","Duschbad Sonnenhut Hopfen","Lenz","Diverse","Naturkosmetik (BNN)","200ml","3.2259","0.4769","19"
"989295","Duschbad Sonnenhut Hopfen","Lenz","Diverse","Naturkosmetik (BNN)","950ml","10.4744","1.5485","19"
"989300","Duschbad Haut + Haar Kamille Birke","Lenz","Diverse","Naturkosmetik (BNN)","200ml","3.2259","0.4769","19"
"989305","Duschbad Haut + Haar Kamille Birke","Lenz","Diverse","Naturkosmetik (BNN)","950ml","10.4744","1.5485","19"
"989310","Schaumbad Sonnenhut Hopfen","Lenz","Diverse","Naturkosmetik (BNN)","500ml","7.5056","1.1096","19"
"989315","Körperlotion Schachtelhalm Klettenwurzel","Lenz","Diverse","Naturkosmetik (BNN)","200ml","4.2797","0.6327","19"
"989320","Handcreme Sanft Klettenwurzel Ringelblume","Lenz","Diverse","Naturkosmetik (BNN)","75ml","2.2748","0.3363","19"
"989325","Handcreme Intensiv Kamille Melisse","Lenz","Diverse","Naturkosmetik (BNN)","75ml","2.2748","0.3363","19"
"989335","Deospray Kamille Hopfen","Lenz","Diverse","Naturkosmetik (BNN)","75ml","3.213","0.475","19"
"989350","Shampoo Kamille Melisse","Lenz","Diverse","Naturkosmetik (BNN)","250ml","3.8427","0.5681","19"
"989355","Shampoo Sonnenhut Brennnessel","Lenz","Diverse","Naturkosmetik (BNN)","250ml","3.8427","0.5681","19"
"989360","Shampoo Hanf Birke","Lenz","Diverse","Naturkosmetik (BNN)","250ml","3.8427","0.5681","19"
"989365","Haar Spülung + Kur Klettenwurzel Brennnessel","Lenz","Diverse","Naturkosmetik (BNN)","150ml","3.4572","0.5111","19"
"989400","Lippenbalsam Ringelblume Kamille","Lenz","Diverse","Naturkosmetik (BNN)","4,7g","2.1334","0.3154","19"
"989405","Lippenbalsam Ringelblume Kamille","Lenz","Diverse","Naturkosmetik (BNN)","4,7g","2.1334","0.3154","19"
"989445","Baby&Kind Waschlotion Haut+Haar Sanddorn Kamille","Lenz","Diverse","Naturkosmetik (BNN)","500ml","8.1739","1.2084","19"
"989471","Duschbad Haut + Haar Hopfen Zirbe - Männerserie","Lenz","Diverse","Naturkosmetik (BNN)","200ml","3.2773","0.4845","19"
"989471","Duschbad Haut + Haar Hopfen Zirbe - Männerserie","Lenz","Diverse","Naturkosmetik (BNN)","200ml","3.2773","0.4845","19"
"989480","Deospray Hopfen Zirbe - Männerserie","Lenz","Diverse","Naturkosmetik (BNN)","75ml","3.0202","0.4465","19"
"989480","Deospray Hopfen Zirbe - Männerserie","Lenz","Diverse","Naturkosmetik (BNN)","75ml","3.0202","0.4465","19"
"989485","für IHN: Gesichtspflege Zirbe Hopfen","Lenz","Diverse","Naturkosmetik (BNN)","50ml","3.7785","0.5586","19"
"989485","für IHN: Gesichtspflege Zirbe Hopfen","Lenz","Diverse","Naturkosmetik (BNN)","50ml","3.7785","0.5586","19"
"989488","Geschenkset für IHN - Ein Fall für Zwei","Lenz","Diverse","Naturkosmetik (BNN)","Stück","7.4413","1.1001","19"
"989490","Geschenkset - Sei gut zu Dir","Lenz","Diverse","Naturkosmetik (BNN)","Set","6.1561","0.9101","19"
"989500","Zahncreme Ringelblume Minze - mit Fluorid","Lenz","Diverse","Naturkosmetik (BNN)","75ml","3.0074","0.4446","19"
"989505","Zahncreme Ringelblume Minze - ohne Fluorid","Lenz","Diverse","Naturkosmetik (BNN)","75ml","3.0074","0.4446","19"
