ArtikelNr,Bezeichnung,Hersteller,Land,Qualitaet,Gebinde,PreisInklMwst,EntMwst,MwstSatz
516219,4-Nuss Mischmus,Davert Mühle,Diverse,100% Biozutaten,5x250g,22.4165,1.4665,7
695981,7 Kräuterpulver - Nachfüllbeutel,Doc Phytolabor Nature's,Diverse,100% Biozutaten,150g,11.117300000000002,0.7273000000000014,7
96992,7 Kräuterpulver,Doc Phytolabor Nature's,Diverse,100% Biozutaten,150g,12.0803,0.7903000000000002,7
96966,7 Kräuterpulver,Doc Phytolabor Nature's,Diverse,100% Biozutaten,75g,8.56,0.5600000000000005,7
582293,After Dinner - Tbt,PUKKA,Diverse,100% Biozutaten,4x20x2g,8.988000000000001,0.588000000000001,7
567869,Airfryer Falafel Bifteki Style,Bohlsener Mühle,Diverse,100% Biozutaten,7x165g,10.411100000000001,0.6811000000000007,7
567867,Airfryer Falafel Classic,Bohlsener Mühle,Diverse,100% Biozutaten,7x165g,10.411100000000001,0.6811000000000007,7
567868,Airfryer Falafel Gemüse,Bohlsener Mühle,Diverse,100% Biozutaten,7x165g,10.411100000000001,0.6811000000000007,7
699782,Amazake Hirse vegan glutenfrei,Terrasana,Diverse,100% Biozutaten,6x370g,10.849800000000002,0.7098000000000013,7
701413,Aprikosen getrocknet,Bio Company,Diverse,EG-Bio,8x200g,27.3064,1.7864000000000004,7
635579,Arabica Kaffee FairTrade ganze Bohne,Mount Hagen,Diverse,Naturland,6x1kg,96.5568,6.316800000000001,7
615119,Aroniamark,Maintal,Diverse,EG-Bio,6x190g,11.491800000000001,0.7518000000000011,7
699616,Artischocken in Olivenöl,Terrasana,Diverse,100% Biozutaten,6x170g,14.3808,0.9408000000000012,7
592053,Asiasauce Thai Chili,Sanchon,Diverse,100% Biozutaten,6x210ml,11.235000000000001,0.7350000000000012,7
592054,Asiasauce Thai Mango,Sanchon,Diverse,100% Biozutaten,6x210ml,11.235000000000001,0.7350000000000012,7
598964,Basilikum Tomatensauce DEMETER,Naturata,Spanien,Demeter (Deutschland),6x330ml,15.3438,1.0038,7
582331,Biolat-F Fermentations Konzentrat,Doc Phytolabor Nature's,Diverse,100% Biozutaten,30ml,1.9278,0.30779999999999985,19
635129,BODENSTELLER Tee,Allos,Diverse,100% Biozutaten,Display,138.03,9.030000000000001,7
598962,Classico Tomatensauce DEMETER,Naturata,Spanien,Demeter (Deutschland),6x330ml,15.3438,1.0038,7
685625,Cocoa & Coffee Schokoriegel,Naturata,Diverse,100% Biozutaten,24x33g,28.248,1.8480000000000025,7
685623,Coconut & Cream Schokoriegel,Naturata,Diverse,100% Biozutaten,24x33g,28.248,1.8480000000000025,7
567987,Couscous Bohnen Salat,Bohlsener Mühle,Diverse,100% Biozutaten,7x165g,11.1601,0.7301000000000002,7
701426,Cranberries,Bio Company,Diverse,100% Biozutaten,8x100g,18.7464,1.2264000000000017,7
98592,Currypaste Green Thai,Sanchon,Diverse,100% Biozutaten,6x190g,14.124,0.9240000000000013,7
98591,Currypaste Red Thai,Sanchon,Diverse,100% Biozutaten,6x190g,14.124,0.9240000000000013,7
695521,Currypaste Yellow Thai,Sanchon,Diverse,100% Biozutaten,6x190g,14.059800000000001,0.9198000000000004,7
695431,Currysauce Red Thai,Sanchon,Diverse,100% Biozutaten,6x320ml,13.161000000000001,0.8610000000000007,7
699666,Dinkel Vollkorn Häschen mit Schokolade,Naturkostmühle Werz,Diverse,100% Biozutaten,6x125g,9.309,0.609,7
626837,Dinkel Vollkorn Rübli Häschen,Naturkostmühle Werz,Diverse,100% Biozutaten,8x125g,9.63,0.6300000000000008,7
582263,Drei Ingwer - Tbt,PUKKA,Diverse,100% Biozutaten,"4x20x1,8g",8.988000000000001,0.588000000000001,7
582237,Drei Kamille - Tbt,PUKKA,Diverse,100% Biozutaten,"4x20x1,5g",8.988000000000001,0.588000000000001,7
582262,Drei Minze - Tbt,PUKKA,Diverse,100% Biozutaten,"4x20x1,6g",8.988000000000001,0.588000000000001,7
582333,Earl Grey - Tbt,PUKKA,Diverse,100% Biozutaten,4x20x2g,8.988000000000001,0.588000000000001,7
687067,Edelmarzipanbrot in Zartbitterschokolade,Vitana,Diverse,100% Biozutaten,20x50g,21.186000000000003,1.3860000000000028,7
687065,Edelmarzipanriegel in Zartbitterschokolade,Vitana,Diverse,100% Biozutaten,24x40g,17.2056,1.1256000000000022,7
582332,English Breakfast - Tbt,PUKKA,Diverse,100% Biozutaten,"4x20x2,5g",8.988000000000001,0.588000000000001,7
699909,Erbsen Chips Harissa,Terrasana,Diverse,100% Biozutaten,8x75g,14.124,0.9240000000000013,7
529478,Erdnussmus fein,Terrasana,Diverse,EG-Bio,6x500g,20.223,1.3230000000000004,7
695430,Erdnusssauce Saté,Sanchon,Diverse,100% Biozutaten,6x320ml,12.7758,0.8358000000000008,7
635577,Espresso FairTrade ganze Bohne,Mount Hagen,Diverse,Naturland,6x1kg,96.5568,6.316800000000001,7
580529,Familienheld - natives Olivenöl extra,Mani Bläuel,Griechenland,EG-Bio,6x500ml,41.2806,2.7006000000000014,7
695237,Feigen-Senf - Tube,Naturata,Diverse,100% Biozutaten,8x100ml,10.700000000000001,0.7000000000000011,7
695042,Furikake Streuwürze,Terrasana,Diverse,96%,6x100g,22.791,1.4909999999999997,7
615380,Gemüse-Käse-Aufstrich Spinat Ricotta,Allos,Diverse,100% Biozutaten,6x135g,9.5658,0.6257999999999999,7
615381,Gemüse-Käse-Aufstrich Tomate Mozzarella Hartkäse,Allos,Diverse,100% Biozutaten,6x135g,9.5658,0.6257999999999999,7
575038,Gemüsebrühe in der Dose,Erntesegen,Diverse,95%,6x125g,10.272,0.6720000000000006,7
575042,Gemüsebrühe ohne Hefe in der Dose,Erntesegen,Diverse,100% Biozutaten,6x125g,9.309,0.609,7
699912,Geröstetes Sesam Dressing,Terrasana,Diverse,100% Biozutaten,6x210ml,16.6278,1.0878000000000014,7
516241,Geschmack der Welt Baba Ganoush,Allos,Diverse,100% Biozutaten,6x140g,10.849800000000002,0.7098000000000013,7
516240,Geschmack der Welt Guacamole auf Erbsenbasis,Allos,Diverse,100% Biozutaten,6x140g,10.849800000000002,0.7098000000000013,7
516242,Geschmack der Welt Zwiebel Chutney,Allos,Diverse,100% Biozutaten,6x140g,10.849800000000002,0.7098000000000013,7
701011,Getrocknete Tomaten in Öl,Bio Company,Diverse,100% Biozutaten,6x200g,10.0794,0.6593999999999998,7
566224,Grüne & Kalamata Oliven al nat. mit Rosmarin o.St.,Mani Bläuel,Griechenland,NF,6x175g,15.985800000000001,1.0458000000000016,7
701217,Grüne Brechbohnen,Bio Company,Diverse,100% Biozutaten,12x340g,12.4548,0.8148,7
698814,Grüne Oliven al naturale Korianders. & rosa Pfeffe,Mani Bläuel,Griechenland,Naturland,6x205g,15.985800000000001,1.0458000000000016,7
566274,Grüne&Kalamata Oliven al nat.- med. Kräuter o.St.,Mani Bläuel,Griechenland,NF,6x175g,15.985800000000001,1.0458000000000016,7
575062,Habanero in Olivenöl DEMETER,Tennental,Diverse,Demeter (Deutschland),6x170g,28.825800000000005,1.8858000000000033,7
630444,Hafer Kaffee,Natumi,Europäische Union,100% Biozutaten,"6x1,0l",12.7806,2.0405999999999995,19
530884,Hafer Macha Latte,Allos,Diverse,100% Biozutaten,"6x1,0l",12.852,2.0519999999999996,19
687049,Hafertaler,Linea Natura,Deutschland,100% Biozutaten,18x200g,26.7714,1.7514000000000003,7
615069,Hagebuttenmark,Maintal,Diverse,EG-Bio,6x190g,11.491800000000001,0.7518000000000011,7
698328,Hanf-Aufstrich Aubergine - Paprika,Chiron,Europäische Union,100% Biozutaten,6x135g,19.195800000000002,1.2558000000000007,7
698336,Hanf-Aufstrich Heimisch,Chiron,Europäische Union,100% Biozutaten,6x135g,19.195800000000002,1.2558000000000007,7
698334,Hanf-Aufstrich Indisch,Chiron,Europäische Union,100% Biozutaten,6x135g,19.195800000000002,1.2558000000000007,7
698335,Hanf-Aufstrich Mediterran,Chiron,Europäische Union,100% Biozutaten,6x135g,19.195800000000002,1.2558000000000007,7
698338,Hanf-Aufstrich Meerrettich-Apfel,Chiron,Europäische Union,100% Biozutaten,6x135g,19.195800000000002,1.2558000000000007,7
698337,Hanf-Aufstrich Orientalisch,Chiron,Europäische Union,100% Biozutaten,6x135g,19.195800000000002,1.2558000000000007,7
698339,Hanf-Aufstrich Paprika-Basilikum,Chiron,Europäische Union,100% Biozutaten,6x135g,20.223,1.3230000000000004,7
698333,Hanf-Aufstrich Pikant,Chiron,Europäische Union,100% Biozutaten,6x135g,19.195800000000002,1.2558000000000007,7
698636,Hanf-Aufstrich Rote-Bete,Chiron,Europäische Union,100% Biozutaten,6x135g,20.223,1.3230000000000004,7
686374,Hasengras vegan,Zotter,Diverse,100% Biozutaten,5x70g,8.132,0.532,7
592986,Heidelbeeren gefriergetrocknet in Papierdose,Morgenland,Argentinien,EG-Bio,6x35g,21.1218,1.381800000000002,7
699608,High Protein Shake Berry 5k vegan,PURYA,Diverse,95%,10x30g,11.235000000000001,0.7350000000000012,7
699604,High Protein Shake Berry 5k vegan,PURYA,Diverse,95%,300g,7.693300000000001,0.5033000000000003,7
699609,High Protein Shake Cinnamon 5k vegan,PURYA,Diverse,97%,10x30g,11.235000000000001,0.7350000000000012,7
699606,High Protein Shake Kakao 4k vegan,PURYA,Diverse,95%,10x30g,11.235000000000001,0.7350000000000012,7
699602,High Protein Shake Kakao 4k vegan,PURYA,Diverse,95%,300g,7.693300000000001,0.5033000000000003,7
699605,High Protein Shake Pure 4k vegan,PURYA,Diverse,100% Biozutaten,300g,6.6233,0.4333,7
699607,High Protein Shake Vanille 5k vegan,PURYA,Diverse,95%,10x30g,11.235000000000001,0.7350000000000012,7
699603,High Protein Shake Vanille 5k vegan,PURYA,Diverse,95%,300g,7.693300000000001,0.5033000000000003,7
40665,Himalaya Basmati Duftreis Langkorn weiß,Davert Mühle,Pakistan,EG-Bio,8x500g,16.1784,1.0584000000000007,7
582272,Holunderbeere & Echinacea - Tbt,PUKKA,Diverse,100% Biozutaten,4x20x2g,8.988000000000001,0.588000000000001,7
600506,Hühnerfrikassee DEMETER ÖTZ,LindenGut Manufaktur,Deutschland,Demeter (Deutschland),6X395g,43.656,2.8560000000000016,7
600507,Hühnerfrikassee DEMETER ÖTZ,LindenGut Manufaktur,Deutschland,Demeter (Deutschland),6x695g,71.262,4.662000000000006,7
600501,Hühnerkraftbrühe DEMETER ÖTZ,LindenGut Manufaktur,Deutschland,Demeter (Deutschland),6x380ml,21.699600000000004,1.4196000000000026,7
600500,Hühnerkraftbrühe DEMETER ÖTZ,LindenGut Manufaktur,Deutschland,Demeter (Deutschland),6x650ml,35.2458,2.305800000000005,7
600502,Hühnerkraftbrühe mit Fleisch DEMETER ÖTZ,LindenGut Manufaktur,Deutschland,Demeter (Deutschland),6X395g,30.238200000000003,1.978200000000001,7
600504,Hühnersuppe mit Nudeln DEMETER ÖTZ,LindenGut Manufaktur,Deutschland,Demeter (Deutschland),6X395g,31.779,2.0790000000000006,7
600505,Hühnersuppe mit Nudeln DEMETER ÖTZ,LindenGut Manufaktur,Deutschland,Demeter (Deutschland),6x670g,50.397000000000006,3.297000000000004,7
699906,Indisches Sambal Oelek,Terrasana,Diverse,99%,6x125g,13.4178,0.8778000000000006,7
699908,Instant Nudel Miso Shiitake,Terrasana,Diverse,100% Biozutaten,6x90g,8.346,0.5460000000000003,7
699907,Instant Nudel Miso Wakame,Terrasana,Diverse,100% Biozutaten,6x90g,8.346,0.5460000000000003,7
67120,Kartoffelcremesuppe vegetarisch,Ökoland,Diverse,100% Biozutaten,6x400g,13.4178,0.8778000000000006,7
598961,Kinder-Tomatensauce DEMETER,Naturata,Spanien,Demeter (Deutschland),6x330ml,15.087,0.9870000000000001,7
582258,Klar - Tbt,PUKKA,Diverse,100% Biozutaten,"4x20x1,8g",8.988000000000001,0.588000000000001,7
696114,Knusperecken Onion - Protein,Byodo,Diverse,100% Biozutaten,12x80g,17.334,1.1340000000000003,7
696113,Knusperecken Tomate - Protein,Byodo,Diverse,100% Biozutaten,12x80g,17.334,1.1340000000000003,7
680055,Kokosfett mild gedämpft desodoriert,Bioplanete,Indonesien,EG-Bio,4x950ml,36.3372,2.377200000000002,7
580245,Kokosfett mild gedämpft desodoriert,Bioplanete,Indonesien,EG-Bio,6x400ml,23.0478,1.5077999999999996,7
680054,Kokosöl nativ,Bioplanete,Diverse,EG-Bio,4x950ml,42.32920000000001,2.769200000000005,7
80036,Kokosöl nativ,Bioplanete,Philippinen,EG-Bio,6x200ml,17.2698,1.1297999999999995,7
80039,Kokosöl nativ,Bioplanete,Philippinen,EG-Bio,6x400ml,25.1664,1.6463999999999999,7
582322,Kräutertee Selektion - Tbt,PUKKA,Diverse,100% Biozutaten,"4x20x1,45g",8.988000000000001,0.588000000000001,7
699318,Kreuzkümmel - Streuglas,Herbaria,Türkei,EG-Bio,35g,1.6906,0.11060000000000003,7
572898,Krunchy Chocolate Banana Chunks,Barnhouse,Diverse,100% Biozutaten,6x450g,26.001,1.7010000000000005,7
572406,Krunchy Chocolate Chunks,Barnhouse,Diverse,100% Biozutaten,6x500g,21.956400000000002,1.4364000000000026,7
572821,Krunchy Low Sugar (No) Choco,Barnhouse,Deutschland,100% Biozutaten,6x375g,18.8748,1.2348,7
572819,Krunchy Low Sugar Crazy Nuts,Barnhouse,Diverse,100% Biozutaten,6x375g,18.8748,1.2348,7
572892,Krunchy Salted Caramel Chunks,Barnhouse,Diverse,100% Biozutaten,6x500g,21.956400000000002,1.4364000000000026,7
580531,Küchenheld - natives Olivenöl,Mani Bläuel,Griechenland,EG-Bio,6x500ml,42.693,2.7929999999999993,7
582290,Kurkuma Ingwer Orange - Tbt,PUKKA,Diverse,100% Biozutaten,"4x20x1,8g",8.988000000000001,0.588000000000001,7
701491,Linsenchips Paprika,Bio Company,Diverse,100% Biozutaten,6x75g,8.9238,0.5838000000000001,7
626766,Lisas Kartoffelchips Chili,Lisas Chips,Europäische Union,95%,10x125g,14.98,0.9800000000000004,7
626764,Lisas Kartoffelchips Salz,Lisas Chips,Europäische Union,98%,10x125g,14.98,0.9800000000000004,7
626767,Lisas Kartoffelchips Sauerrahm,Lisas Chips,Europäische Union,95%,10x125g,14.98,0.9800000000000004,7
626769,Lisas Kartoffelchips Sweet BBQ,Lisas Chips,Europäische Union,95%,10x125g,14.98,0.9800000000000004,7
626768,Lisas Kartoffelchips Tzatziki Style,Lisas Chips,Europäische Union,95%,10x125g,14.98,0.9800000000000004,7
626765,Lisas Kartoffelchips Ungarisch,Lisas Chips,Europäische Union,95%,10x125g,14.98,0.9800000000000004,7
630446,Mandeldrink ungesüßt,Natumi,Europäische Union,100% Biozutaten,"8x1,0l",15.136800000000001,2.4168000000000003,19
529548,Mandelnougat,Krämers Bio-Manufaktur,Diverse,100% Biozutaten,2kg,25.6479,1.677900000000001,7
592984,Mangos gefriergetrocknet in Papierdose,Morgenland,Diverse,EG-Bio,6x45g,21.1218,1.381800000000002,7
667805,Matcha Reis-Kokos Drink,Natumi,Diverse,100% Biozutaten,"8x1,0l",20.468,3.2680000000000007,19
575537,Mie-Noodles aus Dinkel für Wok-Gerichte,Alb Gold Alb Natur,Diverse,EG-Bio,8x250g,10.5288,0.6888000000000005,7
575539,Mie-Noodles aus Vollkorn für Wok-Gerichte,Alb Gold Alb Natur,Diverse,100% Biozutaten,8x250g,10.443200000000001,0.6832000000000011,7
575538,Mie-Noodles mit Ei für Wok-Gerichte,Alb Gold Alb Natur,Diverse,100% Biozutaten,8x250g,10.443200000000001,0.6832000000000011,7
40753,Milchreis,Davert Mühle,Italien,EG-Bio,8x500g,16.1784,1.0584000000000007,7
686375,Minis Frohe Ostern,Zotter,Diverse,100% Biozutaten,25x20g,16.585,1.0850000000000009,7
582324,Mint Matcha Green - Tbt,PUKKA,Diverse,100% Biozutaten,"4x20x1,5g",8.988000000000001,0.588000000000001,7
582321,Morning Berry - Tbt,PUKKA,Diverse,100% Biozutaten,"4x20x1,7g",8.988000000000001,0.588000000000001,7
697619,Natürliche Balance - Tbt,Yogi Tea,Diverse,100% Biozutaten,"6x17x2,0g",6.805200000000001,0.4452000000000007,7
582264,Night Time - Tbt,PUKKA,Diverse,100% Biozutaten,4x20x1g,8.988000000000001,0.588000000000001,7
582325,Night Time Berry - Tbt,PUKKA,Diverse,100% Biozutaten,"4x20x1,6g",8.988000000000001,0.588000000000001,7
699759,Nocciolata Mini Tartelettes Bianca,Rigoni di Asagio,Europäische Union,100% Biozutaten,10x250g,35.31,2.3100000000000023,7
699758,Nocciolata Mini Tartelettes Original,Rigoni di Asagio,Europäische Union,100% Biozutaten,10x250g,35.31,2.3100000000000023,7
516222,Nut Butter Sweet Chai,Davert Mühle,Diverse,100% Biozutaten,5x250g,19.741500000000002,1.2915000000000028,7
580517,Olivenöl nativ extra Kreta DEMETER,Naturata,Griechenland,Demeter (Deutschland),6x500ml,59.6418,3.9018000000000015,7
580516,Olivenöl nativ extra Spanien DEMETER,Naturata,Spanien,Demeter (Deutschland),6x500ml,60.9258,3.9858000000000047,7
699720,Omega-3 Algenöl - Kapseln | 30St,Salus,Indien,konventionell,30Stück,15.996500000000001,1.0465000000000018,7
85289,Ostereier Panna-Cotta-Trüffel weiß,Lanwehr,Diverse,100% Biozutaten,50x20g,22.470000000000002,1.4700000000000024,7
699267,Osterkugeln Salty Caramel,Govinda,Diverse,100% Biozutaten,6x50g,6.1632,0.4032,7
575033,Pastöse Gewürzbrühe Mediterran,Erntesegen,Diverse,95%,6x200g,17.2698,1.1297999999999995,7
575035,Pastöse Gewürzbrühe Miso,Erntesegen,Diverse,95%,6x200g,19.195800000000002,1.2558000000000007,7
575037,Pastöse Gewürzbrühe Pur,Erntesegen,Diverse,95%,6x200g,17.2698,1.1297999999999995,7
582307,Peace - Tbt,PUKKA,Diverse,100% Biozutaten,"4x20x1,5g",8.988000000000001,0.588000000000001,7
582270,Pfefferminz & Süßholz - Tbt,PUKKA,Diverse,100% Biozutaten,"4x20x1,5g",8.988000000000001,0.588000000000001,7
567799,Protein Couscous Salat,Davert Mühle,Diverse,100% Biozutaten,6x160g,10.849800000000002,0.7098000000000013,7
552009,Protein Linsen Mix,Davert Mühle,Diverse,100% Biozutaten,8x500g,19.003200000000003,1.2432000000000016,7
699611,Proteinriegel Hazelnut Brownie vegan,PURYA,Diverse,99%,12x45G,17.976000000000003,1.176000000000002,7
699610,Proteinriegel Salted Peanut Caramel vegan,PURYA,Diverse,99%,12x45G,17.976000000000003,1.176000000000002,7
699910,Quinoa Chips Paprika,Terrasana,Diverse,100% Biozutaten,6x75g,10.593000000000002,0.6930000000000014,7
667800,Reis-Drink natural glutenfrei,Natumi,Italien,100% Biozutaten,"8x1,0l",12.7568,2.0367999999999995,19
630449,Reis-Kokos-Drink glutenfrei,Natumi,Spanien,100% Biozutaten,"8x1,0l",16.66,2.66,19
75005,Reisnudeln aus Thai-Reis glutenfrei,Terrasana,Diverse,100% Biozutaten,12x250g,25.1664,1.6463999999999999,7
540806,Ribe Risotto Reis weiß,Davert Mühle,Italien,EG-Bio,8x500g,16.435200000000002,1.0752000000000024,7
552008,Rote Linsen,Davert Mühle,Türkei,EG-Bio,8x1kg,30.388,1.988000000000003,7
698483,Rote Thai Curry Paste,Terrasana,Diverse,99%,6x120g,13.803,0.9030000000000005,7
575714,Rustico Dinkel Strozzapreti ungefüllt vegan,D'Angelo Pasta,Diverse,100% Biozutaten,10x250g,20.330000000000002,1.3300000000000018,7
615064,Sanddornmark,Maintal,Diverse,EG-Bio,6x180g,11.491800000000001,0.7518000000000011,7
620007,Sauerkraut DEMETER,Schweizer,Deutschland,Demeter (Deutschland),6x720ml,8.5386,0.5586000000000002,7
699302,Schwarzkümmel aus Brandenburg - Streuglas,Herbaria,Deutschland,Bioland,40g,1.6906,0.11060000000000003,7
555480,Snack Brezel Banane Mandel,Morgenland,Diverse,100% Biozutaten,8x90g,16.1784,1.0584000000000007,7
555478,Snack Cashew Pekan Caramel,Morgenland,Diverse,100% Biozutaten,8x85g,16.1784,1.0584000000000007,7
555479,Snack Kokos Cranberry Cashew,Morgenland,Diverse,100% Biozutaten,8x90g,16.1784,1.0584000000000007,7
555477,Snack Pekannuss,Morgenland,Diverse,100% Biozutaten,8x85g,17.976000000000003,1.176000000000002,7
699718,Snack Rosinen Saurer Apfel,Foodloose Cool Kids,Türkei,98%,10x84g,15.943000000000001,1.043000000000001,7
555476,Snack Tamari Mandel,Morgenland,Diverse,100% Biozutaten,8x100g,16.1784,1.0584000000000007,7
695960,Soul Kitchen Gemüse Curry,Zwergenwiese,Diverse,100% Biozutaten,6x370g,12.1338,0.793800000000001,7
695962,Soul Kitchen Tikka Masala,Zwergenwiese,Diverse,100% Biozutaten,6x370g,12.1338,0.793800000000001,7
699911,Sriracha Sauce,Terrasana,Diverse,100% Biozutaten,6x250g,18.618,1.218,7
566234,Sugo al Pomodoro- Tomatensauce,Mamma Natur,Italien,100% Biozutaten,6x300g,12.7758,0.8358000000000008,7
566237,Sugo all Arrabbiata,Mamma Natur,Italien,100% Biozutaten,6x300g,12.7758,0.8358000000000008,7
566236,Sugo alla Bolognese,Mamma Natur,Italien,100% Biozutaten,6x300g,12.7758,0.8358000000000008,7
566233,Sugo alle Melanzane - Tomatensauce Aubergine,Mamma Natur,Italien,100% Biozutaten,6x280g,12.7758,0.8358000000000008,7
566232,Sugo alle Verdure - Tomatensauce gegrilltes Gemüse,Mamma Natur,Italien,100% Biozutaten,6x280g,12.7758,0.8358000000000008,7
566229,Sugo dei Bambini - Kinder Tomatensauce,Mamma Natur,Italien,100% Biozutaten,6x280g,12.7758,0.8358000000000008,7
566231,Sugo Olive Capperi - Tomatensauce Olive und Kapern,Mamma Natur,Italien,100% Biozutaten,6x280g,12.7758,0.8358000000000008,7
695236,Süßer-Senf DEMETER - Tube,Naturata,Diverse,Demeter (Deutschland),8x100ml,10.5288,0.6888000000000005,7
697120,Tafel Feine Bitter Schokolade 75% Panama,Vivani,Diverse,100% Biozutaten,10x80g,19.795,1.2950000000000017,7
699508,Tafel Stracciatella Weiße mit Kakaonibs,Vivani,Diverse,100% Biozutaten,10x80g,19.795,1.2950000000000017,7
81178,Tamari strong,Terrasana,Japan,100% Biozutaten,6x250ml,21.7638,1.4238,7
598957,Tomaten geschält im eigenen Saft DEMETER,Naturata,Spanien,Demeter (Deutschland),6x420g,13.482000000000001,0.8820000000000014,7
695259,Tomaten-Passata WIR.,WIR. Bio Power Bodensee,Regional,Demeter (Deutschland),8x340ml,16.264,1.064,7
67121,Tomatencremesuppe vegetarisch,Ökoland,Diverse,100% Biozutaten,6x400g,13.4178,0.8778000000000006,7
95411,Tomatenmark 22% DEMETER,Naturata,Spanien,Demeter (Deutschland),6x125g,9.501600000000002,0.6216000000000008,7
695258,Tomatensauce Gemüse und Kräutern WIR.,WIR. Bio Power Bodensee,Regional,Demeter (Deutschland),8x340ml,18.832000000000004,1.2320000000000029,7
695260,Tomatensauce mit Basilikum WIR.,WIR. Bio Power Bodensee,Regional,Demeter (Deutschland),8x340ml,18.832000000000004,1.2320000000000029,7
695261,Tomatensauce mit Peperoni WIR.,WIR. Bio Power Bodensee,Regional,Demeter (Deutschland),8x340ml,18.832000000000004,1.2320000000000029,7
695507,Tomatenstücke - Dose,Green organics,Italien,EG-Bio,"6x2,55kg",29.339400000000005,1.919400000000003,7
699840,Trinkmahlzeit Real Meal Berry vegan,PURYA,Diverse,96%,6x500ml,14.994,2.394,19
699841,Trinkmahlzeit Real Meal Kakao vegan,PURYA,Diverse,96%,6x500ml,14.994,2.394,19
699040,Umami Sauce,Terrasana,Diverse,100% Biozutaten,6x145ml,17.013,1.1130000000000013,7
582323,Vanilla Chai - Tbt,PUKKA,Diverse,100% Biozutaten,"4x20x2,0g",8.988000000000001,0.588000000000001,7
567998,Veggie Bauerntopf mit Kartoffeln,Davert Mühle,Diverse,100% Biozutaten,5x340g,10.6465,0.6965000000000003,7
567997,Veggie Better Chicken mit Reis,Davert Mühle,Diverse,100% Biozutaten,5x320g,10.6465,0.6965000000000003,7
699728,VORDORDER-DISPLAY - Winter,Landgarten,Diverse,100% Biozutaten,Display,152.79600000000002,9.99600000000001,7
699729,VORDORDER-THEKENDISPLAY - Wintersnack,Landgarten,Diverse,100% Biozutaten,Display,216.675,14.175000000000011,7
586905,VORORDER CHEPDISPLAY Weihnachten 2026 glutenfr.,Hammermühle,Diverse,100% Biozutaten,Display,440.305,28.805000000000007,7
572527,VORORDER DISPLAY Krunchy Christmas,Barnhouse,Diverse,100% Biozutaten,20x375g,69.55,4.549999999999997,7
626209,VORORDER DISPLAY Weihnachten 2026 Bohlsener Mühle,Bohlsener Mühle,Deutschland,Bioland,Display,293.71500000000003,19.215000000000032,7
586907,VORORDER TOWERDISPLAY Weihnachten 2026 glf.,Hammermühle,Diverse,100% Biozutaten,Display,261.829,17.12900000000002,7
566279,VORORDER- Panettone in der Dose - Design Mohnblume,La Selva,Diverse,100% Biozutaten,4x500g,52.216,3.416000000000004,7
699453,VORORDER-DISPLAY - Backen,Sonnentor,Diverse,100% Biozutaten,Display,86.67,5.670000000000002,7
699721,VORORDER-DISPLAY - Merry Christmas,Yogi Tea,Diverse,100% Biozutaten,Display,162.64000000000001,10.640000000000015,7
699743,VORORDER-DISPLAY - Neujahrstee,Sonnentor,Diverse,100% Biozutaten,Display,177.62,11.620000000000005,7
699180,VORORDER-DISPLAY - Tee Adventskalender,Sonnentor,Diverse,100% Biozutaten,Display,271.78000000000003,17.78000000000003,7
699454,VORORDER-DISPLAY - Weihnachten,Sonnentor,Diverse,100% Biozutaten,Display,214,14,7
699811,VORORDER-DISPLAY - Weihnachten,Vivani,Diverse,100% Biozutaten,Display,217.21,14.210000000000008,7
699037,VORORDER-DISPLAY - Wintergewürze,Lebensbaum,Diverse,100% Biozutaten,Display,116.09500000000001,7.595000000000013,7
699797,VORORDER-DISPLAY - Wintergewürze,Lebensbaum,Diverse,100% Biozutaten,Display,290.505,19.004999999999995,7
699754,VORORDER-DISPLAY - Wintertee,Lebensbaum,Diverse,100% Biozutaten,Display,163.71,10.710000000000008,7
597596,VORORDER-DISPLAY Schoko-Hohlfiguren 2026,Rosengarten,Diverse,100% Biozutaten,Display,519.6990000000001,33.99900000000008,7
685786,VORORDER-DISPLAY Weihnachten,Linea Natura,Diverse,100% Biozutaten,Display,333.84000000000003,21.840000000000032,7
97120,VORORDER-DISPLAY Weihnachtsgebäck 2026,Rosengarten,Diverse,100% Biozutaten,Display,445.869,29.16900000000004,7
597273,VORORDER-THEKENDISPLAY Weihnachten 2026,Rosengarten,Diverse,100% Biozutaten,Display,125.83200000000001,8.232000000000014,7
699905,Wasabi Style Paste,Terrasana,Diverse,99%,8x50g,31.5864,2.0664000000000016,7
592790,Weizengras Pulver,Terrasana,Volksrepublik China,EG-Bio,6x130g,13.995600000000001,0.9156000000000013,7
582246,Wildapfel & Zimt - Tbt,PUKKA,Diverse,100% Biozutaten,4x20x2g,8.988000000000001,0.588000000000001,7
699626,Wildkräuter Shot Ayurveda,Kruut,Deutschland,100% Biozutaten,10x60ml,17.849999999999998,2.849999999999998,19
699622,Wildkräuter Shot Balance,Kruut,Deutschland,100% Biozutaten,10x60ml,17.849999999999998,2.849999999999998,19
699623,Wildkräuter Shot Bitter,Kruut,Deutschland,100% Biozutaten,10x60ml,17.849999999999998,2.849999999999998,19
699624,Wildkräuter Shot Immun,Kruut,Deutschland,100% Biozutaten,10x60ml,17.849999999999998,2.849999999999998,19
699620,Wildkräuter Shot Kraft,Kruut,Deutschland,100% Biozutaten,10x60ml,17.849999999999998,2.849999999999998,19
699621,Wildkräuter Shot Ruhe,Kruut,Deutschland,100% Biozutaten,10x60ml,17.849999999999998,2.849999999999998,19
699625,Wildkräuter Shot Zyklus,Kruut,Deutschland,100% Biozutaten,10x60ml,17.849999999999998,2.849999999999998,19
525473,Wraps 3St,Nur Puur,Diverse,100% Biozutaten,8x225g,13.268,0.8680000000000003,7
582326,"Zitrone, Ingwer & Manukahonig - Tbt",PUKKA,Diverse,100% Biozutaten,"4x20x1,6g",8.988000000000001,0.588000000000001,7
582266,Zitronengras & Ingwer - Tbt,PUKKA,Diverse,100% Biozutaten,"4x20x1,8g",8.988000000000001,0.588000000000001,7
552099,Zollernalb Linsen,Gesund & Leben Guterrat,Deutschland,Bioland,12x500g,52.002,3.402000000000001,7
271371,H-Alpen-Vollmilch laktosefrei,Berchtesgadener Land,Bayern,NF,"12x1,0l",19.6452,1.2851999999999997,7
7137,H-Alpen-Vollmilch NATURLAND FAIR,Berchtesgadener Land,Bayern,NF,"12x1,0l",17.8476,1.1676000000000002,7
271361,H-Alpenmilch fettarm laktosefrei,Berchtesgadener Land,Bayern,NF,"12x1,0l",18.7464,1.2264000000000017,7
7136,H-Alpenmilch fettarm NATURLAND FAIR,Berchtesgadener Land,Bayern,NF,"12x1,0l",16.1784,1.0584000000000007,7
274396,H-Heumilch g.t.S. BIOLAND - Tetrapak,Schwarzwaldmilch Heumilch,Baden-Württemberg,Bioland,"12x1,0l",21.442800000000002,1.4028000000000027,7
7409,"H-Milch fettarm 1,5% BIOLAND",Schwarzwaldmilch,Baden-Württemberg,Bioland,"12x1,0l",19.6452,1.2851999999999997,7
274093,"H-Milch fettarm 1,5% laktosefrei BIOLAND",Schwarzwaldmilch,Baden-Württemberg,Bioland,"12x1,0l",19.773600000000002,1.2936000000000014,7
7408,"H-Vollmilch 3,5% BIOLAND",Schwarzwaldmilch,Baden-Württemberg,Bioland,"12x1,0l",20.287200000000002,1.3272000000000013,7
274081,"H-Vollmilch 3,5% laktosefrei BIOLAND",Schwarzwaldmilch,Baden-Württemberg,Bioland,"12x1,0l",20.415599999999998,1.3355999999999995,7
270121,H-Ziegenmilch fettarm,Andechser,Bayern,Bioland,"12x1,0l",35.952000000000005,2.352000000000004,7
270131,H-Ziegenvollmilch,Andechser,Bayern,Bioland,"12x1,0l",36.979200000000006,2.4192000000000036,7
271003,Tee- und Kaffeesahne BIOLAND 10%,Ökologische Molkerei Allgäu,Bayern,Bioland,12X165G,14.6376,0.9576000000000011,7
986933,"[ECHT BIO.] Smoothie-Mehrwegbecher 0,42l",Die Regionalen,Diverse,,Stück,12.495,1.9949999999999992,19
985209,[ECHT BIO.] Tragetasche Mehrweg d.grün- 30x22x33cm,Die Regionalen,Deutschland,,10Stück,25.584999999999997,4.084999999999997,19
270431,Käsepapier BioPap 25x35cm | 2000St,Ökologische Molkerei Allgäu,Diverse,,Karton,120.428,19.227999999999994,19
699382,Molkosan Original,A Vogel,Diverse,konventionell,1000ml,15.8253,1.0353000000000012,7
699381,Molkosan Original,A Vogel,Diverse,konventionell,500ml,10.1115,0.6615000000000002,7
699882,Molkosan Original,A Vogel,Diverse,konventionell,6x200ml,29.724600000000002,1.9446000000000012,7
571421,"Schale aus Porzellan Ø15,5cm - Dekor Mandala",Memo,Volksrepublik China,nicht per Bio-VO geregelt,Stück,8.6156,1.3756000000000004,19
527270,Baumkuchenringe Zartbitter ca.50g - Theke,Rosengarten,Diverse,100% Biozutaten,16Stück,32.1856,2.1056000000000026,7
527294,Cappuccino-Schnitte ca.80g - Theke,Rosengarten,Diverse,100% Biozutaten,16Stück,37.4928,2.4528000000000034,7
527291,Cashew-Knacker ca.50g - Theke,Rosengarten,Diverse,100% Biozutaten,20Stück,33.384,2.184000000000001,7
527287,Cashew-Quinoa-Ecke vegan ca.75g - Theke,Rosengarten,Diverse,100% Biozutaten,24Stück,44.940000000000005,2.940000000000005,7
527274,Dinkel-Schweinsohren Vollmilch ca.50g - Theke,Rosengarten,Diverse,100% Biozutaten,18Stück,30.0456,1.965600000000002,7
527273,Dinkel-Schweinsohren Zartbitter ca.50g - Theke,Rosengarten,Diverse,100% Biozutaten,18Stück,30.0456,1.965600000000002,7
527277,Florentiner rund ca.50g - Theke,Rosengarten,Diverse,100% Biozutaten,20Stück,33.384,2.184000000000001,7
685615,Fruchtkugeln Kokos ca. 40g,Rosengarten,Diverse,100% Biozutaten,32Stück,21.5712,1.411200000000001,7
527290,Haselnussknacker ca.50g - Theke,Rosengarten,Diverse,100% Biozutaten,20Stück,33.384,2.184000000000001,7
527285,Kaffeehaus-Schnitte ca.95g - Theke,Rosengarten,Diverse,99%,16Stück,37.4928,2.4528000000000034,7
527278,Kirsch-Marzipan-Schnitte vegan ca.75g -Theke,Rosengarten,Diverse,100% Biozutaten,18Stück,36.208800000000004,2.3688000000000002,7
527288,Kokos-Cranberry-Ecke vegan ca.75g - Theke,Rosengarten,Diverse,99%,24Stück,44.940000000000005,2.940000000000005,7
527289,Mandel-Amaranth-Ecke vegan ca.75g - Theke,Rosengarten,Diverse,99%,24Stück,44.940000000000005,2.940000000000005,7
527398,Mandelhörnchen ca.75g - Theke,Rosengarten,Diverse,100% Biozutaten,16Stück,29.96,1.9600000000000009,7
527400,Matcha Tartelette ca.50g - Theke,Rosengarten,Diverse,100% Biozutaten,20Stück,26.75,1.75,7
527296,Mohn-Kuchenschnitte ca.95g - Theke,Rosengarten,Diverse,100% Biozutaten,18Stück,30.0456,1.965600000000002,7
527292,Nougat-Cashew-Tartelette ca.50g - Theke,Rosengarten,Diverse,100% Biozutaten,20Stück,20.116000000000003,1.3160000000000025,7
527399,Nougat-Cashew-Tartelette ca.50g - Theke,Rosengarten,Diverse,100% Biozutaten,20Stück,20.116000000000003,1.3160000000000025,7
527276,Nougat-Taler ca.75g - Theke,Rosengarten,Diverse,100% Biozutaten,22Stück,29.425,1.9250000000000007,7
527286,Nussecken ca.75g - Theke,Rosengarten,Diverse,100% Biozutaten,24Stück,44.940000000000005,2.940000000000005,7
527279,Pflaumen-Crumble-Schnitte vegan ca.75g -Theke,Rosengarten,Diverse,100% Biozutaten,18Stück,36.208800000000004,2.3688000000000002,7
527295,Saaten-Knacker ca.50g - Theke,Rosengarten,Diverse,100% Biozutaten,20Stück,33.384,2.184000000000001,7
527345,Schoko Cashew Cookie ca.65g - Theke,Rosengarten,Diverse,100% Biozutaten,20Stück,26.75,1.75,7
527346,Schoko Pekannuss Cookie ca.65g - Theke,Rosengarten,Diverse,100% Biozutaten,20Stück,26.75,1.75,7
685617,Snack Kugel Aronia Kakao ca.30g,Rosengarten,Diverse,100% Biozutaten,36st,24.2676,1.587600000000002,7
685618,Snack Kugel Kokos ca.30g,Rosengarten,Diverse,99%,36st,19.26,1.2600000000000016,7
527275,Spitzbuben ca.60g - Theke,Rosengarten,Diverse,99%,22Stück,29.425,1.9250000000000007,7
527284,Walnuss-Schnitte ca.95g - Theke,Rosengarten,Diverse,99%,16Stück,37.4928,2.4528000000000034,7
626219,Christstollen,Herzberger,Diverse,100% Biozutaten,500g,8.025,0.5250000000000004,7
626218,Mini Christstollen,Herzberger,Diverse,100% Biozutaten,250g,4.1195,0.2695000000000003,7
697361,BODENSTELLER Ostern 2026- Rosengarten,Rosengarten,Diverse,100% Biozutaten,Display,437.63000000000005,28.630000000000052,7
699109,Brownie Schoko glutenfrei,Schnitzer,Diverse,100% Biozutaten,12x140g,30.944400000000005,2.0244000000000035,7
685440,Bündner Nusstorte,Bio Gourmet,Schweiz,95%,6x300g,43.591800000000006,2.8518000000000043,7
527395,Dattel Brownie Vollmilch,Rosengarten,Diverse,100% Biozutaten,16x40g,21.400000000000002,1.4000000000000021,7
527396,Dattel Brownie Zartbitter,Rosengarten,Diverse,100% Biozutaten,16x40g,21.400000000000002,1.4000000000000021,7
26024,Dinkelstollen,Rolle Mühle,Diverse,100% Biozutaten,6x500g,80.571,5.271000000000001,7
697047,DISPLAY Weihnachtsgebäck 2026 - Rosengarten,Rosengarten,Diverse,100% Biozutaten,Display,469.409,30.709000000000003,7
699158,Feiner Tortenboden aus Rührteig glutenfrei,Naturkostmühle Werz,Diverse,100% Biozutaten,4x300g,21.6568,1.416800000000002,7
527382,Florentiner Duo,Rosengarten,Diverse,100% Biozutaten,8x80g,24.053600000000003,1.5736000000000026,7
26613,Honigkuchen,De Rit,Diverse,100% Biozutaten,8x300g,18.0616,1.1815999999999995,7
626055,Mini Christstollen vegan,Herzberger,Diverse,100% Biozutaten,250g,3.4240000000000004,0.2240000000000002,7
626053,Mini Dinkelstollen,Herzberger,Diverse,100% Biozutaten,250g,4.5475,0.2975000000000003,7
626054,Mini Marzipanstollen,Herzberger,Diverse,100% Biozutaten,250g,5.243,0.34299999999999997,7
26031,Muffin Blaubeere glutenfrei,Schnitzer,Diverse,100% Biozutaten,6x140g,13.867200000000002,0.9072000000000013,7
26038,Muffin Schoko glutenfrei,Schnitzer,Diverse,100% Biozutaten,6x140g,15.472200000000003,1.0122000000000018,7
26033,Muffin Vanille glutenfrei,Schnitzer,Diverse,100% Biozutaten,6x140g,11.877,0.777000000000001,7
527388,Nougat Cashew Tartelette Duo,Rosengarten,Diverse,100% Biozutaten,8x100g,24.053600000000003,1.5736000000000026,7
26268,Nürnberger Elisenlebkuchen groß,Nürnberger Bio Originale,Diverse,99%,8x210g,53.072,3.4720000000000013,7
686398,Nürnberger Elisenlebkuchen Mini,Nürnberger Bio Originale,Diverse,97%,11x200g,73.0917,4.781700000000001,7
686359,Nürnberger Elisenlebkuchen Mix,Nürnberger Bio Originale,Diverse,99%,6x350g,63.7506,4.1706,7
26271,Nürnberger Elisenlebkuchen natur,Nürnberger Bio Originale,Diverse,99%,8x210g,53.072,3.4720000000000013,7
526795,Nürnberger Elisenlebkuchen vegan glutenfrei,Nürnberger Bio Originale,Diverse,97%,8x210g,59.577600000000004,3.897600000000004,7
686386,Nürnberger Oblatenlebkuchen Mini,Nürnberger Bio Originale,Diverse,97%,15x140g,69.17550000000001,4.525500000000008,7
686399,Nürnberger Oblatenlebkuchen vegan,Nürnberger Bio Originale,Diverse,100% Biozutaten,10x200g,53.714000000000006,3.514000000000003,7
686387,Nürnberger Oblatenlebkuchen,Nürnberger Bio Originale,Diverse,99%,10x200g,49.862,3.2620000000000005,7
685063,NV! Gewürzdukaten,Flemming,Deutschland,100% Biozutaten,4x175g,5.564000000000001,0.36400000000000077,7
685062,NV! Kakao-Orangen-Taler,Flemming,Deutschland,100% Biozutaten,4x175g,5.564000000000001,0.36400000000000077,7
685061,NV! Vanille-Kokos-Plätzchen,Flemming,Deutschland,100% Biozutaten,4x175g,5.564000000000001,0.36400000000000077,7
685064,NV! Weihnachtsherzen mit Lebkuchengewürz,Flemming,Deutschland,100% Biozutaten,4x175g,5.564000000000001,0.36400000000000077,7
625119,Oblatenlebkuchen,Leupoldt,Diverse,100% Biozutaten,10x200g,39.055,2.5549999999999997,7
26029,Original Christstollen,Rolle Mühle,Diverse,100% Biozutaten,6x250g,45.0684,2.9483999999999995,7
26022,Original Dresdner Stollen,Rolle Mühle,Diverse,100% Biozutaten,6x500g,76.33380000000001,4.993800000000007,7
566276,Panettone im Karton - Design Mohnblume,La Selva,Italien,100% Biozutaten,4x500g,53.286,3.486000000000004,7
566218,Panettone in der Dose - Design Mohnblume,La Selva,Diverse,100% Biozutaten,4x500g,53.286,3.486000000000004,7
566128,Panettone in der Dose - Design Mosaik,La Selva,Diverse,100% Biozutaten,4x500g,53.286,3.486000000000004,7
626137,Panini Schoko glutenfrei,Schnitzer,Diverse,95%,5x180g,12.84,0.8399999999999999,7
527383,Saaten Knacker Duo,Rosengarten,Diverse,100% Biozutaten,8x80g,24.053600000000003,1.5736000000000026,7
626840,Tortelettes Dinkel Vollkorngebäck,Naturkostmühle Werz,Diverse,100% Biozutaten,8x115g,19.26,1.2600000000000016,7
699159,Tortenboden aus Rührteig,Naturkostmühle Werz,Diverse,100% Biozutaten,4x300g,21.6568,1.416800000000002,7
626872,Tortenboden Dinkel Vollkorn,Naturkostmühle Werz,Diverse,100% Biozutaten,4x300g,21.6568,1.416800000000002,7
26618,Vollkorn-Honigkuchen,De Rit,Diverse,100% Biozutaten,8x300g,18.0616,1.1815999999999995,7
566277,VORORDER - Panettone Apfel und Zimt im KARTON,La Selva,Italien,100% Biozutaten,4x500g,54.5272,3.5671999999999997,7
566294,VORORDER - Panettone mit Pistaziencreme im Glas,San Vicario,Italien,EG-Bio,500g,32.0893,2.099300000000003,7
566257,VORORDER - Panettone mit Pistazienüberzug,San Vicario,Italien,EG-Bio,500g,26.7393,1.7493000000000016,7
566129,VORORDER -Panettone KARTON - Design Mohnblume,La Selva,Diverse,100% Biozutaten,4x500g,41.944,2.7439999999999998,7
566279,VORORDER- Panettone in der Dose - Design Mohnblume,La Selva,Diverse,100% Biozutaten,4x500g,52.216,3.416000000000004,7
685786,VORORDER-DISPLAY Weihnachten,Linea Natura,Diverse,100% Biozutaten,Display,333.84000000000003,21.840000000000032,7
514963,VORORDER-DISPLAY Weihnachtsschütte gem. DEMETER,Sommer,Diverse,Demeter (Deutschland),Display,70.192,4.591999999999999,7
514967,VORORDER-DISPLAY Weihnachtsschütte VEGAN,Sommer,Diverse,Demeter (Deutschland),Display,70.192,4.591999999999999,7
527352,Zartbitter Baumkuchenring Duo,Rosengarten,Diverse,100% Biozutaten,6x100g,24.075000000000003,1.5750000000000028,7
525411,Zitronenkuchen,Nur Puur,Diverse,100% Biozutaten,6x225g,15.087,0.9870000000000001,7
625100,5-Sorten Brotkorb,Frankenkorn,Diverse,Bioland,6x10x50g,13.096800000000002,0.8568000000000016,7
625067,Baguette Classic glutenfrei,Schnitzer,Diverse,100% Biozutaten,6x360g,18.6822,1.2222000000000008,7
625069,Baguette Grainy glutenfrei,Schnitzer,Diverse,100% Biozutaten,6x320g,18.6822,1.2222000000000008,7
625068,Baguette Rustic glutenfrei,Schnitzer,Diverse,100% Biozutaten,6x320g,17.8476,1.1676000000000002,7
626114,Baguettini Classic glutenfrei,Schnitzer,Diverse,100% Biozutaten,8x200g,15.322400000000002,1.0024000000000015,7
626123,Baguettini Rustic glutenfrei,Schnitzer,Diverse,100% Biozutaten,8x200g,15.322400000000002,1.0024000000000015,7
26908,Braunhirse Toastbrot geschnitten glutenfrei,Naturkostmühle Werz,Diverse,99%,4x250g,11.128000000000002,0.7280000000000015,7
626135,Bread Less glutenfrei vegan,Schnitzer,Diverse,100% Biozutaten,5x350g,13.91,0.9100000000000001,7
626116,Brot Classic glutenfrei,Schnitzer,Diverse,100% Biozutaten,4x400g,12.4548,0.8148,7
626118,Brot Grainy glutenfrei,Schnitzer,Diverse,100% Biozutaten,4x400g,13.225200000000001,0.8652000000000015,7
626117,Brot Rustic glutenfrei,Schnitzer,Diverse,100% Biozutaten,4x400g,13.225200000000001,0.8652000000000015,7
625123,Burger Buns mit Sesam glutenfrei,Schnitzer,Diverse,100% Biozutaten,5x250g,13.91,0.9100000000000001,7
529560,Ciabatta Olive glutenfrei,Schnitzer,Diverse,100% Biozutaten,6x180g,12.711600000000002,0.8316000000000017,7
626134,Ciabatta Tomato glutenfrei,Schnitzer,Diverse,100% Biozutaten,6x180g,12.711600000000002,0.8316000000000017,7
625103,Dinkelbrot,Frankenkorn,Diverse,Bioland,6x500g,11.4276,0.7476000000000003,7
25142,E`sener Dinkelbrot DEMETER geschnitten,Härdtner,Baden-Württemberg,Demeter (Deutschland),6x500g,21.2502,1.3902,7
25148,E`sener Winterbrot geschnitten,Härdtner,Deutschland,Demeter (Deutschland),8x300g,28.248,1.8480000000000025,7
625104,Eiweissbrot,Frankenkorn,Diverse,98%,12x250g,22.3416,1.4616000000000007,7
626124,Focaccia glutenfrei,Schnitzer,Diverse,100% Biozutaten,6x220g,15.857400000000002,1.0374000000000017,7
525344,Grünkern-Dinkelbrot geschnitten,Davert Mühle,Diverse,100% Biozutaten,7x500g,15.729000000000001,1.0290000000000017,7
699263,Indisches Naan Knoblauch,Terrasana,Diverse,100% Biozutaten,6x240g,17.655,1.1550000000000011,7
699262,Indisches Naan Natur,Terrasana,Diverse,100% Biozutaten,6x240g,17.2698,1.1297999999999995,7
525385,Körnerstangen glutenfrei 2x110g,Hammermühle,Diverse,100% Biozutaten,7x220g,17.1521,1.1220999999999997,7
699065,Omega 3 Brot,Terrasana,Diverse,100% Biozutaten,9x300g,30.141900000000003,1.9719000000000015,7
626133,Panini Classic glutenfrei,Schnitzer,Diverse,100% Biozutaten,6x188g,10.978200000000001,0.7182000000000013,7
626096,Panini Grainy glutenfrei,Schnitzer,Diverse,100% Biozutaten,6x188g,10.978200000000001,0.7182000000000013,7
626097,Panini Hafer glutenfrei,Schnitzer,Diverse,100% Biozutaten,6x180g,10.978200000000001,0.7182000000000013,7
699071,Pinsa,Terrasana,Diverse,100% Biozutaten,6x400g,24.396,1.596,7
699419,Pita glutenfrei,Schnitzer,Diverse,100% Biozutaten,5x240g,12.519,0.8190000000000008,7
25100,Pumpernickel geschnitten,Davert Mühle,Diverse,100% Biozutaten,12x250g,16.5636,1.0836000000000006,7
625109,Pumpernickel,Frankenkorn,Diverse,Bioland,12x250g,11.556000000000001,0.7560000000000002,7
26915,Reis Toastbrot geschnitten glutenfrei,Naturkostmühle Werz,Diverse,99%,4x250g,11.1708,0.7308000000000003,7
625101,Roggen Vollkornbrot,Frankenkorn,Diverse,Bioland,6x500g,9.7584,0.6384000000000007,7
625097,Saatenbrot,Frankenkorn,Diverse,Bioland,6x500g,12.84,0.8399999999999999,7
26035,Sauerteigbrot Amaranth glutenfrei,Schnitzer,Diverse,100% Biozutaten,4x500g,13.781600000000001,0.9016000000000002,7
625070,Sauerteigbrot Chia & Quinoa glutenfrei,Schnitzer,Diverse,100% Biozutaten,4x500g,14.2952,0.9352,7
25056,Schnitte Buchweizen glutenfrei,Schnitzer,Diverse,100% Biozutaten,6x250g,14.7018,0.9618000000000002,7
625058,Schnitte Grainy glutenfrei,Schnitzer,Diverse,100% Biozutaten,6x250g,11.877,0.777000000000001,7
25031,Schnitte Hirse glutenfrei,Schnitzer,Diverse,100% Biozutaten,6x250g,13.867200000000002,0.9072000000000013,7
626056,Schnitte Quinoa glutenfrei,Schnitzer,Diverse,100% Biozutaten,6x250g,15.857400000000002,1.0374000000000017,7
25058,Schnitte Sesam glutenfrei,Schnitzer,Diverse,100% Biozutaten,6x250g,15.472200000000003,1.0122000000000018,7
525383,Simply Seeds 5-Saaten Brot glutenfrei geschnitten,Hammermühle,Diverse,100% Biozutaten,7x275g,16.1035,1.0534999999999997,7
525343,Sonnenblumenbrot geschnitten,Davert Mühle,Diverse,100% Biozutaten,7x500g,15.729000000000001,1.0290000000000017,7
685439,Südtiroler Schüttelbrot Minis,Bio Gourmet,Italien,100% Biozutaten,12x125g,29.532000000000004,1.9320000000000022,7
685434,Südtiroler Schüttelbrot von Hand geschüttelt,Bio Gourmet,Italien,Bioland,10x170g,37.985,2.4849999999999994,7
699095,Super Panini Rustic glutenfrei,Schnitzer,Diverse,100% Biozutaten,6x180g,10.978200000000001,0.7182000000000013,7
626136,Toastie High Protein glutenfrei vegan,Schnitzer,Diverse,95%,8x170g,16.692,1.0920000000000005,7
525443,Brötchenkorb drei Sorten 3x2St,Nur Puur,Diverse,100% Biozutaten,6x300g,17.0772,1.1172000000000004,7
566407,Butter-Croissant 4St,Nur Puur,Diverse,100% Biozutaten,6x200g,14.316600000000001,0.9366000000000003,7
699697,Dinkel Pita 8St,Terrasana,Diverse,100% Biozutaten,6x480g,18.6822,1.2222000000000008,7
525408,Dinkel Toastbrot,Nur Puur,Diverse,100% Biozutaten,6x400g,15.408000000000001,1.008000000000001,7
525447,Dinkel-Baguettes 2St,Nur Puur,Diverse,100% Biozutaten,6x300g,12.1338,0.793800000000001,7
525456,Dinkel-Brötchen 5St vegan,Nur Puur,Diverse,100% Biozutaten,6x250g,16.4994,1.0794000000000015,7
525441,Dinkel-Brötchen Vollkorn 6St vegan,Nur Puur,Diverse,100% Biozutaten,6x300g,16.306800000000003,1.0668000000000024,7
525440,Dinkel-Croissants 4St,Nur Puur,Diverse,100% Biozutaten,6x200g,15.985800000000001,1.0458000000000016,7
626284,Dinkel-Vollkorntoast NATURLAND,Herzberger,Diverse,Naturland,4x500g,8.8596,0.579600000000001,7
626072,Dinkeltoast NATURLAND,Herzberger,Diverse,Naturland,4x500g,9.501600000000002,0.6216000000000008,7
626071,Dinkeltoast NATURLAND,Herzberger,Diverse,Naturland,8x250g,12.84,0.8399999999999999,7
699663,Gemüsewraps mit Möhre und Kürbis 6St,Terrasana,Diverse,100% Biozutaten,6x240g,16.4994,1.0794000000000015,7
699662,Gemüsewraps mit Roter Bete 6St,Terrasana,Diverse,100% Biozutaten,6x240g,16.4994,1.0794000000000015,7
626286,Haferbrötchen NATURLAND 4St,Herzberger,Deutschland,Naturland,4x340g,7.49,0.4900000000000002,7
686478,Haffys Hafer Toasties mit Sonnenblumenkernen 4St,Moin Backwaren,Finnland,100% Biozutaten,6x320g,19.8378,1.2978000000000023,7
686479,Haffys Hafer Toasties mit Vitalsaaten 4St,Moin Backwaren,Finnland,100% Biozutaten,6x320g,19.8378,1.2978000000000023,7
686477,Haffys Hafer Toasties Pur 4St,Moin Backwaren,Finnland,100% Biozutaten,6x320g,19.8378,1.2978000000000023,7
566405,Hamburger-Brötchen mit Sesam 4St vegan,Nur Puur,Diverse,100% Biozutaten,6x240g,14.316600000000001,0.9366000000000003,7
566406,Hot-Dog Brötchen 5St,Nur Puur,Diverse,100% Biozutaten,6x300g,14.316600000000001,0.9366000000000003,7
525418,Körner Toast - High Protein,Nur Puur,Diverse,100% Biozutaten,6x400g,16.371000000000002,1.0710000000000015,7
525445,Mehrkorn-Baguettebrötchen 4St vegan,Nur Puur,Diverse,100% Biozutaten,6x300g,10.207799999999999,0.6677999999999997,7
626075,Mehrkornbrötchen NATURLAND 4St,Herzberger,Diverse,Naturland,4x300g,7.789600000000001,0.5096000000000007,7
592795,Piadina Wrap Dinkelmehl und Hafer 6St,Terrasana,Diverse,100% Biozutaten,6x240g,16.05,1.0500000000000007,7
592794,Piadina Wrap Weizenvollkorn und Hafer 6St,Terrasana,Diverse,100% Biozutaten,6x240g,14.766000000000002,0.9660000000000011,7
525472,Pita Dinkel Taschen 4St,Nur Puur,Diverse,100% Biozutaten,5x260g,11.021,0.7210000000000001,7
525471,Pita Weizen Taschen 4St,Nur Puur,Diverse,100% Biozutaten,5x260g,8.2925,0.5425000000000004,7
699215,Pizza Base glutenfrei,Schnitzer,Diverse,100% Biozutaten,8x140g,12.3264,0.8064,7
626033,Rusti DEMETER,Herzberger,Diverse,Demeter (Deutschland),4x250g,7.960800000000001,0.5208000000000004,7
698445,Schiacciatine - Knusprige Fladen,La Selva,Italien,100% Biozutaten,10x150g,21.293,1.3930000000000007,7
698444,Schiacciatine al rosmarino- Knusp. Fladen Rosmarin,La Selva,Italien,100% Biozutaten,10x150g,21.293,1.3930000000000007,7
626290,Sesam Baglie NATURLAND 4St,Herzberger,Deutschland,Naturland,4x380g,8.0036,0.5236000000000001,7
696677,Tortilla Wraps Natur,Acapulco,Italien,EG-Bio,16x240g,28.9328,1.8928000000000011,7
626070,Weizen Buttertoast NATURLAND,Herzberger,Diverse,Naturland,4x500g,8.774,0.5739999999999998,7
699696,Weizen Pita 8St,Terrasana,Diverse,100% Biozutaten,6x480g,15.921600000000002,1.0416000000000007,7
699699,Weizenvollkorn Pita 8St,Terrasana,Diverse,100% Biozutaten,6x480g,16.6278,1.0878000000000014,7
525473,Wraps 3St,Nur Puur,Diverse,100% Biozutaten,8x225g,13.268,0.8680000000000003,7
25043,4-Korn Sesam Knäckebrot glutenfrei,Naturkostmühle Werz,Diverse,100% Biozutaten,8x150g,23.8824,1.5624000000000002,7
26660,Dinkel Knusperbrot,Linea Natura,Diverse,100% Biozutaten,20x75g,25.68,1.6799999999999997,7
525435,Knäckebrot DEMETER 5-Saaten,Naturata,Deutschland,Demeter (Deutschland),12x250g,24.010800000000003,1.570800000000002,7
25055,Knäckebrot DEMETER Delikatess,Naturata,Deutschland,Demeter (Deutschland),12x250g,24.010800000000003,1.570800000000002,7
25063,Knäckebrot DEMETER mit Dinkel,Naturata,Deutschland,Demeter (Deutschland),12x250g,24.010800000000003,1.570800000000002,7
25064,Knäckebrot DEMETER mit Sesam,Naturata,Diverse,Demeter (Deutschland),12x250g,24.010800000000003,1.570800000000002,7
625019,Knusperbrot Buchweizen glutenfrei,Blumenbrot,Diverse,100% Biozutaten,6x150g,14.252400000000002,0.9324000000000012,7
625021,Knusperbrot Buchweizen ohne Salz und Zucker,Blumenbrot,Diverse,100% Biozutaten,6x150g,14.252400000000002,0.9324000000000012,7
525434,Knusperbrot Buchweizen Rote Bete,Naturata,Tschechische Republik,100% Biozutaten,12x100g,22.5984,1.4784000000000006,7
625018,Knusperbrot Erdmandel glutenfrei,Blumenbrot,Diverse,100% Biozutaten,6x150g,17.1414,1.1214000000000013,7
625025,Knusperbrot Hafer glutenfrei,Blumenbrot,Diverse,100% Biozutaten,6x150g,14.7018,0.9618000000000002,7
697679,Knusperbrot Haselnuss glutenfrei,Blumenbrot,Diverse,99%,6x150g,17.976000000000003,1.176000000000002,7
624997,Knusperbrot Kakao glutenfrei,Blumenbrot,Diverse,100% Biozutaten,6x160g,17.2698,1.1297999999999995,7
625022,Knusperbrot Kastanie glutenfrei,Blumenbrot,Diverse,100% Biozutaten,6x150g,16.371000000000002,1.0710000000000015,7
525433,Knusperbrot Kastanie,Naturata,Tschechische Republik,100% Biozutaten,12x100g,22.5984,1.4784000000000006,7
525432,Knusperbrot Linsen Erbsen mit Kräutern,Naturata,Tschechische Republik,100% Biozutaten,12x100g,22.5984,1.4784000000000006,7
525431,Knusperbrot Linsen Erbsen,Naturata,Tschechische Republik,100% Biozutaten,12x100g,22.5984,1.4784000000000006,7
697723,Knusperbrot Mandel glutenfrei,Blumenbrot,Diverse,99%,6x150g,16.371000000000002,1.0710000000000015,7
625023,Knusperbrot Mehrkorn glutenfrei,Blumenbrot,Diverse,100% Biozutaten,6x150g,14.7018,0.9618000000000002,7
697726,Knusperbrot Protein glutenfrei,Blumenbrot,Diverse,99%,6x150g,15.985800000000001,1.0458000000000016,7
514921,Knusperbrot Protein,Byodo,Diverse,100% Biozutaten,12x110g,29.4036,1.9236000000000004,7
625020,Knusperbrot Quinoa glutenfrei,Blumenbrot,Diverse,100% Biozutaten,6x150g,18.4254,1.205400000000001,7
695563,Knusperbrot Reis & Kichererbsen glutenfrei,Byodo,Diverse,100% Biozutaten,12x6x20g,28.89,1.8900000000000006,7
525561,Knusperbrot Reis & Mais glutenfrei,Byodo,Diverse,100% Biozutaten,12x8x20g,28.89,1.8900000000000006,7
525430,Knusperbrot Roggen Sauerteig,Naturata,Tschechische Republik,100% Biozutaten,12x100g,22.5984,1.4784000000000006,7
624996,Knusperbrot Schwarzer Reis glutenfrei,Blumenbrot,Diverse,100% Biozutaten,6x150g,15.664800000000001,1.0248000000000008,7
697654,Knusperbrot Tomate Paprika glutenfrei,Blumenbrot,Diverse,100% Biozutaten,6x150g,17.976000000000003,1.176000000000002,7
625017,Knusperbrot Zwiebeln glutenfrei,Blumenbrot,Diverse,100% Biozutaten,6x150g,15.664800000000001,1.0248000000000008,7
525594,Mini Snäcke Brot Cheese & Onion BIOLAND,Bohlsener Mühle,Diverse,Bioland,7x95g,9.737,0.6370000000000005,7
525592,Mini Snäcke Brot Curry & Kürbiskern BIOLAND,Bohlsener Mühle,Diverse,Bioland,7x95g,9.737,0.6370000000000005,7
525590,Mini Snäcke Brot Lauge & Brezelsalz BIOLAND,Bohlsener Mühle,Diverse,Bioland,7x95g,9.737,0.6370000000000005,7
525591,Mini Snäcke Brot Sesam & Dinkel BIOLAND,Bohlsener Mühle,Diverse,Bioland,7x95g,9.737,0.6370000000000005,7
685767,Quinoa Vollkorn Knäcke,Linea Natura,Diverse,100% Biozutaten,10x200g,13.375,0.875,7
26669,Roggen Vollkorn Knäcke,Linea Natura,Diverse,100% Biozutaten,10x200g,13.054,0.854000000000001,7
26666,Roggen Vollkorn Knäcke,Linea Natura,Diverse,Naturland,10x200g,13.91,0.9100000000000001,7
529520,Schwedisches Vollkorn Knäckebrot,Leksands,Schweden,95%,12x200g,26.8356,1.7556000000000012,7
26668,Sesam Vollkorn Knäcke,Linea Natura,Diverse,100% Biozutaten,10x200g,13.054,0.854000000000001,7
26665,Sesam Vollkorn Knäcke,Linea Natura,Diverse,Naturland,10x200g,13.91,0.9100000000000001,7
25114,Snäckebrot Brezelsalz & Laugen BIOLAND,Bohlsener Mühle,Diverse,Bioland,8x200g,17.548,1.1479999999999997,7
525270,Snäckebrot Chia-Leinsaat BIOLAND,Bohlsener Mühle,Diverse,Bioland,8x200g,17.548,1.1479999999999997,7
25113,Snäckebrot Curry & Kürbiskern BIOLAND,Bohlsener Mühle,Diverse,Bioland,8x200g,17.548,1.1479999999999997,7
525319,Snäckebrot Roggen & Quinoa BIOLAND,Bohlsener Mühle,Diverse,Bioland,8x200g,17.548,1.1479999999999997,7
25111,Snäckebrot Schwarzkümmel & Käse BIOLAND,Bohlsener Mühle,Diverse,Bioland,8x200g,17.548,1.1479999999999997,7
25112,Snäckebrot Sesam & Dinkel BIOLAND,Bohlsener Mühle,Diverse,Bioland,8x200g,17.548,1.1479999999999997,7
25002,Butterzwieback DEMETER gesüßt,Naturata,Diverse,Demeter (Deutschland),6x150g,13.161000000000001,0.8610000000000007,7
25151,Dinkel Butter-Zwieback DEMETER,Sommer,Diverse,Demeter (Deutschland),6x200g,11.491800000000001,0.7518000000000011,7
25150,Dinkel-Zwieback ungesüßt vegan DEMETER,Sommer,Europäische Union,Demeter (Deutschland),6x200g,10.593000000000002,0.6930000000000014,7
25003,Dinkelzwieback DEMETER ungesüßt,Naturata,Diverse,Demeter (Deutschland),6x150g,13.995600000000001,0.9156000000000013,7
697297,Schwarzer Emmer Zwieback ungesüßt vegan DEMETER,Sommer,Europäische Union,Demeter (Deutschland),6x200g,13.482000000000001,0.8820000000000014,7
25149,Vollkorn-Zwieback ungesüßt vegan DEMETER,Sommer,Europäische Union,Demeter (Deutschland),6x200g,7.6398,0.49980000000000047,7
25001,Weizenzwieback DEMETER ungesüßt,Naturata,Deutschland,Demeter (Deutschland),6x150g,12.005400000000002,0.785400000000001,7
626425,Wolkenzwieback aus Dinkel,Erdmann Hauser,Deutschland,Demeter (Deutschland),6x200g,12.390600000000001,0.8106000000000009,7
527311,Amaranth-Maiswaffeln italienische Kräuter,Allos,Diverse,100% Biozutaten,12x115g,19.5168,1.2768000000000015,7
527312,Amaranth-Maiswaffeln Meersalz,Allos,Diverse,100% Biozutaten,12x115g,19.5168,1.2768000000000015,7
527313,Amaranth-Maiswaffeln Rosmarin-Meersalz,Allos,Diverse,100% Biozutaten,12x115g,19.5168,1.2768000000000015,7
699336,Dinkel Eierwaffeln,Linea Natura,Diverse,100% Biozutaten,16x165g,25.68,1.6799999999999997,7
26614,Maisscheiben mit Meersalz glutenfrei,Byodo,Diverse,100% Biozutaten,12x120g,15.408000000000001,1.008000000000001,7
685765,Maiswaffeln & Leinsamen vegan,Linea Natura,Italien,100% Biozutaten,12x150g,15.2796,0.9996000000000009,7
685764,Maiswaffeln dünn & rechteckig vegan,Linea Natura,Italien,100% Biozutaten,12x140g,14.124,0.9240000000000013,7
685791,Mini Reiswaffeln Apfel vegan,Linea Natura,Diverse,100% Biozutaten,6x40g,5.457,0.3570000000000002,7
685792,Mini Reiswaffeln Multifrucht vegan,Linea Natura,Diverse,100% Biozutaten,6x40g,5.457,0.3570000000000002,7
26720,Reiswaffeln dünn mit Salz glutenfrei,Lima,Italien,100% Biozutaten,12x130g,18.3612,1.2012,7
592420,Reiswaffeln mit Amaranth glutenfrei,Byodo,Diverse,100% Biozutaten,6x100g,7.704000000000001,0.5040000000000004,7
592422,Reiswaffeln mit Hirse glutenfrei,Byodo,Diverse,100% Biozutaten,6x100g,7.704000000000001,0.5040000000000004,7
26600,Reiswaffeln mit Meersalz glutenfrei,Byodo,Diverse,100% Biozutaten,12x100g,11.4276,0.7476000000000003,7
685793,Reiswaffeln mit Quinoa vegan,Linea Natura,Diverse,100% Biozutaten,12x130g,14.124,0.9240000000000013,7
26255,Reiswaffeln mit Salz,Green organics,Italien,EG-Bio,12x100g,7.5756000000000006,0.4956000000000005,7
592423,Reiswaffeln mit Sesam glutenfrei,Byodo,Diverse,100% Biozutaten,6x100g,7.704000000000001,0.5040000000000004,7
26601,Reiswaffeln ohne Salz glutenfrei,Byodo,Diverse,100% Biozutaten,12x100g,11.4276,0.7476000000000003,7
26256,Reiswaffeln ohne Salz,Green organics,Italien,EG-Bio,12x100g,7.5756000000000006,0.4956000000000005,7
626200,Schoko Reiswaffeln Zartbitter,Green organics,Diverse,100% Biozutaten,12x100g,17.7192,1.159200000000002,7
26252,Schoko-Reiswaffeln Vollmilch,Green organics,Diverse,100% Biozutaten,12x100g,17.7192,1.159200000000002,7
615375,BODENSTELLER Geschmack der Welt 2026,Allos,Diverse,100% Biozutaten,Display,156.9048,10.264800000000008,7
615118,Fruchtaufstrich Orange Birne mit Ingwer,Maintal,Diverse,99%,6x200g,14.7018,0.9618000000000002,7
699851,Apfel Dattel Klax,Arche,Diverse,99%,6x300g,24.075000000000003,1.5750000000000028,7
615067,Apfel Fruchtaufstrich mit Zimt und Vanille,Maintal,Diverse,100% Biozutaten,6x200g,14.7018,0.9618000000000002,7
701132,Aprikosen Fruchtaufstrich,Bio Company,Diverse,100% Biozutaten,6x250g,14.059800000000001,0.9198000000000004,7
15280,Aprikosenkonfitüre extra,Maintal,Diverse,99%,6x225g,14.7018,0.9618000000000002,7
615502,Aprikosenmus mit Akazienhonig,Tarpa,Ungarn,100% Biozutaten,6x210g,23.112000000000002,1.5120000000000005,7
615503,Aprikosenmus mit Rosmarin & Bergamotte,Tarpa,Ungarn,100% Biozutaten,6x210g,23.112000000000002,1.5120000000000005,7
615120,Aronia-Konfitüre extra,Aronia Original,Diverse,99%,6x225g,17.7192,1.159200000000002,7
15340,Aufstrich Beerentraum DEMETER,Die Beerenbauern,Diverse,Demeter (Deutschland),6x200g,17.334,1.1340000000000003,7
15332,Aufstrich Brombeer DEMETER,Die Beerenbauern,Diverse,Demeter (Deutschland),6x200g,17.9118,1.171800000000001,7
15330,Aufstrich Erdbeer DEMETER,Die Beerenbauern,Diverse,Demeter (Deutschland),6x200g,17.013,1.1130000000000013,7
15339,Aufstrich Erdbeer-Rhabarber DEMETER,Die Beerenbauern,Diverse,Demeter (Deutschland),6x200g,15.857400000000002,1.0374000000000017,7
15331,Aufstrich Himbeer DEMETER,Die Beerenbauern,Diverse,Demeter (Deutschland),6x200g,19.195800000000002,1.2558000000000007,7
15343,Aufstrich Himbeer-Rose DEMETER,Die Beerenbauern,Diverse,Demeter (Deutschland),6x200g,21.828,1.4280000000000008,7
15334,Aufstrich Johannisbeer rot DEMETER,Die Beerenbauern,Diverse,Demeter (Deutschland),6x200g,15.2154,0.9954000000000001,7
15333,Aufstrich Johannisbeer schwarz DEMETER,Die Beerenbauern,Diverse,Demeter (Deutschland),6x200g,16.6278,1.0878000000000014,7
515359,Aufstrich Mandarine DEMETER,Die Beerenbauern,Diverse,Demeter (Deutschland),6x200g,14.9586,0.9786000000000001,7
615420,Aufstrich Mango-Bitterorange DEMETER,Die Beerenbauern,Diverse,Demeter (Deutschland),6x200g,15.408000000000001,1.008000000000001,7
515427,Aufstrich Rhabarber-Vanille DEMETER,Die Beerenbauern,Diverse,Demeter (Deutschland),6x200g,15.857400000000002,1.0374000000000017,7
15325,Aufstrich Sauerkirsche DEMETER,Die Beerenbauern,Diverse,Demeter (Deutschland),6x200g,17.9118,1.171800000000001,7
15326,Aufstrich Zwetschge DEMETER,Die Beerenbauern,Diverse,Demeter (Deutschland),6x200g,15.0228,0.982800000000001,7
516205,Björnbärssylt Brombeer-Fruchtaufstrich,Linnea Svenska - Torfolk,Europäische Union,100% Biozutaten,6x330g,22.149,1.4490000000000016,7
516201,Blabärssylt Blaubeer-Fruchtaufstrich,Linnea Svenska - Torfolk,Schweden,100% Biozutaten,6x320g,22.149,1.4490000000000016,7
516249,BODENSTELLER Super Fruit Chia 2026,Allos,Diverse,100% Biozutaten,Display,174.7524,11.432400000000001,7
615125,Dattelmus natur,Nasch Natur,Saudi-Arabien,EG-Bio,6x200g,24.6528,1.6128,7
615126,Dattelmus salzig,Nasch Natur,Saudi-Arabien,EG-Bio,6x200g,24.6528,1.6128,7
516202,Drottningsylt Blaubeer-Himbeer-Fruchtaufstrich,Linnea Svenska - Torfolk,Europäische Union,100% Biozutaten,6x330g,24.203400000000002,1.583400000000001,7
701134,Erdbeer Fruchtaufstrich,Bio Company,Diverse,100% Biozutaten,6x250g,16.1784,1.0584000000000007,7
15281,Erdbeerkonfitüre extra,Maintal,Diverse,99%,6x225g,14.7018,0.9618000000000002,7
15456,Erdmandelcreme,Govinda,NE,100% Biozutaten,6x250g,24.3318,1.5918000000000028,7
15434,Feigenkonfitüre extra,San Vicario,Diverse,100% Biozutaten,6x240g,22.405800000000003,1.4658000000000015,7
15540,Fiordifrutta Aprikose,Rigoni di Asagio,Diverse,100% Biozutaten,6x250g,20.865000000000002,1.365000000000002,7
515587,Fiordifrutta Birne,Rigoni di Asagio,Diverse,100% Biozutaten,6x250g,20.865000000000002,1.365000000000002,7
15542,Fiordifrutta Bitterorange,Rigoni di Asagio,Diverse,100% Biozutaten,6x260g,20.865000000000002,1.365000000000002,7
515539,Fiordifrutta Brombeere,Rigoni di Asagio,Diverse,99%,6x250g,20.865000000000002,1.365000000000002,7
15558,Fiordifrutta Erdbeer-Walderdbeer,Rigoni di Asagio,Diverse,100% Biozutaten,6x250g,20.865000000000002,1.365000000000002,7
15564,Fiordifrutta Feige,Rigoni di Asagio,Diverse,99%,6x260g,20.865000000000002,1.365000000000002,7
15549,Fiordifrutta Hagebutte,Rigoni di Asagio,Diverse,99%,6x250g,20.865000000000002,1.365000000000002,7
15541,Fiordifrutta Himbeere,Rigoni di Asagio,Diverse,100% Biozutaten,6x250g,20.865000000000002,1.365000000000002,7
516049,Fiordifrutta Holunderbeeren-Holunderblüte,Rigoni di Asagio,Diverse,99%,6x250g,20.865000000000002,1.365000000000002,7
516048,Fiordifrutta Mandarine-Kurkuma,Rigoni di Asagio,Diverse,99%,6x260g,20.865000000000002,1.365000000000002,7
15553,Fiordifrutta Pfirsich,Rigoni di Asagio,Diverse,99%,6x250g,20.865000000000002,1.365000000000002,7
515538,Fiordifrutta Waldfrüchte,Rigoni di Asagio,Diverse,99%,6x250g,20.865000000000002,1.365000000000002,7
15556,Fiordifrutta Wild-Heidelbeere,Rigoni di Asagio,Diverse,100% Biozutaten,6x250g,20.865000000000002,1.365000000000002,7
15561,Fiordifrutta Zitrone,Rigoni di Asagio,Diverse,99%,6x260g,20.865000000000002,1.365000000000002,7
586120,Fiordifrutta Zitrus-Ingwer-Mix,Rigoni di Asagio,Diverse,99%,6x260g,20.865000000000002,1.365000000000002,7
516262,Frucht Pur 75% Amarenakirsche,Allos,Diverse,100% Biozutaten,6x200g,15.151200000000001,0.991200000000001,7
516250,Frucht Pur 75% Aprikose,Allos,Diverse,100% Biozutaten,6x200g,15.151200000000001,0.991200000000001,7
516263,Frucht Pur 75% Aprilose Mango,Allos,Diverse,100% Biozutaten,6x200g,15.151200000000001,0.991200000000001,7
516260,Frucht Pur 75% Brombeere,Allos,Diverse,100% Biozutaten,6x200g,15.151200000000001,0.991200000000001,7
516261,Frucht Pur 75% Erdbeere Rhabarber,Allos,Diverse,100% Biozutaten,6x200g,15.151200000000001,0.991200000000001,7
516251,Frucht Pur 75% Erdbeere,Allos,Diverse,100% Biozutaten,6x200g,15.151200000000001,0.991200000000001,7
516252,Frucht Pur 75% Heidelbeere,Allos,Diverse,100% Biozutaten,6x200g,15.151200000000001,0.991200000000001,7
516253,Frucht Pur 75% Himbeere,Allos,Diverse,100% Biozutaten,6x200g,15.151200000000001,0.991200000000001,7
516254,Frucht Pur 75% Mango,Allos,Diverse,100% Biozutaten,6x200g,15.151200000000001,0.991200000000001,7
516258,Frucht Pur 75% Orange,Allos,Diverse,100% Biozutaten,6x200g,15.151200000000001,0.991200000000001,7
516255,Frucht Pur 75% Pflaume,Allos,Diverse,100% Biozutaten,6x200g,15.151200000000001,0.991200000000001,7
516257,Frucht Pur 75% Sauerkirsche,Allos,Diverse,100% Biozutaten,6x200g,15.151200000000001,0.991200000000001,7
516256,Frucht Pur 75% Schwarze Johannisbeere,Allos,Diverse,100% Biozutaten,6x200g,15.151200000000001,0.991200000000001,7
516259,Frucht Pur 75% Waldfrucht,Allos,Diverse,100% Biozutaten,6x200g,15.151200000000001,0.991200000000001,7
615262,Frucht Pur Amarenakirsche,Allos,Diverse,100% Biozutaten,6x250g,15.921600000000002,1.0416000000000007,7
615263,Frucht Pur Aprikose-Mango,Allos,Diverse,100% Biozutaten,6x250g,15.921600000000002,1.0416000000000007,7
15680,Frucht Pur Aprikose,Allos,Diverse,100% Biozutaten,6x250g,15.921600000000002,1.0416000000000007,7
15696,Frucht Pur Brombeere,Allos,Diverse,100% Biozutaten,6x250g,15.921600000000002,1.0416000000000007,7
15681,Frucht Pur Erdbeere,Allos,Diverse,100% Biozutaten,6x250g,15.921600000000002,1.0416000000000007,7
15682,Frucht Pur Heidelbeere,Allos,Diverse,100% Biozutaten,6x250g,15.921600000000002,1.0416000000000007,7
15683,Frucht Pur Himbeere,Allos,Diverse,100% Biozutaten,6x250g,15.921600000000002,1.0416000000000007,7
15685,Frucht Pur Johannisbeere schwarz,Allos,Diverse,100% Biozutaten,6x250g,15.921600000000002,1.0416000000000007,7
15690,Frucht Pur Orange,Allos,Diverse,100% Biozutaten,6x250g,15.921600000000002,1.0416000000000007,7
15688,Frucht Pur Pflaume,Allos,Diverse,100% Biozutaten,6x250g,15.921600000000002,1.0416000000000007,7
15684,Frucht Pur Sauerkirsche,Allos,Diverse,100% Biozutaten,6x250g,15.921600000000002,1.0416000000000007,7
15695,Frucht Pur Waldfrucht,Allos,Diverse,100% Biozutaten,6x250g,15.921600000000002,1.0416000000000007,7
615037,Fruchtaufstrich Aprikose,Green organics,Diverse,99%,6x265g,11.491800000000001,0.7518000000000011,7
615052,Fruchtaufstrich Erdbeere DEMETER,Maintal,Diverse,Demeter (Deutschland),6x200g,15.3438,1.0038,7
615095,Fruchtaufstrich Erdbeere fein passiert,Maintal,Diverse,99%,6x210g,14.7018,0.9618000000000002,7
15736,Fruchtaufstrich Erdbeere-Rhabarber BIOLAND - Weck.,Kiebitzhof,Diverse,Bioland,6x220g,19.902,1.3019999999999996,7
615035,Fruchtaufstrich Erdbeere,Green organics,Diverse,99%,6x265g,11.106600000000002,0.7266000000000012,7
695964,Fruchtaufstrich Fein - Aprikose,Zwergenwiese,Diverse,100% Biozutaten,6x280g,14.8302,0.9702000000000002,7
695965,Fruchtaufstrich Fein - Erdbeere,Zwergenwiese,Diverse,100% Biozutaten,6x280g,14.8302,0.9702000000000002,7
695966,Fruchtaufstrich Fein - Heidelbeere,Zwergenwiese,Diverse,100% Biozutaten,6x280g,14.8302,0.9702000000000002,7
695967,Fruchtaufstrich Fein - Himbeere,Zwergenwiese,Diverse,100% Biozutaten,6x280g,14.766000000000002,0.9660000000000011,7
695968,Fruchtaufstrich Fein - Sauerkirsche,Zwergenwiese,Diverse,100% Biozutaten,6x280g,14.8302,0.9702000000000002,7
580783,Fruchtaufstrich Fein Apfel-Kirsche,Zwergenwiese,Diverse,98%,6x280g,14.8302,0.9702000000000002,7
580782,Fruchtaufstrich Fein Apfel-Zimt,Zwergenwiese,Diverse,98%,6x280g,14.8302,0.9702000000000002,7
615072,Fruchtaufstrich Hagebutte - Apfel Zimt und Vanille,Maintal,Diverse,100% Biozutaten,6x200g,14.7018,0.9618000000000002,7
615096,Fruchtaufstrich Himbeere fein passiert,Maintal,Diverse,98%,6x210g,14.7018,0.9618000000000002,7
615036,Fruchtaufstrich Himbeere,Green organics,Diverse,99%,6x265g,11.491800000000001,0.7518000000000011,7
580772,Fruchtaufstrich Ingwer,Sanchon,Diverse,100% Biozutaten,6x170g,11.8128,0.7728000000000002,7
615053,Fruchtaufstrich Rhabarber DEMETER,Maintal,Diverse,Demeter (Deutschland),6x200g,15.3438,1.0038,7
615054,Fruchtaufstrich rote Johannisbeere pass. DEMETER,Maintal,Diverse,Demeter (Deutschland),6x200g,15.3438,1.0038,7
15742,Fruchtaufstrich Sauerkirsche - Weckglas,Kiebitzhof,Diverse,100% Biozutaten,6x220g,27.927000000000003,1.8270000000000017,7
615038,Fruchtaufstrich Sauerkirsche,Green organics,Diverse,99%,6x265g,11.1708,0.7308000000000003,7
615055,Fruchtaufstrich schwarze Johannisbeere DEMETER,Maintal,Diverse,Demeter (Deutschland),6x200g,15.3438,1.0038,7
615034,Fruchtaufstrich schwarze Johannisbeere,Green organics,Diverse,99%,6x265g,11.491800000000001,0.7518000000000011,7
615097,Fruchtaufstrich Waldfrucht fein passiert,Maintal,Diverse,99%,6x210g,14.7018,0.9618000000000002,7
701140,Fruchtaufstrich Waldfrucht,Bio Company,Deutschland,100% Biozutaten,6x250g,17.976000000000003,1.176000000000002,7
695693,Fruchtgarten Aprikose,Zwergenwiese,Diverse,98%,6x225g,16.306800000000003,1.0668000000000024,7
695711,Fruchtgarten Bitterorange,Zwergenwiese,Diverse,98%,6x225g,16.306800000000003,1.0668000000000024,7
695702,Fruchtgarten Erdbeer-Rhabarber,Zwergenwiese,Diverse,98%,6x225g,16.306800000000003,1.0668000000000024,7
580781,Fruchtgarten Erdbeere-Vanille,Zwergenwiese,Diverse,98%,6x225g,16.371000000000002,1.0710000000000015,7
695695,Fruchtgarten Erdbeere,Zwergenwiese,Diverse,98%,6x225g,16.306800000000003,1.0668000000000024,7
695712,Fruchtgarten Hagebutte,Zwergenwiese,Diverse,98%,6x225g,16.306800000000003,1.0668000000000024,7
695696,Fruchtgarten Heidelbeere,Zwergenwiese,Diverse,98%,6x225g,16.306800000000003,1.0668000000000024,7
695697,Fruchtgarten Himbeere,Zwergenwiese,Diverse,98%,6x225g,16.306800000000003,1.0668000000000024,7
695703,Fruchtgarten Pfirsich-Maracuja,Zwergenwiese,Diverse,98%,6x225g,16.306800000000003,1.0668000000000024,7
695704,Fruchtgarten Pflaumenmus,Zwergenwiese,Diverse,98%,6x225g,16.306800000000003,1.0668000000000024,7
695698,Fruchtgarten Sauerkirsche,Zwergenwiese,Diverse,98%,6x225g,16.306800000000003,1.0668000000000024,7
695699,Fruchtgarten Schwarze Johannisbeere,Zwergenwiese,Diverse,98%,6x225g,16.306800000000003,1.0668000000000024,7
695700,Fruchtgarten Waldbeere,Zwergenwiese,Diverse,98%,6x225g,16.2426,1.0625999999999998,7
514945,Fruchtgelee Himbeere glutenfrei,Zwergenwiese,Diverse,100% Biozutaten,6x160g,15.2154,0.9954000000000001,7
514943,Fruchtgelee Johannisbeere rot glutenfrei,Zwergenwiese,Diverse,100% Biozutaten,6x160g,11.235000000000001,0.7350000000000012,7
514949,Fruchtgelee Johannisbeere schwarz glutenfrei,Zwergenwiese,Diverse,100% Biozutaten,6x160g,11.235000000000001,0.7350000000000012,7
15282,Hagebuttenkonfitüre extra,Maintal,Diverse,99%,6x225g,13.5462,0.8862000000000005,7
15314,Heidelbeerkonfitüre extra,Maintal,Diverse,99%,6x225g,16.5636,1.0836000000000006,7
701138,Himbeer Fruchtaufstrich,Bio Company,Diverse,100% Biozutaten,6x250g,17.9118,1.171800000000001,7
15283,Himbeerkonfitüre extra,Maintal,Diverse,99%,6x225g,14.7018,0.9618000000000002,7
15311,Holunderbeer-Gelee extra,Maintal,Diverse,99%,6x225g,13.353600000000002,0.8736000000000015,7
15289,Ingwerkonfitüre extra,Maintal,Diverse,99%,6x225g,13.353600000000002,0.8736000000000015,7
15302,Johannisbeer rot-Gelee extra,Maintal,Diverse,99%,6x225g,13.353600000000002,0.8736000000000015,7
567282,Kokosmus,Dr. Goerg,Philippinen,EG-Bio,6x1l,105.22380000000001,6.883800000000008,7
567285,Kokosmus,Dr. Goerg,Philippinen,EG-Bio,6x200ml,27.5418,1.8018,7
567281,Kokosmus,Dr. Goerg,Philippinen,EG-Bio,6x500ml,58.357800000000005,3.8178000000000054,7
626139,Lazzaris Aprikosenkonfitüre extra 80%,Lazzaris,Italien,100% Biozutaten,6x230g,27.927000000000003,1.8270000000000017,7
626141,Lazzaris Erdbeerkonfitüre extra 80%,Lazzaris,Italien,100% Biozutaten,6x230g,27.927000000000003,1.8270000000000017,7
626140,Lazzaris Orangenmarmelade 80%,Lazzaris,Italien,100% Biozutaten,6x230g,27.927000000000003,1.8270000000000017,7
580769,Lemon Curd vegan,Sanchon,Diverse,100% Biozutaten,6x160g,11.8128,0.7728000000000002,7
516203,Lingonsylt Preiselbeer-Fruchtaufstrich,Linnea Svenska - Torfolk,Schweden,100% Biozutaten,6x320g,22.149,1.4490000000000016,7
15433,Mandarinenmarmelade,San Vicario,Diverse,100% Biozutaten,6x240g,22.405800000000003,1.4658000000000015,7
697232,Marmellata di arance amare - Bitterorangenmarmel.,La Selva,Diverse,100% Biozutaten,6x220g,11.6844,0.7644000000000002,7
580771,Orangen Marmelade,Sanchon,Diverse,100% Biozutaten,6x170g,11.8128,0.7728000000000002,7
515768,Orangenmarmelade rossa,San Vicario,Diverse,100% Biozutaten,6x240g,20.4798,1.3398000000000003,7
15284,Orangenmarmelade,Maintal,Diverse,99%,6x225g,13.5462,0.8862000000000005,7
15431,Orangenmarmelade,San Vicario,Diverse,100% Biozutaten,6x240g,20.4798,1.3398000000000003,7
15303,Quitten-Gelee extra,Maintal,Diverse,99%,6x225g,13.353600000000002,0.8736000000000015,7
615504,Quittenmus mit Akazienhonig,Tarpa,Ungarn,100% Biozutaten,6x200g,23.112000000000002,1.5120000000000005,7
615505,Quittenmus mit Orangenschalen & Vanille,Tarpa,Diverse,100% Biozutaten,6x200g,23.112000000000002,1.5120000000000005,7
701136,Sauerkirsch Fruchtaufstrich,Bio Company,Diverse,100% Biozutaten,6x250g,15.151200000000001,0.991200000000001,7
15285,Sauerkirschkonfitüre extra,Maintal,Diverse,99%,6x225g,16.820400000000003,1.1004000000000023,7
615501,Sauerkirschmus mit Akazienhonig,Tarpa,Ungarn,100% Biozutaten,6x220g,23.112000000000002,1.5120000000000005,7
701130,Schwarze Johannisbeer Fruchtaufstrich,Bio Company,Diverse,100% Biozutaten,6x250g,17.0772,1.1172000000000004,7
516280,Super Fruit Aprikose Chia Kurkuma,Allos,Diverse,100% Biozutaten,6x200g,16.4994,1.0794000000000015,7
516281,Super Fruit Erdbeere Chia Acerola,Allos,Diverse,100% Biozutaten,6x200g,16.4994,1.0794000000000015,7
516282,Super Fruit Himbeere Chia Granatapfel,Allos,Diverse,100% Biozutaten,6x200g,16.4994,1.0794000000000015,7
516204,Svartvinbärssylt Schw.Johannisbeer-Fruchtaufstrich,Linnea Svenska - Torfolk,Schweden,100% Biozutaten,6x320g,20.1588,1.3187999999999995,7
15432,Zitronenmarmelade,San Vicario,Diverse,100% Biozutaten,6x240g,20.4798,1.3398000000000003,7
15411,Zuckerrübensirup DEMETER,Bauck,Deutschland,Demeter (Deutschland),12x450g,36.59400000000001,2.3940000000000055,7
615511,Zwetschgenmus au Chocolat,Tarpa,Diverse,100% Biozutaten,6x220g,23.112000000000002,1.5120000000000005,7
615498,Zwetschgenmus pur,Tarpa,Ungarn,100% Biozutaten,6x220g,23.112000000000002,1.5120000000000005,7
516219,4-Nuss Mischmus,Davert Mühle,Diverse,100% Biozutaten,5x250g,22.4165,1.4665,7
635761,Cashewmus Kokos Ananas,Tarabao,Diverse,100% Biozutaten,6x250g,43.335,2.835000000000001,7
699667,Cashewmus,Terrasana,Diverse,EG-Bio,6x250g,29.6604,1.9404000000000003,7
566272,Cashewnussmus geröstet,Monki,Diverse,EG-Bio,6x330g,40.7028,2.6628000000000043,7
566258,Cashewnussmus weiß ungeröstet,Monki,Diverse,EG-Bio,6x330g,45.4536,2.9736000000000047,7
701502,Erdnussmus Crunchy mit Salz,Bio Company,Diverse,EG-Bio,6x250g,13.803,0.9030000000000005,7
529476,Erdnussmus crunchy,Terrasana,Diverse,EG-Bio,6x250g,13.867200000000002,0.9072000000000013,7
529477,Erdnussmus crunchy,Terrasana,Diverse,EG-Bio,6x500g,23.8824,1.5624000000000002,7
529479,Erdnussmus fein,Terrasana,Diverse,EG-Bio,6x250g,13.5462,0.8862000000000005,7
529478,Erdnussmus fein,Terrasana,Diverse,EG-Bio,6x500g,20.223,1.3230000000000004,7
566262,Erdnussmus geröstet,Monki,Volksrepublik China,EG-Bio,6x650g,32.0358,2.0958000000000006,7
685167,Erdnussmus Salted Caramel vegan,Naughty Nuts,Diverse,100% Biozutaten,8x250g,32.956,2.1560000000000024,7
701504,Erdnussmus,Bio Company,Volksrepublik China,EG-Bio,6x250g,13.995600000000001,0.9156000000000013,7
685223,Happy Nougatcreme,Naughty Nuts,Europäische Union,100% Biozutaten,8x250g,31.928800000000003,2.0888000000000027,7
685169,Haselnussmus Choco Crush,Naughty Nuts,Diverse,100% Biozutaten,8x250g,53.2432,3.4832000000000036,7
566259,Haselnussmus geröstet & crunchy,Monki,Türkei,EG-Bio,6x330g,51.2958,3.355800000000002,7
699668,Haselnussmus,Terrasana,Diverse,EG-Bio,6x250g,43.591800000000006,2.8518000000000043,7
15790,Haselnussmus,Terrasana,Diverse,EG-Bio,6x500g,84.42300000000002,5.52300000000001,7
686511,Kürbiskernmus mit Steinsalz,Terrasana,Diverse,100% Biozutaten,6x250g,26.322000000000003,1.7220000000000013,7
685214,Macadamiamus,Naughty Nuts,Kenia,100% Biozutaten,8x200g,47.8504,3.1304000000000016,7
566256,Mandelmus blanchiert weiß,Monki,Spanien,EG-Bio,6x330g,50.01180000000001,3.271800000000006,7
516211,Mandelmus braun,Davert Mühle,Diverse,EG-Bio,5x250g,25.038,1.6380000000000017,7
701506,Mandelmus braun,Bio Company,Spanien,EG-Bio,6x250g,32.742000000000004,2.142000000000003,7
529480,Mandelmus braun,Terrasana,Diverse,EG-Bio,6x250g,29.211000000000002,1.9110000000000014,7
529481,Mandelmus braun,Terrasana,Diverse,EG-Bio,6x500g,52.323,3.423000000000002,7
698999,Mandelmus Crunchy,Terrasana,Diverse,EG-Bio,6x250g,29.596200000000003,1.936200000000003,7
566254,Mandelmus geröstet braun,Monki,Spanien,100% Biozutaten,6x330g,44.8758,2.9358000000000004,7
701512,Mandelmus weiß,Bio Company,Spanien,EG-Bio,6x250g,36.915,2.414999999999999,7
529482,Mandelmus weiß,Terrasana,Diverse,EG-Bio,6x250g,37.236,2.436,7
529484,Mandelmus weiß,Terrasana,Diverse,EG-Bio,6x500g,70.42739999999999,4.607399999999998,7
586809,Mandelmus,Fairfood,PSE,100% Biozutaten,6x250g,26.0652,1.7052000000000014,7
530154,Mandelpürree aus geschälten Mandeln,Soyana,Italien,EG-Bio,2xkg,66.768,4.368000000000002,7
699589,Mischnussmus 4-Mix,Terrasana,Diverse,100% Biozutaten,6x250g,27.1566,1.776600000000002,7
685638,Morelli Manfredine,Bio Gourmet,Italien,100% Biozutaten,6x250g,20.4798,1.3398000000000003,7
516222,Nut Butter Sweet Chai,Davert Mühle,Diverse,100% Biozutaten,5x250g,19.741500000000002,1.2915000000000028,7
516220,Nut Butter Vanillekipferl,Davert Mühle,Diverse,100% Biozutaten,5x250g,24.931,1.6310000000000002,7
516221,Nut Butter Zimtschnecke,Davert Mühle,Diverse,100% Biozutaten,5x250g,24.931,1.6310000000000002,7
516215,Peanut Butter Crunchy,Davert Mühle,Diverse,100% Biozutaten,5x250g,12.4655,0.8155000000000001,7
685637,Pistaziencreme 100%,Bio Gourmet,Diverse,100% Biozutaten,6x175g,84.6798,5.5398,7
685199,Pistaziencreme,Bett'r,Europäische Union,100% Biozutaten,8x200g,37.321600000000004,2.441600000000001,7
699781,Protein Erdnussmus fein,Terrasana,Diverse,EG-Bio,6x250g,14.5734,0.9534000000000002,7
15812,Tahin mit Salz,Lima,Spanien,100% Biozutaten,6x500g,30.7518,2.011800000000001,7
515809,Tahin ohne Salz,Lima,Spanien,EG-Bio,6x225g,16.8846,1.1045999999999996,7
15811,Tahin ohne Salz,Lima,Spanien,EG-Bio,6x500g,29.6604,1.9404000000000003,7
699569,Tahin Sesammus braun ohne Salz,Terrasana,Diverse,EG-Bio,6x500g,31.201200000000004,2.0412000000000035,7
701500,Tahin Sesammus braun,Bio Company,Pakistan,EG-Bio,6x250g,14.445,0.9450000000000003,7
516018,Tahin Sesammus braun,Terrasana,Diverse,EG-Bio,6x250g,17.2698,1.1297999999999995,7
699588,Tahin Sesammus weiß ohne Salz,Terrasana,Diverse,EG-Bio,6x250g,17.8476,1.1676000000000002,7
701514,Tahin Sesammus weiß,Bio Company,Pakistan,EG-Bio,6x250g,14.766000000000002,0.9660000000000011,7
566267,Tahin-Sesammus geröstet mit Meersalz,Monki,Diverse,100% Biozutaten,6x330g,23.6898,1.5498000000000012,7
566266,Tahin-Sesammus geröstet,Monki,Diverse,EG-Bio,6x330g,23.6898,1.5498000000000012,7
698487,Zartbitter-Kakao Haselnusscreme,Terrasana,Diverse,100% Biozutaten,6x250g,35.31,2.3100000000000023,7
615320,Auf's Brot Arrabbiata glutenfrei,Allos,Diverse,100% Biozutaten,6x140g,12.0696,0.7896000000000001,7
615326,Auf's Brot Avocado glutenfrei,Allos,Diverse,100% Biozutaten,6x140g,12.0696,0.7896000000000001,7
615323,Auf's Brot Erbse & Masala glutenfrei,Allos,Diverse,100% Biozutaten,6x140g,12.0696,0.7896000000000001,7
615324,Auf's Brot Kirschtomate & Basilikum glutenfrei,Allos,Diverse,100% Biozutaten,6x140g,12.0696,0.7896000000000001,7
615321,Auf's Brot Mango & Curry glutenfrei,Allos,Diverse,100% Biozutaten,6x140g,12.0696,0.7896000000000001,7
615322,Auf's Brot Paprika & Chili glutenfrei,Allos,Diverse,100% Biozutaten,6x140g,12.0696,0.7896000000000001,7
615325,Auf's Brot Toskana glutenfrei,Allos,Diverse,100% Biozutaten,6x140g,12.0696,0.7896000000000001,7
701292,Aufstrich Belugalinse Balsamico,Bio Company,Diverse,100% Biozutaten,6x135g,9.1164,0.5964000000000009,7
701282,Aufstrich Kidneybohnen Chili,Bio Company,Diverse,100% Biozutaten,6x135g,8.988000000000001,0.588000000000001,7
15118,Aufstrich Nuss-Paprika glutenfrei,Zwergenwiese,Diverse,100% Biozutaten,6x200g,12.198,0.798,7
695255,Bärlauch-Tomatencreme,Delikat essen,Diverse,100% Biozutaten,135g,2.6643000000000003,0.17430000000000012,7
615385,BODENSTELLER Mix Gemüse-Käse Aufstriche/Maiswaffel,Allos,Diverse,100% Biozutaten,Display,123.906,8.106000000000009,7
580758,Brotaufstrich Antipasti Arrabbiata vegan,Sanchon,Diverse,100% Biozutaten,6x150g,11.491800000000001,0.7518000000000011,7
695518,Brotaufstrich Antipasti Arrabbiata vegan,Sanchon,Diverse,100% Biozutaten,6x190g,13.4178,0.8778000000000006,7
580751,Brotaufstrich Antipasti Bruschetta vegan,Sanchon,Diverse,100% Biozutaten,6x150g,11.491800000000001,0.7518000000000011,7
580759,Brotaufstrich Antipasti Kapern vegan,Sanchon,Diverse,100% Biozutaten,6x150g,11.491800000000001,0.7518000000000011,7
592032,Brotaufstrich Antipasti Kapern vegan,Sanchon,Diverse,100% Biozutaten,6x190g,13.4178,0.8778000000000006,7
580750,Brotaufstrich Antipasti Olive vegan,Sanchon,Diverse,100% Biozutaten,6x150g,11.491800000000001,0.7518000000000011,7
580754,Brotaufstrich Basilikum-Romana,Sanchon,Diverse,100% Biozutaten,6x150g,11.235000000000001,0.7350000000000012,7
592021,Brotaufstrich Basilikum-Romana,Sanchon,Diverse,100% Biozutaten,6x190g,12.519,0.8190000000000008,7
696056,Brotaufstrich Belugalinse und Balsamico,Nabio,Diverse,100% Biozutaten,6x135g,11.491800000000001,0.7518000000000011,7
696064,Brotaufstrich Champignon Käse und Walnuss,Nabio,Diverse,100% Biozutaten,6x135g,11.491800000000001,0.7518000000000011,7
580756,Brotaufstrich Crème Aubergine,Sanchon,Diverse,100% Biozutaten,6x150g,11.235000000000001,0.7350000000000012,7
580757,Brotaufstrich Fenchel-Toskana,Sanchon,Diverse,100% Biozutaten,6x150g,11.235000000000001,0.7350000000000012,7
696045,Brotaufstrich Gegrillte Aubergine Bergkäse,Nabio,Diverse,100% Biozutaten,6x135g,11.748600000000001,0.7686000000000011,7
580755,Brotaufstrich Roter Paprika,Sanchon,Diverse,100% Biozutaten,6x150g,11.235000000000001,0.7350000000000012,7
580749,Brotaufstrich Sonnentomate,Sanchon,Diverse,100% Biozutaten,6x150g,11.235000000000001,0.7350000000000012,7
696023,Brotgenuss Bruschetta,Hedi,Diverse,100% Biozutaten,6x135g,12.1338,0.793800000000001,7
696069,Brotgenuss India,Hedi,Diverse,100% Biozutaten,6x135g,12.1338,0.793800000000001,7
696098,Brotgenuss Toscana,Hedi,Diverse,100% Biozutaten,6x135g,12.1338,0.793800000000001,7
696048,Brotzeit Aufstrich - wie Leberwurst,Nabio,Diverse,100% Biozutaten,6x135g,11.235000000000001,0.7350000000000012,7
696049,Brotzeit Aufstrich - wie Thunfischcreme,Nabio,Diverse,100% Biozutaten,6x135g,11.235000000000001,0.7350000000000012,7
696040,Brownie Haselnuss Aufstrich,Nabio,Diverse,100% Biozutaten,6x175g,13.482000000000001,0.8820000000000014,7
696033,Bruschetta getrocknete Tomate Aufstrich,Nabio,Diverse,100% Biozutaten,6x135g,11.748600000000001,0.7686000000000011,7
696005,Cabanossi aus Linsen,Hedi,Diverse,100% Biozutaten,6x140g,14.7018,0.9618000000000002,7
696007,Cabanossi mit Chili aus Linsen,Hedi,Diverse,100% Biozutaten,6x140g,14.7018,0.9618000000000002,7
516025,Cashew Schmelz,Zwergenwiese,Diverse,100% Biozutaten,6x160g,18.104400000000002,1.1844000000000001,7
580752,Cheesana Jalapeno vegan,Sanchon,Diverse,100% Biozutaten,6x135g,11.235000000000001,0.7350000000000012,7
580761,Cheesana Rauch-Zwiebel vegan,Sanchon,Diverse,100% Biozutaten,6x135g,11.235000000000001,0.7350000000000012,7
580760,Cheesana Tomate vegan,Sanchon,Diverse,100% Biozutaten,6x135g,11.235000000000001,0.7350000000000012,7
696016,Chorizo aus Linsen,Hedi,Diverse,100% Biozutaten,6x140g,14.7018,0.9618000000000002,7
696014,Currywurst aus Linsen,Hedi,Diverse,100% Biozutaten,6x140g,14.7018,0.9618000000000002,7
15634,Freiburger Schmalztöpfle vegan,Tartex,Diverse,100% Biozutaten,6x250g,21.2502,1.3902,7
696031,Gegrille Paprika Cashew Aufstrich,Nabio,Diverse,100% Biozutaten,6x135g,11.748600000000001,0.7686000000000011,7
615380,Gemüse-Käse-Aufstrich Spinat Ricotta,Allos,Diverse,100% Biozutaten,6x135g,9.5658,0.6257999999999999,7
615381,Gemüse-Käse-Aufstrich Tomate Mozzarella Hartkäse,Allos,Diverse,100% Biozutaten,6x135g,9.5658,0.6257999999999999,7
615382,Gemüse-Käse-Aufstrich Tomate Olive Feta,Allos,Diverse,100% Biozutaten,6x135g,12.519,0.8190000000000008,7
701280,Gemüseaufstrich Paprika Cashew,Bio Company,Diverse,100% Biozutaten,6x135g,9.63,0.6300000000000008,7
615280,Genießer-Schmalz,Allos,Diverse,100% Biozutaten,6x150g,17.2056,1.1256000000000022,7
516241,Geschmack der Welt Baba Ganoush,Allos,Diverse,100% Biozutaten,6x140g,10.849800000000002,0.7098000000000013,7
516240,Geschmack der Welt Guacamole auf Erbsenbasis,Allos,Diverse,100% Biozutaten,6x140g,10.849800000000002,0.7098000000000013,7
516242,Geschmack der Welt Zwiebel Chutney,Allos,Diverse,100% Biozutaten,6x140g,10.849800000000002,0.7098000000000013,7
698328,Hanf-Aufstrich Aubergine - Paprika,Chiron,Europäische Union,100% Biozutaten,6x135g,19.195800000000002,1.2558000000000007,7
698336,Hanf-Aufstrich Heimisch,Chiron,Europäische Union,100% Biozutaten,6x135g,19.195800000000002,1.2558000000000007,7
698334,Hanf-Aufstrich Indisch,Chiron,Europäische Union,100% Biozutaten,6x135g,19.195800000000002,1.2558000000000007,7
698335,Hanf-Aufstrich Mediterran,Chiron,Europäische Union,100% Biozutaten,6x135g,19.195800000000002,1.2558000000000007,7
698338,Hanf-Aufstrich Meerrettich-Apfel,Chiron,Europäische Union,100% Biozutaten,6x135g,19.195800000000002,1.2558000000000007,7
698337,Hanf-Aufstrich Orientalisch,Chiron,Europäische Union,100% Biozutaten,6x135g,19.195800000000002,1.2558000000000007,7
698339,Hanf-Aufstrich Paprika-Basilikum,Chiron,Europäische Union,100% Biozutaten,6x135g,20.223,1.3230000000000004,7
698333,Hanf-Aufstrich Pikant,Chiron,Europäische Union,100% Biozutaten,6x135g,19.195800000000002,1.2558000000000007,7
698636,Hanf-Aufstrich Rote-Bete,Chiron,Europäische Union,100% Biozutaten,6x135g,20.223,1.3230000000000004,7
615250,Hof Pastete Champignon,Allos,Diverse,100% Biozutaten,12x125g,22.8552,1.4952000000000005,7
615251,Hof Pastete Classico,Allos,Diverse,100% Biozutaten,12x125g,22.8552,1.4952000000000005,7
615252,Hof Pastete Grüner Pfeffer,Allos,Diverse,100% Biozutaten,12x125g,22.8552,1.4952000000000005,7
615253,Hof Pastete Kräuter,Allos,Diverse,100% Biozutaten,12x125g,22.8552,1.4952000000000005,7
615191,Hofgemüse Andreas Aubergine-Zucchini glutenfrei,Allos,Diverse,100% Biozutaten,6x135g,12.0696,0.7896000000000001,7
615176,Hofgemüse Barbaras Tomate-Bärlauch glutenfrei,Allos,Diverse,100% Biozutaten,6x135g,12.0696,0.7896000000000001,7
615189,Hofgemüse Carinas Champignon-Zwiebel glutenfrei,Allos,Diverse,100% Biozutaten,6x135g,12.0696,0.7896000000000001,7
615185,Hofgemüse Christianes Curry-Zucchini glutenfrei,Allos,Diverse,100% Biozutaten,6x135g,12.0696,0.7896000000000001,7
615192,Hofgemüse Ennos Erbse-Basilikum glutenfrei,Allos,Diverse,100% Biozutaten,6x135g,12.0696,0.7896000000000001,7
615190,Hofgemüse Meikes Mais-Paprika-Chili glutenfrei,Allos,Diverse,100% Biozutaten,6x135g,12.0696,0.7896000000000001,7
615178,Hofgemüse Olivers Olive-Tomate glutenfrei,Allos,Diverse,100% Biozutaten,6x135g,12.0696,0.7896000000000001,7
615181,Hofgemüse Pascals Paprika-Trio glutenfrei,Allos,Diverse,100% Biozutaten,6x135g,12.0696,0.7896000000000001,7
615195,Hofgemüse Reinhards Rucola-Kirschtomate glutenfrei,Allos,Diverse,100% Biozutaten,6x135g,12.0696,0.7896000000000001,7
615182,Hofgemüse Rolands Rote Bete-Meerrettich glutenfrei,Allos,Diverse,100% Biozutaten,6x135g,12.0696,0.7896000000000001,7
615183,Hofgemüse Sabines Spinat-Pinienkerne glutenfrei,Allos,Diverse,100% Biozutaten,6x135g,12.0696,0.7896000000000001,7
615179,Hofgemüse Susis scharfe Tomate glutenfrei,Allos,Diverse,100% Biozutaten,6x135g,12.0696,0.7896000000000001,7
615184,Hofgemüse Torstens Tomate-Lauch glutenfrei,Allos,Diverse,100% Biozutaten,6x135g,12.0696,0.7896000000000001,7
695257,Höri-Bülle-Grünkerncreme,Delikat essen,Diverse,100% Biozutaten,130g,3.0923000000000003,0.20230000000000015,7
615235,Iss mir nicht Wurst Chorizo,Allos,Diverse,100% Biozutaten,6x135g,12.519,0.8190000000000008,7
615228,Iss mir nicht Wurst Leberwurst mit Zwiebeln,Allos,Diverse,100% Biozutaten,6x135g,12.519,0.8190000000000008,7
615224,Iss mir nicht Wurst Leberwurst,Allos,Diverse,100% Biozutaten,6x135g,12.519,0.8190000000000008,7
695731,Kleiner Streich Arrabitom glutenfrei,Zwergenwiese,Diverse,100% Biozutaten,12x50g,7.960800000000001,0.5208000000000004,7
695840,Kleiner Streich Aubergine glutenfrei,Zwergenwiese,Diverse,100% Biozutaten,12x50g,8.217600000000001,0.5376000000000012,7
695841,Kleiner Streich Bärlauch glutenfrei,Zwergenwiese,Diverse,100% Biozutaten,12x50g,8.217600000000001,0.5376000000000012,7
695842,Kleiner Streich Basilikum glutenfrei,Zwergenwiese,Diverse,100% Biozutaten,12x50g,8.217600000000001,0.5376000000000012,7
695843,Kleiner Streich Brotzeit glutenfrei,Zwergenwiese,Diverse,100% Biozutaten,12x50g,8.217600000000001,0.5376000000000012,7
695736,Kleiner Streich Bruschesto glutenfrei,Zwergenwiese,Diverse,100% Biozutaten,12x50g,7.960800000000001,0.5208000000000004,7
695845,Kleiner Streich Kräuter-Tomate glutenfrei,Zwergenwiese,Diverse,100% Biozutaten,12x50g,8.217600000000001,0.5376000000000012,7
695846,Kleiner Streich Kürbis-Orange glutenfrei,Zwergenwiese,Diverse,100% Biozutaten,12x50g,8.217600000000001,0.5376000000000012,7
695876,Kleiner Streich Mango-Curry glutenfrei,Zwergenwiese,Diverse,100% Biozutaten,12x50g,8.217600000000001,0.5376000000000012,7
695880,Kleiner Streich Mediterran glutenfrei,Zwergenwiese,Diverse,100% Biozutaten,12x50g,8.217600000000001,0.5376000000000012,7
695877,Kleiner Streich Meerrettich glutenfrei,Zwergenwiese,Diverse,100% Biozutaten,12x50g,8.217600000000001,0.5376000000000012,7
695732,Kleiner Streich Mepfel glutenfrei,Zwergenwiese,Diverse,100% Biozutaten,12x50g,7.960800000000001,0.5208000000000004,7
695735,Kleiner Streich Papayango glutenfrei,Zwergenwiese,Diverse,100% Biozutaten,12x50g,7.960800000000001,0.5208000000000004,7
695879,Kleiner Streich Paprika-Chili glutenfrei,Zwergenwiese,Diverse,100% Biozutaten,12x50g,8.217600000000001,0.5376000000000012,7
695881,Kleiner Streich Rote Bete-Meerrettich glutenfrei,Zwergenwiese,Diverse,100% Biozutaten,12x50g,8.217600000000001,0.5376000000000012,7
695888,Kleiner Streich Rucola-Senf glutenfrei,Zwergenwiese,Diverse,100% Biozutaten,12x50g,8.217600000000001,0.5376000000000012,7
695886,Kleiner Streich Rucola-Tomate glutenfrei,Zwergenwiese,Diverse,100% Biozutaten,12x50g,8.217600000000001,0.5376000000000012,7
695889,Kleiner Streich Schnittlauch glutenfrei,Zwergenwiese,Diverse,100% Biozutaten,12x50g,8.217600000000001,0.5376000000000012,7
695734,Kleiner Streich Sendi glutenfrei,Zwergenwiese,Diverse,100% Biozutaten,12x50g,7.960800000000001,0.5208000000000004,7
695890,Kleiner Streich Sonnentomate glutenfrei,Zwergenwiese,Diverse,100% Biozutaten,12x50g,8.217600000000001,0.5376000000000012,7
695878,Kleiner Streich Tomate-Olive glutenfrei,Zwergenwiese,Diverse,100% Biozutaten,12x50g,8.217600000000001,0.5376000000000012,7
695839,Kleiner Streich Vier Pfeffer glutenfrei,Zwergenwiese,Diverse,100% Biozutaten,12x50g,8.217600000000001,0.5376000000000012,7
695808,Kleiner Streich's drauf Basitom glutenfrei,Zwergenwiese,Diverse,100% Biozutaten,12x50g,7.960800000000001,0.5208000000000004,7
695844,Kleiner Zwergen Streich glutenfrei,Zwergenwiese,Diverse,100% Biozutaten,12x50g,8.217600000000001,0.5376000000000012,7
696015,Krakauer aus Linsen,Hedi,Diverse,100% Biozutaten,6x140g,14.7018,0.9618000000000002,7
696053,Kürbis & Karotte Aufstrich,Followfood / Followfish,Diverse,100% Biozutaten,6x135g,12.519,0.8190000000000008,7
696009,Leberwurst aus Linsen,Hedi,Diverse,100% Biozutaten,6x140g,14.7018,0.9618000000000002,7
696011,Leberwurst mit Röstzwiebeln aus Linsen,Hedi,Diverse,100% Biozutaten,6x140g,14.7018,0.9618000000000002,7
615340,Linsen-Aufstrich Belugalinse-Balsamico,Allos,Diverse,100% Biozutaten,6x140g,12.0696,0.7896000000000001,7
615348,Linsen-Aufstrich Berglinse Lauch Paprika,Allos,Diverse,100% Biozutaten,6x140g,12.0696,0.7896000000000001,7
615337,Linsen-Aufstrich Gelbe Linse Avocado,Allos,Diverse,100% Biozutaten,6x140g,12.0696,0.7896000000000001,7
615338,Linsen-Aufstrich Gelbe Linse Grillgemüse,Allos,Diverse,100% Biozutaten,6x140g,12.0696,0.7896000000000001,7
615341,Linsen-Aufstrich Gelbe Linse-Curry,Allos,Diverse,100% Biozutaten,6x140g,12.0696,0.7896000000000001,7
615347,Linsen-Aufstrich Rote Linse italienische Kräuter,Allos,Diverse,100% Biozutaten,6x140g,12.0696,0.7896000000000001,7
615342,Linsen-Aufstrich Rote Linse-Chili,Allos,Diverse,100% Biozutaten,6x140g,12.0696,0.7896000000000001,7
615343,Linsen-Aufstrich Rote Linse-Paprika-Mango,Allos,Diverse,100% Biozutaten,6x140g,12.0696,0.7896000000000001,7
696024,LupiLove Protein Curry,Zwergenwiese,Diverse,100% Biozutaten,6x135g,7.960800000000001,0.5208000000000004,7
696029,LupiLove Protein Paprika-Pfeffer,Zwergenwiese,Diverse,100% Biozutaten,6x135g,7.960800000000001,0.5208000000000004,7
696026,LupiLove Protein Rote Bete,Zwergenwiese,Diverse,100% Biozutaten,6x135g,8.0892,0.5292000000000003,7
696025,LupiLove Protein Thai,Zwergenwiese,Diverse,100% Biozutaten,6x135g,8.025,0.5250000000000004,7
696027,LupiLove Protein Tomate,Zwergenwiese,Diverse,100% Biozutaten,6x135g,7.960800000000001,0.5208000000000004,7
696028,LupiLove Protein Zwiebel-Knoblauch,Zwergenwiese,Diverse,100% Biozutaten,6x135g,7.960800000000001,0.5208000000000004,7
515184,Mandel Schmelz glutenfrei,Zwergenwiese,Diverse,100% Biozutaten,6x150g,15.2154,0.9954000000000001,7
696038,Muckibohne: Kidneybohne Paprika Aufstrich,Nabio,Diverse,100% Biozutaten,6x140g,11.491800000000001,0.7518000000000011,7
98735,Olivenpaste Kalamata Naturland+Fair,Mani Bläuel,Griechenland,NF,6x180g,19.26,1.2600000000000016,7
696035,Paprika Feta Olive Aufstrich,Nabio,Diverse,100% Biozutaten,6x135g,11.748600000000001,0.7686000000000011,7
696051,Paprika pikant Aufstrich,Followfood / Followfish,Diverse,100% Biozutaten,6x135g,12.519,0.8190000000000008,7
695253,Paprika-Creme pikant,Delikat essen,Diverse,100% Biozutaten,135g,2.7713,0.18130000000000024,7
696043,Powerlinse: Rote Linse Walnuss Aufstrich,Nabio,Diverse,100% Biozutaten,6x140g,11.491800000000001,0.7518000000000011,7
696050,Rote Beete & Meerrettich Aufstrich,Followfood / Followfish,Diverse,100% Biozutaten,6x135g,12.519,0.8190000000000008,7
696032,Rote Beete Birne Walnuss Aufstrich,Nabio,Diverse,100% Biozutaten,6x135g,11.748600000000001,0.7686000000000011,7
696013,Rotwurst aus Linsen,Hedi,Diverse,100% Biozutaten,6x140g,14.7018,0.9618000000000002,7
615351,Saatenliebe Avocado Mohn,Allos,Diverse,100% Biozutaten,6x135g,12.0696,0.7896000000000001,7
615350,Saatenliebe Kürbiskerne gegrillte Paprika,Allos,Diverse,100% Biozutaten,6x135g,12.0696,0.7896000000000001,7
615356,Saatenliebe Senfsaat Senf Dill,Allos,Diverse,100% Biozutaten,6x135g,12.0696,0.7896000000000001,7
696041,Salted Caramel Erdnuss Aufstrich,Nabio,Diverse,100% Biozutaten,6x175g,13.482000000000001,0.8820000000000014,7
615281,Schmalz-Töpfle mit Zwiebeln und Äpfeln,Allos,Diverse,100% Biozutaten,6x150g,17.2056,1.1256000000000022,7
615282,Schmalz-Töpfle mit Zwiebeln und Äpfeln,Allos,Diverse,100% Biozutaten,6x250g,21.2502,1.3902,7
515306,Schmalztopf Zwiebel & Apfel vegan,Tartex,Diverse,100% Biozutaten,6x125g,14.9586,0.9786000000000001,7
695832,Streich Aubergine glutenfrei,Zwergenwiese,Diverse,100% Biozutaten,6x180g,11.1708,0.7308000000000003,7
695833,Streich Bärlauch glutenfrei,Zwergenwiese,Diverse,100% Biozutaten,6x180g,11.1708,0.7308000000000003,7
695834,Streich Basilikum glutenfrei,Zwergenwiese,Diverse,100% Biozutaten,6x180g,11.1708,0.7308000000000003,7
695835,Streich Brotzeit glutenfrei,Zwergenwiese,Diverse,100% Biozutaten,6x180g,11.1708,0.7308000000000003,7
701288,Streich Curry Mango,Bio Company,Diverse,100% Biozutaten,6x135g,8.7954,0.5754000000000001,7
695837,Streich Kräuter-Tomate glutenfrei,Zwergenwiese,Diverse,100% Biozutaten,6x180g,11.1708,0.7308000000000003,7
695838,Streich Kürbis-Orange glutenfrei,Zwergenwiese,Diverse,100% Biozutaten,6x180g,11.1708,0.7308000000000003,7
695847,Streich Mango-Curry glutenfrei,Zwergenwiese,Diverse,100% Biozutaten,6x180g,11.1708,0.7308000000000003,7
695874,Streich Mediterran glutenfrei,Zwergenwiese,Diverse,100% Biozutaten,6x180g,11.1708,0.7308000000000003,7
695848,Streich Meerrettich glutenfrei,Zwergenwiese,Diverse,100% Biozutaten,6x180g,11.1708,0.7308000000000003,7
695892,Streich Paprika-Chili glutenfrei,Zwergenwiese,Diverse,100% Biozutaten,6x180g,11.1708,0.7308000000000003,7
701290,Streich Rote Bete Meerrettich,Bio Company,Diverse,100% Biozutaten,6x135g,9.309,0.609,7
695875,Streich Rote Bete-Meerrettich glutenfrei,Zwergenwiese,Diverse,100% Biozutaten,6x180g,11.1708,0.7308000000000003,7
695883,Streich Rucola-Senf glutenfrei,Zwergenwiese,Diverse,100% Biozutaten,6x180g,11.1708,0.7308000000000003,7
695882,Streich Rucola-Tomate glutenfrei,Zwergenwiese,Diverse,100% Biozutaten,6x180g,11.1708,0.7308000000000003,7
695884,Streich Schnittlauch glutenfrei,Zwergenwiese,Diverse,100% Biozutaten,6x180g,11.1708,0.7308000000000003,7
695885,Streich Sonnentomate glutenfrei,Zwergenwiese,Diverse,100% Biozutaten,6x180g,11.1708,0.7308000000000003,7
701284,Streich Tomate Kräuter,Bio Company,Diverse,100% Biozutaten,6x135g,8.731200000000001,0.571200000000001,7
695849,Streich Tomate-Olive glutenfrei,Zwergenwiese,Diverse,100% Biozutaten,6x180g,11.1708,0.7308000000000003,7
695831,Streich vier Pfeffer glutenfrei,Zwergenwiese,Diverse,100% Biozutaten,6x180g,11.1708,0.7308000000000003,7
701286,Streichcreme Aubergine,Bio Company,Diverse,100% Biozutaten,6x135g,9.244800000000001,0.6048000000000009,7
516273,Streichgenuss Aubergine,Allos,Diverse,100% Biozutaten,6x140g,9.5658,0.6257999999999999,7
516275,Streichgenuss Bärlauch,Allos,Diverse,100% Biozutaten,6x140g,9.5658,0.6257999999999999,7
615372,Streichgenuss Bärlauch,Allos,Diverse,100% Biozutaten,6x175g,12.198,0.798,7
516272,Streichgenuss Brotzeit,Allos,Diverse,100% Biozutaten,6x140g,9.5658,0.6257999999999999,7
516271,Streichgenuss Bruschetta,Allos,Diverse,100% Biozutaten,6x140g,9.5658,0.6257999999999999,7
516270,Streichgenuss Meerrettich Apfel,Allos,Diverse,100% Biozutaten,6x140g,9.5658,0.6257999999999999,7
516274,Streichgenuss Papaya Mango,Allos,Diverse,100% Biozutaten,6x140g,9.5658,0.6257999999999999,7
516064,Streichs drauf - Arrabitom,Zwergenwiese,Diverse,100% Biozutaten,6x135g,9.63,0.6300000000000008,7
516078,Streichs drauf - Basitom,Zwergenwiese,Diverse,100% Biozutaten,6x135g,9.63,0.6300000000000008,7
516070,Streichs drauf - Bruschesto,Zwergenwiese,Diverse,100% Biozutaten,6x135g,9.63,0.6300000000000008,7
516073,Streichs drauf - Chilitoffel,Zwergenwiese,Diverse,100% Biozutaten,6x135g,9.63,0.6300000000000008,7
516068,Streichs drauf - Currika,Zwergenwiese,Diverse,100% Biozutaten,6x135g,9.63,0.6300000000000008,7
516079,Streichs drauf - Currychini,Zwergenwiese,Diverse,100% Biozutaten,6x135g,9.63,0.6300000000000008,7
516077,Streichs drauf - Gelbie,Zwergenwiese,Diverse,100% Biozutaten,6x135g,9.63,0.6300000000000008,7
516076,Streichs drauf - Ingwery,Zwergenwiese,Diverse,100% Biozutaten,6x135g,9.63,0.6300000000000008,7
516074,Streichs drauf - Kürbi,Zwergenwiese,Diverse,100% Biozutaten,6x135g,9.63,0.6300000000000008,7
516081,Streichs drauf - Meditom,Zwergenwiese,Diverse,100% Biozutaten,6x135g,9.63,0.6300000000000008,7
516065,Streichs drauf - Mepfel,Zwergenwiese,Diverse,100% Biozutaten,6x135g,9.63,0.6300000000000008,7
516067,Streichs drauf - Natur,Zwergenwiese,Diverse,100% Biozutaten,6x135g,9.63,0.6300000000000008,7
516072,Streichs drauf - Papayango,Zwergenwiese,Diverse,100% Biozutaten,6x135g,9.63,0.6300000000000008,7
516075,Streichs drauf - Papucchini,Zwergenwiese,Diverse,100% Biozutaten,6x135g,9.63,0.6300000000000008,7
516080,Streichs drauf - Sendi,Zwergenwiese,Diverse,100% Biozutaten,6x135g,9.63,0.6300000000000008,7
516066,Streichs drauf - Smoto,Zwergenwiese,Diverse,100% Biozutaten,6x135g,9.63,0.6300000000000008,7
516063,Streichs drauf - Tomapeno,Zwergenwiese,Diverse,100% Biozutaten,6x135g,9.63,0.6300000000000008,7
516071,Streichs drauf - Tomesan,Zwergenwiese,Diverse,100% Biozutaten,6x135g,9.63,0.6300000000000008,7
696017,Sucuk aus Linsen,Hedi,Diverse,100% Biozutaten,6x140g,14.7018,0.9618000000000002,7
696030,Süßkartoffel Rosmarin Aufstrich,Nabio,Diverse,100% Biozutaten,6x135g,11.748600000000001,0.7686000000000011,7
696001,Teewurst aus Linsen,Hedi,Diverse,100% Biozutaten,6x140g,14.7018,0.9618000000000002,7
696003,Teewurst mit grünem Pfeffer aus Linsen,Hedi,Diverse,100% Biozutaten,6x140g,14.7018,0.9618000000000002,7
696054,Tomate & Grillgemüse Aufstrich,Followfood / Followfish,Diverse,100% Biozutaten,6x135g,12.519,0.8190000000000008,7
696052,Tomate & Kräuter Aufstrich,Followfood / Followfish,Diverse,100% Biozutaten,6x135g,12.519,0.8190000000000008,7
696034,Tomate Ricotta Basilikum Aufstrich,Nabio,Diverse,100% Biozutaten,6x135g,11.748600000000001,0.7686000000000011,7
695251,Tomate-Basilikumcreme,Delikat essen,Diverse,100% Biozutaten,135g,2.6643000000000003,0.17430000000000012,7
516024,Tomaten Schmelz,Zwergenwiese,Diverse,100% Biozutaten,6x160g,18.104400000000002,1.1844000000000001,7
685631,Trüffelbutter,Bio Gourmet,Diverse,95%,6x85g,43.1424,2.822400000000002,7
685632,Trüffelpesto,Bio Gourmet,Diverse,95%,6x85g,39.9324,2.612400000000001,7
567902,Veganer Feinkostsalat wie Budapester Salat,Allos,Diverse,100% Biozutaten,6x165g,14.445,0.9450000000000003,7
567901,Veganer Feinkostsalat wie Geflügel,Allos,Diverse,100% Biozutaten,6x165g,14.445,0.9450000000000003,7
696089,Wie Currywurst,Zwergenwiese,Deutschland,100% Biozutaten,6x140g,12.519,0.8190000000000008,7
696088,Wie grobe Leberwurst,Zwergenwiese,Deutschland,100% Biozutaten,6x135g,12.647400000000001,0.8274000000000008,7
695944,Wie Leberwurst,Zwergenwiese,Diverse,100% Biozutaten,6x140g,12.198,0.798,7
696087,Wie Teewurst,Zwergenwiese,Deutschland,100% Biozutaten,6x140g,12.1338,0.793800000000001,7
696090,Wie Zwergen Wurst,Zwergenwiese,Deutschland,100% Biozutaten,6x140g,12.1338,0.793800000000001,7
695836,Zwergen Streich glutenfrei,Zwergenwiese,Diverse,100% Biozutaten,6x180g,11.1708,0.7308000000000003,7
701294,Zwiebelschmelz,Bio Company,Diverse,100% Biozutaten,6x135g,9.309,0.609,7
696044,Zwiebelschmelz,Nabio,Diverse,100% Biozutaten,6x135g,11.748600000000001,0.7686000000000011,7
15115,Zwiebelschmelz,Zwergenwiese,Deutschland,100% Biozutaten,6x150g,12.5832,0.8231999999999999,7
15329,Aufstrich Heidelbeere DEMETER,Die Beerenbauern,Diverse,Demeter (Deutschland),6x200g,15.985800000000001,1.0458000000000016,7
615117,Chufella Erdmandel Schokocreme,Govinda,Diverse,100% Biozutaten,6x220g,32.0358,2.0958000000000006,7
615114,Erdnussbutter fein,Green organics,Niederlande,100% Biozutaten,6x350g,14.3808,0.9408000000000012,7
586844,Fairchoc Cashew Vanille Creme 60% Nuss FairTrade,Fairfood,Diverse,100% Biozutaten,6x250g,28.0554,1.8354,7
586843,Fairchoc Haselnuss Schoko Creme 60% Nuss FairTrade,Fairfood,Diverse,100% Biozutaten,6x250g,24.075000000000003,1.5750000000000028,7
592127,Fruchtaufstrich Erdbeere DEMETER,Tennental,Diverse,Demeter (Deutschland),6x200g,16.371000000000002,1.0710000000000015,7
592128,Fruchtaufstrich Johannisbeer-Cassis DEMETER,Tennental,Diverse,Demeter (Deutschland),6x200g,16.371000000000002,1.0710000000000015,7
592129,Fruchtaufstrich Orange DEMETER,Tennental,Diverse,Demeter (Deutschland),6x200g,16.371000000000002,1.0710000000000015,7
514953,Fruchtgelee Holunderblüte glutenfrei,Zwergenwiese,Diverse,100% Biozutaten,6x160g,11.1708,0.7308000000000003,7
514951,Fruchtgelee Quitte glutenfrei,Zwergenwiese,Diverse,100% Biozutaten,6x160g,11.1708,0.7308000000000003,7
35127,Gula Java Matcha,Amanprana,Diverse,100% Biozutaten,400g,52.911500000000004,3.461500000000001,7
550601,Lindenblütenhonig TAGWERK,Tagwerk,Bayern,Biokreis,6x490g,52.323,3.423000000000002,7
566986,Maronenaufstrich,Danival,Diverse,100% Biozutaten,6x380g,26.643,1.743000000000002,7
701508,Nuss Nougat Creme ohne Palmöl,Bio Company,Diverse,100% Biozutaten,6x350g,23.6898,1.5498000000000012,7
15784,Nuss Nougatcreme Cocoba FairTrade,GEPA,Diverse,100% Biozutaten,6x400g,23.6898,1.5498000000000012,7
698956,Nuss-Nougataufstrich Nocciolata Bianca,Rigoni di Asagio,Diverse,100% Biozutaten,6x250g,25.936799999999998,1.6967999999999996,7
698957,Nuss-Nougataufstrich Nocciolata Crunchy,Rigoni di Asagio,Diverse,100% Biozutaten,6x250g,25.936799999999998,1.6967999999999996,7
698955,Nuss-Nougataufstrich Nocciolata milchfrei,Rigoni di Asagio,Diverse,100% Biozutaten,6x250g,25.936799999999998,1.6967999999999996,7
698958,Nuss-Nougataufstrich Nocciolata milchfrei,Rigoni di Asagio,Diverse,100% Biozutaten,6x650g,57.7158,3.775800000000004,7
698954,Nuss-Nougataufstrich Nocciolata,Rigoni di Asagio,Diverse,100% Biozutaten,6x250g,25.936799999999998,1.6967999999999996,7
698959,Nuss-Nougataufstrich Nocciolata,Rigoni di Asagio,Diverse,100% Biozutaten,6x650g,57.7158,3.775800000000004,7
15448,Nuss-Nougatcreme Nussolade,Green organics,Diverse,99%,6x400g,19.26,1.2600000000000016,7
516022,Peanut Butter Creamy,Allos,Diverse,100% Biozutaten,6x310g,20.9292,1.3692000000000029,7
516023,Peanut Butter Crunchy,Allos,Diverse,100% Biozutaten,6x310g,20.9292,1.3692000000000029,7
50503,Sonnenblumenhonig,Allos,Europäische Union,EG-Bio,6x500g,49.434000000000005,3.2340000000000018,7
50275,Winterhonig Zimt & Nüsse,Hoyer,Diverse,100% Biozutaten,6x250g,22.405800000000003,1.4658000000000015,7
701510,Zartbitter Kakao Creme vegan ohne Palmöl,Bio Company,Diverse,100% Biozutaten,6x350g,23.0478,1.5077999999999996,7
50594,Akazienhonig - Spenderflasche,Allos,Rumänien,EG-Bio,6x250g,32.1,2.1000000000000014,7
550212,Akazienhonig DEMETER,Imkerei Friedmann,Baden-Württemberg,Demeter (Deutschland),6x500g,62.851800000000004,4.111800000000002,7
550604,Akazienhonig TAGWERK,Tagwerk,Bayern,Biokreis,6x250g,30.7518,2.011800000000001,7
550605,Akazienhonig TAGWERK,Tagwerk,Bayern,Biokreis,6x490g,52.323,3.423000000000002,7
50510,Akazienhonig,Allos,Diverse,EG-Bio,6x500g,53.286,3.486000000000004,7
550293,Akazienhonig,Green organics,Volksrepublik China,EG-Bio,6x500g,29.9172,1.9572000000000003,7
574059,Berghonig - wilde Gebirgsblüten,Agava,Brasilien,100% Biozutaten,6x500g,35.31,2.3100000000000023,7
50528,Berghonig,Allos,Diverse,EG-Bio,6x500g,56.496,3.696000000000005,7
550292,Blütenhonig cremig,Green organics,Diverse,EG-Bio,6x500g,20.0304,1.3104000000000013,7
550291,Blütenhonig flüssig,Green organics,Diverse,EG-Bio,6x500g,20.9292,1.3692000000000029,7
550609,Blütenhonig TAGWERK,Tagwerk,Bayern,Biokreis,6x490g,51.2958,3.355800000000002,7
701330,Blütenhonig,Bio Company,Diverse,EG-Bio,6x350g,15.985800000000001,1.0458000000000016,7
550309,Der Starke Manukahonig,Sonnentor,Neuseeland,EG-Bio,3x250g,82.6575,5.407499999999999,7
582054,Die Puren Manuka Drops,Sonnentor,Neuseeland,EG-Bio,"6x22,4g",52.323,3.423000000000002,7
50208,Edelkastanienhonig DEMETER,Imkerei Friedmann,Baden-Württemberg,Demeter (Deutschland),6x500g,80.25,5.25,7
50255,Edelkastanienhonig Toskana,Hoyer,Italien,EG-Bio,6x250g,25.615800000000004,1.6758000000000024,7
50256,Edelkastanienhonig Toskana,Hoyer,Italien,EG-Bio,6x500g,48.0858,3.1458000000000013,7
50501,Edelkastanienhonig,Allos,Italien,EG-Bio,6x500g,67.41000000000001,4.410000000000011,7
699561,Erdbeere im Honig,Bienen Trax,Deutschland,Bioland,6x250g,40.381800000000005,2.6418000000000035,7
699550,Frühlingsblüten Honig,Bienen Trax,Deutschland,Bioland,6x250g,28.248,1.8480000000000025,7
50206,Frühlingsblütenhonig DEMETER,Imkerei Friedmann,Baden-Württemberg,Demeter (Deutschland),6x500g,62.851800000000004,4.111800000000002,7
50270,Geleé Royale im Honig,Hoyer,Deutschland,100% Biozutaten,6x250g,24.9738,1.6338000000000008,7
85130,Halva,Allos,Griechenland,100% Biozutaten,12x75g,21.828,1.4280000000000008,7
699551,Harmonie Honig,Bienen Trax,Deutschland,Bioland,6x500g,63.0444,4.124400000000001,7
699562,Haselnuss im Honig,Bienen Trax,Deutschland,Bioland,6x250g,38.455799999999996,2.5157999999999987,7
699563,Himbeere im Honig,Bienen Trax,Deutschland,Bioland,6x250g,40.381800000000005,2.6418000000000035,7
699552,Kirschblütenhonig,Bienen Trax,Deutschland,Bioland,6x250g,41.6658,2.7257999999999996,7
699553,Kornblumenhonig,Bienen Trax,Deutschland,Bioland,6x250g,35.2458,2.305800000000005,7
699554,Lindenhonig,Bienen Trax,Deutschland,Bioland,6x250g,28.248,1.8480000000000025,7
699555,Lindenhonig,Bienen Trax,Deutschland,Bioland,6x500g,48.7278,3.187800000000003,7
699564,Mandel im Honig,Bienen Trax,Deutschland,Bioland,6x250g,40.381800000000005,2.6418000000000035,7
550298,Manuka-Honig TranzAlpine MGO 100+,Hoyer,Neuseeland,EG-Bio,250g,17.1093,1.1193000000000008,7
550288,Manuka-Honig TranzAlpine MGO 250+,Hoyer,Neuseeland,EG-Bio,250g,25.1343,1.6443000000000012,7
696259,Manuka-Honig TranzAlpine MGO 300+,Hoyer,Neuseeland,100% Biozutaten,140g,19.206500000000002,1.2565000000000026,7
550287,Manuka-Honig TranzAlpine MGO 400+,Hoyer,Neuseeland,EG-Bio,250g,41.088,2.6880000000000024,7
550289,Manuka-Honig TranzAlpine MGO 550+,Hoyer,Neuseeland,EG-Bio,250g,61.407300000000006,4.017300000000006,7
699865,Manukahonig,Sonnentor,Neuseeland,EG-Bio,4x250g,94.67360000000001,6.1936000000000035,7
50290,Mehrblütenhonig cremig,Green organics,Volksrepublik China,EG-Bio,6x1kg,39.2262,2.566200000000002,7
50259,Orangenblütenhonig,Hoyer,Diverse,EG-Bio,6x250g,25.615800000000004,1.6758000000000024,7
50271,Propolis im Honig,Hoyer,Deutschland,100% Biozutaten,6x250g,24.9738,1.6338000000000008,7
699556,Rapshonig,Bienen Trax,Deutschland,Bioland,6x250g,25.615800000000004,1.6758000000000024,7
699557,Sommerblütenhonig,Bienen Trax,Deutschland,Bioland,6x250g,30.7518,2.011800000000001,7
699565,Spirulina im Honig,Bienen Trax,Deutschland,Bioland,6x250g,39.804,2.603999999999999,7
699558,Tannenhonig mit Fichte,Bienen Trax,Deutschland,Bioland,6x500g,75.435,4.935000000000002,7
699566,Vanille im Honig,Bienen Trax,Deutschland,Bioland,6x250g,38.455799999999996,2.5157999999999987,7
574112,Vielblütenhonig Bügelglas NATURLAND,Agava,Rumänien,Naturland,4x1kg,46.010000000000005,3.010000000000005,7
574108,Vielblütenhonig NATURLAND,Agava,Rumänien,Naturland,6x500g,34.347,2.247,7
50205,Wald- und Tannenhonig DEMETER,Imkerei Friedmann,Baden-Württemberg,Demeter (Deutschland),6x500g,80.25,5.25,7
50204,Wald- und Wiesenhonig DEMETER,Imkerei Friedmann,Baden-Württemberg,Demeter (Deutschland),6x500g,62.851800000000004,4.111800000000002,7
550612,Waldhonig cremig TAGWERK,Tagwerk,Bayern,Biokreis,6x490g,52.323,3.423000000000002,7
550611,Waldhonig flüssig TAGWERK,Tagwerk,Bayern,Biokreis,6x490g,52.323,3.423000000000002,7
699559,Waldhonig,Bienen Trax,Deutschland,Bioland,6x250g,38.455799999999996,2.5157999999999987,7
50261,Waldhonig,Hoyer,Italien,EG-Bio,6x250g,23.6898,1.5498000000000012,7
50521,Waldhonig,Allos,Europäische Union,EG-Bio,6x500g,61.632000000000005,4.032000000000004,7
699560,Waldhonig,Bienen Trax,Deutschland,Bioland,6x500g,69.015,4.515000000000001,7
50262,Waldhonig,Hoyer,Europäische Union,EG-Bio,6x500g,43.591800000000006,2.8518000000000043,7
550209,Weißtannenhonig DEMETER,Imkerei Friedmann,Deutschland,Demeter (Deutschland),6x250g,58.743,3.8430000000000035,7
50263,Wiesenblütenhonig,Hoyer,Diverse,EG-Bio,6x250g,18.8748,1.2348,7
550607,Wildblütenhonig TAGWERK,Tagwerk,Bayern,Biokreis,6x490g,51.2958,3.355800000000002,7
50277,Wildfrucht Holunder im Honig,Hoyer,Deutschland,100% Biozutaten,6x250g,23.8824,1.5624000000000002,7
50278,Wildfrucht Sanddorn im Honig,Hoyer,Deutschland,100% Biozutaten,6x250g,23.8824,1.5624000000000002,7
699567,Zimt im Honig,Bienen Trax,Deutschland,Bioland,6x250g,39.804,2.603999999999999,7
6996181,DISPLAY - Frühlingstee,Lebensbaum,Diverse,100% Biozutaten,Display,24.0001,1.5701,7
635110,[ECHT BIO.] Darjeeling First Flush Schwarztee,Ökotopia,Indien,Naturland,500g,14.252400000000002,0.9324000000000012,7
35459,Assam Blatt,Lebensbaum,Indien,EG-Bio,6x100g,20.0304,1.3104000000000013,7
35181,Assam Blend Schwarztee WFTO,Cha Do,Indien,100% Biozutaten,10x250g,51.895,3.395000000000003,7
686529,Assam Blend Schwarztee WFTO,Cha Do,Diverse,EG-Bio,6x250g,31.137000000000004,2.0370000000000026,7
635090,Assam BOP CTC Schwarztee,Ökotopia,Indien,EG-Bio,5x250g,33.0095,2.1595000000000013,7
35456,Assam Broken - lose,Lebensbaum,Indien,EG-Bio,kg,21.5712,1.411200000000001,7
35455,Assam Broken,Lebensbaum,Indien,EG-Bio,6x100g,18.104400000000002,1.1844000000000001,7
699573,Assam Schwarztee - Tbt,Lebensbaum,Indien,EG-Bio,12x20x2g,21.0576,1.377600000000001,7
635091,Assam Strong Leaves Schwarztee,Ökotopia,Indien,EG-Bio,5x75g,16.585,1.0850000000000009,7
699686,Ceylon - Tbt,Lebensbaum,Sri Lanka-Ceylon,EG-Bio,12x20x2g,22.5984,1.4784000000000006,7
35302,Ceylon,Lebensbaum,Sri Lanka-Ceylon,EG-Bio,6x75g,17.7192,1.159200000000002,7
536025,Darjeeling Ambootia Blatt - lose,Lebensbaum,Indien,EG-Bio,kg,30.9765,2.026500000000002,7
699570,Darjeeling Ambootia Schwarztee - Tbt,Lebensbaum,Indien,Demeter (Deutschland),12x20x2g,24.9096,1.6296,7
35291,Darjeeling Blatt - lose,Lebensbaum,Indien,Demeter (Deutschland),kg,39.2155,2.5655,7
35289,Darjeeling Blatt,Lebensbaum,Indien,Demeter (Deutschland),6x250g,62.27400000000001,4.074000000000005,7
698883,Darjeeling Blatt,Lebensbaum,Indien,Demeter (Deutschland),6x75g,19.9662,1.3062000000000005,7
536424,Darjeeling Broken Blend Schwarztee WFTO,Cha Do,Indien,EG-Bio,10x200g,51.895,3.395000000000003,7
635081,Darjeeling First Flush Schwarztee - Tbt,Ökotopia,Indien,EG-Bio,"8x20x1,8g",17.8904,1.1704000000000008,7
635092,Darjeeling First Flush Schwarztee,Ökotopia,Indien,EG-Bio,5x75g,21.6675,1.4175000000000004,7
635313,Darjeeling Himalaya Blatt,Lebensbaum,Indien,EG-Bio,6x75g,20.0304,1.3104000000000013,7
635093,Darjeeling Himalaya Schwarztee,Ökotopia,Indien,EG-Bio,5x100g,16.585,1.0850000000000009,7
685247,Der aufgeweckte English Breakfast Tee - Tbt,Sonnentor,Diverse,EG-Bio,"6x18x1,8g",16.2426,1.0625999999999998,7
685244,Der Aufgeweckte English Breakfast Tee,Sonnentor,Diverse,100% Biozutaten,6x70g,18.8748,1.2348,7
35684,Der feine Earl Grey,Sonnentor,Diverse,100% Biozutaten,6x90g,20.865000000000002,1.365000000000002,7
685246,Die fruchtige Mary Grey Tee,Sonnentor,Diverse,100% Biozutaten,6x90g,20.865000000000002,1.365000000000002,7
582333,Earl Grey - Tbt,PUKKA,Diverse,100% Biozutaten,4x20x2g,8.988000000000001,0.588000000000001,7
635399,Earl Grey - Tbt,Lebensbaum,Diverse,100% Biozutaten,"6x20x2,0g",15.087,0.9870000000000001,7
35339,Earl Grey Classic,Lebensbaum,Diverse,100% Biozutaten,6x100g,23.754,1.554000000000002,7
635083,Earl Grey Gold Schwarztee - Tbt,Ökotopia,Volksrepublik China,EG-Bio,"8x20x2,0g",17.8904,1.1704000000000008,7
35336,Earl Grey mild - lose,Lebensbaum,Diverse,100% Biozutaten,kg,33.6515,2.2014999999999993,7
35335,Earl Grey mild,Lebensbaum,Diverse,100% Biozutaten,6x100g,23.754,1.554000000000002,7
35338,Earl Grey mild,Lebensbaum,Diverse,100% Biozutaten,6x250g,54.6984,3.578400000000002,7
635094,Earl Grey Strong Schwarztee,Ökotopia,Indien,100% Biozutaten,5x100g,18.19,1.1900000000000013,7
35152,Earl Grey WFTO,Cha Do,Indien,100% Biozutaten,5x100g,17.9225,1.1724999999999994,7
582332,English Breakfast - Tbt,PUKKA,Diverse,100% Biozutaten,"4x20x2,5g",8.988000000000001,0.588000000000001,7
699571,English Breakfast Schwarztee - Tbt,Lebensbaum,Diverse,EG-Bio,12x20x2g,21.0576,1.377600000000001,7
635011,English Breakfast Tea - Tbt,Cupper Tea,Diverse,EG-Bio,"4x20x2,5g",10.2292,0.6692,7
35466,English Breakfast Tea,Lebensbaum,Indien,EG-Bio,6x100g,18.104400000000002,1.1844000000000001,7
35679,Everybody's Darjeeling Schwarztee,Sonnentor,Diverse,EG-Bio,6x100g,22.791,1.4909999999999997,7
35527,Grüntee Tenka-Ichi 1. Pflückung,Allos,Japan,EG-Bio,6x50g,69.97800000000001,4.578000000000003,7
534978,Hot Chai Schwarztee mit Gewürzen,Cha Do,Diverse,100% Biozutaten,6x100g,27.927000000000003,1.8270000000000017,7
35360,Indien Gold Broken,Lebensbaum,Indien,EG-Bio,6x250g,32.0358,2.0958000000000006,7
699687,Indien Gold Schwarztee - Tbt,Lebensbaum,Indien,EG-Bio,12x20x2g,17.334,1.1340000000000003,7
534991,Mama Afrika Schwarztee WFTO,Cha Do,Tansania,EG-Bio,10x250g,51.895,3.395000000000003,7
699586,Ostfriesen Mischung Schwarztee - Tbt,Lebensbaum,Indien,EG-Bio,"12x20x1,75g",21.0576,1.377600000000001,7
35461,Ostfriesentee Broken - lose,Lebensbaum,Indien,EG-Bio,kg,19.441900000000004,1.2719000000000023,7
35460,Ostfriesentee Broken,Lebensbaum,Indien,EG-Bio,6x100g,18.104400000000002,1.1844000000000001,7
35462,Ostfriesentee Broken,Lebensbaum,Indien,EG-Bio,6x250g,39.6114,2.5914,7
35192,Schwarztee Darjeeling WFTO FairTrade - Tbt,Cha Do,Indien,EG-Bio,"12x20x1,5g",17.976000000000003,1.176000000000002,7
635089,Teeaktion Darjeeling First Flush Schwarztee,Ökotopia,Indien,EG-Bio,8x250g,69.5072,4.547200000000004,7
534976,Wildtee Golden Banana Schwarztee WFTO,Cha Do,Vietnam,EG-Bio,5x75g,19.26,1.2600000000000016,7
536423,Wildtee Laos Golden Seylom WFTO,Cha Do,Laos,EG-Bio,10x200g,51.895,3.395000000000003,7
635111,[ECHT BIO.] Darjeeling Grüntee,Ökotopia,Indien,Naturland,500g,14.252400000000002,0.9324000000000012,7
35180,China Gunpowder Grüntee WFTO,Cha Do,Volksrepublik China,EG-Bio,10x250g,51.895,3.395000000000003,7
635099,China Gunpowder Grüntee,Ökotopia,Volksrepublik China,EG-Bio,5x250g,26.6965,1.746500000000001,7
536081,China Jasmintee Grüntee WFTO,Cha Do,Volksrepublik China,EG-Bio,10x200g,51.895,3.395000000000003,7
635097,China Lung Ching Grüntee,Ökotopia,Volksrepublik China,EG-Bio,5x50g,17.227000000000004,1.1270000000000024,7
635098,China Sencha Grüntee,Ökotopia,Volksrepublik China,EG-Bio,5x100g,15.996500000000001,1.0465000000000018,7
699585,Darjeeling Grüntee - Tbt,Lebensbaum,Indien,Demeter (Deutschland),"12x20x1,5g",24.9096,1.6296,7
35178,Darjeeling Grüntee WFTO,Cha Do,Indien,EG-Bio,10x200g,51.895,3.395000000000003,7
635096,Darjeeling Grüntee,Ökotopia,Volksrepublik China,EG-Bio,5x75g,18.19,1.1900000000000013,7
635704,Der blumige Jasmintee Grüntee - Tbt,Sonnentor,Diverse,100% Biozutaten,"6x18x1,5g",16.2426,1.0625999999999998,7
35667,Der blumige Jasmintee,Sonnentor,Volksrepublik China,100% Biozutaten,6x100g,22.791,1.4909999999999997,7
697937,Der herbe Sencha Grüntee,Sonnentor,Volksrepublik China,EG-Bio,6x70g,17.7192,1.159200000000002,7
685245,Die frische Lady Green Tee,Sonnentor,Diverse,100% Biozutaten,6x90g,18.8748,1.2348,7
685285,Die frische Lady Grüntee - Tbt,Sonnentor,Diverse,EG-Bio,"6x18x1,2g",16.2426,1.0625999999999998,7
635400,Earl Grün - Tbt,Lebensbaum,Diverse,100% Biozutaten,"6x20x1,5g",15.087,0.9870000000000001,7
35637,Feinster Chinesischer Grüntee,Sonnentor,Volksrepublik China,EG-Bio,6x100g,18.8748,1.2348,7
635114,Golden Matcha,Ökotopia,Japan,100% Biozutaten,5x50g,25.198500000000003,1.648500000000002,7
536184,Grüne Energie - Tbt,Yogi Tea,Diverse,100% Biozutaten,"6x17x1,8g",13.610400000000002,0.8904000000000014,7
536183,Grüne Harmonie - Tbt,Yogi Tea,Diverse,100% Biozutaten,"6x17x1,8g",13.610400000000002,0.8904000000000014,7
536185,Grüner Morgen - Tbt,Yogi Tea,Diverse,100% Biozutaten,"6x17x1,8g",13.610400000000002,0.8904000000000014,7
701806,Grüner Tee Sencha - Tbt,Bio Company,Volksrepublik China,EG-Bio,5x30g,7.2225,0.47250000000000014,7
686460,Grüner Tee,Cha Do,Volksrepublik China,Naturland,6x200g,23.112000000000002,1.5120000000000005,7
536186,Grüntee - Ingwer Zitrone - Tbt,Yogi Tea,Diverse,100% Biozutaten,"6x17x1,8g",13.610400000000002,0.8904000000000014,7
536746,Grüntee - Matcha Zitrone - Tbt,Yogi Tea,Diverse,100% Biozutaten,"6x17x1,8g",13.610400000000002,0.8904000000000014,7
698899,Grüntee China Chun Mee Blatt,Lebensbaum,Volksrepublik China,EG-Bio,6x75g,14.316600000000001,0.9366000000000003,7
35423,Grüntee Darjeeling Ambootia Blatt,Lebensbaum,Indien,Demeter (Deutschland),6x50g,18.104400000000002,1.1844000000000001,7
536028,Grüntee Darjeeling Blatt - lose,Lebensbaum,Indien,EG-Bio,kg,30.9765,2.026500000000002,7
35358,Grüntee Earl Grey,Lebensbaum,Volksrepublik China,98%,6x50g,14.316600000000001,0.9366000000000003,7
35371,Grüntee Gunpowder Blatt - lose,Lebensbaum,Volksrepublik China,EG-Bio,kg,21.0148,1.3748000000000005,7
35370,Grüntee Gunpowder Blatt,Lebensbaum,Volksrepublik China,EG-Bio,6x100g,16.2426,1.0625999999999998,7
699514,Grüntee Ingwer-Zitrone - Tbt,Lebensbaum,Diverse,100% Biozutaten,"12x20x2,0g",20.287200000000002,1.3272000000000013,7
35373,Grüntee Jasmin - lose,Lebensbaum,Volksrepublik China,100% Biozutaten,kg,36.4549,2.384900000000002,7
35368,Grüntee Jasmin,Lebensbaum,Volksrepublik China,100% Biozutaten,6x75g,20.0304,1.3104000000000013,7
699628,Grüntee Marokkanische Minze - Tbt,Lebensbaum,Diverse,100% Biozutaten,"12x20x2,0g",20.287200000000002,1.3272000000000013,7
699526,Grüntee Sencha - Tbt,Lebensbaum,Volksrepublik China,EG-Bio,"12x20x1,5g",18.8748,1.2348,7
35343,Grüntee Sencha,Lebensbaum,Volksrepublik China,EG-Bio,6x75g,14.316600000000001,0.9366000000000003,7
697537,Happiness is - Frieden finden - Tbt,Sonnentor,Diverse,100% Biozutaten,"6x18x1,5g",16.948800000000002,1.1088000000000022,7
699853,Hojicha Gerösteter Pulvertee,Arche,Japan,100% Biozutaten,6x25g,39.162000000000006,2.5620000000000047,7
635109,Honeybush,Ökotopia,Südafrika,EG-Bio,5x100g,16.05,1.0500000000000007,7
635106,Japan Bancha Grüntee,Ökotopia,Japan,EG-Bio,4x75g,23.9252,1.5652000000000008,7
635105,Japan Gyokuro Grüntee,Ökotopia,Japan,EG-Bio,5x50g,45.42150000000001,2.971500000000006,7
635104,Japan Sencha Grüntee,Ökotopia,Japan,EG-Bio,4x75g,25.123600000000003,1.6436000000000028,7
635401,Jasmin Grüntee - Tbt,Lebensbaum,Diverse,100% Biozutaten,"6x20x1,5g",15.087,0.9870000000000001,7
35164,Jasmin Grüntee WFTO,Cha Do,Volksrepublik China,100% Biozutaten,5x100g,20.330000000000002,1.3300000000000018,7
635095,Jasmin Grüntee,Ökotopia,Volksrepublik China,EG-Bio,5x100g,17.3875,1.1374999999999993,7
536089,Korea Garucha Grüntee Matcha Pulver - Dose,Cha Do,ROK,EG-Bio,6x30g,43.977000000000004,2.8770000000000024,7
686459,Korea Garucha Grüntee Matcha Pulver,Cha Do,ROK,EG-Bio,3x100g,52.965,3.4650000000000034,7
690509,Kyoto Matcha Pulvertee,Arche,Japan,EG-Bio,30g,16.5208,1.0808000000000018,7
698112,Matcha Grünteepulver,Terrasana,Diverse,EG-Bio,3x30g,33.8655,2.2154999999999987,7
686489,Matcha Latte Pulver,Cha Do,ROK,EG-Bio,5x200g,48.096500000000006,3.146500000000003,7
635113,Matcha Midori,Ökotopia,Japan,EG-Bio,5x30g,40.8205,2.670500000000004,7
536129,Matcha Pulvertee,Arche,Japan,EG-Bio,30g,11.5453,0.7553000000000001,7
699852,Mix for Hojicha Latte,Arche,Diverse,100% Biozutaten,6x150g,52.323,3.423000000000002,7
690510,Mix for Matcha Latte Pulver,Arche,Diverse,EG-Bio,150g,10.0152,0.6552000000000007,7
635112,Pai Mu Tan weißer Tee,Ökotopia,Volksrepublik China,EG-Bio,5x150g,39.162000000000006,2.5620000000000047,7
635107,Pai Mu Tan Weißer Tee,Ökotopia,Volksrepublik China,EG-Bio,5x40g,16.6385,1.0884999999999998,7
698118,Provinz Hunan - Bai Mu Dan weißer Tee,Lebensbaum,Volksrepublik China,EG-Bio,6x30g,26.322000000000003,1.7220000000000013,7
635707,Purer Chinesischer Grüntee - Tbt,Sonnentor,Volksrepublik China,EG-Bio,"6x18x1,5g",16.2426,1.0625999999999998,7
686461,Schwarzer Tee,Cha Do,Indien,Naturland,6x200g,23.112000000000002,1.5120000000000005,7
635082,Sencha Supergreen Grüntee - Tbt,Ökotopia,Volksrepublik China,EG-Bio,"8x20x1,8g",17.8904,1.1704000000000008,7
35533,Sencha,Arche,Japan,EG-Bio,6x75g,31.458000000000002,2.0580000000000034,7
635087,Weiße Jasminblüte - Tbt,Ökotopia,Volksrepublik China,100% Biozutaten,"8x20x1,8g",17.8904,1.1704000000000008,7
35680,Weißer Tee Pai Mu Tan,Sonnentor,Volksrepublik China,EG-Bio,6x40g,20.865000000000002,1.365000000000002,7
635108,White Monkey Weißer Tee,Ökotopia,Volksrepublik China,EG-Bio,5x50g,18.511000000000003,1.211000000000002,7
536330,Wildtee Vietnam Suoi Bu Grüntee WFTO,Cha Do,Vietnam,EG-Bio,6x200g,31.137000000000004,2.0370000000000026,7
697670,Advent Tee - Tbt,Sonnentor,Diverse,100% Biozutaten,"6x18x2,8g",16.948800000000002,1.1088000000000022,7
35385,Apfel,Lebensbaum,Deutschland,Demeter (Deutschland),6x100g,17.7192,1.159200000000002,7
35351,Apfeltee - lose,Lebensbaum,Deutschland,Demeter (Deutschland),kg,23.1976,1.5176000000000016,7
635261,Aronia Tee DEMETER,Aronia Original,Deutschland,Demeter (Deutschland),6x150g,19.902,1.3019999999999996,7
699685,Beeren - Waldmeister - Tbt,Lebensbaum,Diverse,100% Biozutaten,"5x20x2,0g",12.572500000000002,0.8225000000000016,7
35331,Beeren Waldmeister - lose,Lebensbaum,Diverse,100% Biozutaten,6x75g,17.7192,1.159200000000002,7
697671,Bratapfel Tee - Tbt,Sonnentor,Diverse,100% Biozutaten,"6x18x2,5g",16.948800000000002,1.1088000000000022,7
699748,Cold Brew Tee Fruchtiger Apfel - Tbt,Lebensbaum,Diverse,100% Biozutaten,"5x20x2,0g",12.572500000000002,0.8225000000000016,7
699749,Cold Brew Tee Weißer Hibiskus - Tbt,Lebensbaum,Diverse,100% Biozutaten,"5x20x2,0g",12.572500000000002,0.8225000000000016,7
698527,Durststiller Früchte Tee BioBengelchen - Tbt,Sonnentor,Diverse,100% Biozutaten,"6x18x1,8g",17.7192,1.159200000000002,7
699752,Früchtetee - Tbt,Lebensbaum,Diverse,100% Biozutaten,"12x20x2,0g",24.9096,1.6296,7
699270,Früchtetee - Tbt,Lebensbaum,Diverse,100% Biozutaten,"8x20x2,5g",16.6064,1.0864000000000011,7
35345,Früchtetee,Lebensbaum,Diverse,EG-Bio,6x100g,15.857400000000002,1.0374000000000017,7
536052,Früchtetraum - Tbt,Sonnentor,Diverse,100% Biozutaten,"6x18x2,5g",16.948800000000002,1.1088000000000022,7
35620,Früchtetraum,Sonnentor,Diverse,100% Biozutaten,6x100g,18.8748,1.2348,7
699031,Fruchtiger Frühling - Tbt,Lebensbaum,Diverse,100% Biozutaten,6x20x2g,15.087,0.9870000000000001,7
35319,Granatapfel Orange,Lebensbaum,Diverse,100% Biozutaten,6x75g,17.7192,1.159200000000002,7
699574,Granatapfel-Orange - Tbt,Lebensbaum,Diverse,100% Biozutaten,12x20x2g,26.450400000000002,1.730400000000003,7
699512,Hagebutte mit Hibiskus - Tbt,Lebensbaum,Diverse,100% Biozutaten,"12x20x2,5g",20.287200000000002,1.3272000000000013,7
35398,Hagebutte,Lebensbaum,BIH,EG-Bio,6x100g,15.087,0.9870000000000001,7
35403,Hibiskus,Lebensbaum,Ägypten,Demeter (Deutschland),6x50g,15.087,0.9870000000000001,7
35771,Hibiskus,Sonnentor,Österreich,EG-Bio,6x80g,16.948800000000002,1.1088000000000022,7
697672,Himmlischer Christkindl Tee - Tbt,Sonnentor,Diverse,100% Biozutaten,"6x18x1,5g",16.948800000000002,1.1088000000000022,7
697666,Himmlischer Christkindl Tee,Sonnentor,Diverse,100% Biozutaten,6x60g,18.8748,1.2348,7
699271,Janosch Süßschnabeltee - Tbt,Lebensbaum,Diverse,100% Biozutaten,"8x20x2,0g",15.921600000000002,1.0416000000000007,7
635434,Janosch Waldbärentee - Tbt,Lebensbaum,Diverse,100% Biozutaten,"8x20x2,0g",16.6064,1.0864000000000011,7
697673,Kaminknistern Früchtetee Tee - Tbt,Sonnentor,Diverse,100% Biozutaten,"6x18x2,5g",16.948800000000002,1.1088000000000022,7
697667,Kaminknistern Früchtetee,Sonnentor,Diverse,100% Biozutaten,6x100g,18.8748,1.2348,7
35355,Kinder-Früchtetee - lose,Lebensbaum,Diverse,Demeter (Deutschland),kg,19.2707,1.2607,7
536053,"Laune gut, alles gut - Früchtetee - Tbt",Sonnentor,Diverse,100% Biozutaten,"6x18x2,5g",16.948800000000002,1.1088000000000022,7
35330,Leckermäulchen Tee,Lebensbaum,Diverse,100% Biozutaten,6x100g,18.8748,1.2348,7
697674,Lichterglanz Kräutertee Tee - Tbt,Sonnentor,Diverse,100% Biozutaten,"6x18x1,5g",16.948800000000002,1.1088000000000022,7
697668,Lichterglanz Kräutertee,Sonnentor,Diverse,100% Biozutaten,6x45g,18.8748,1.2348,7
699053,Orangen Früchtetee - Tbt,Sonnentor,Diverse,100% Biozutaten,"6x18x1,8g",17.7192,1.159200000000002,7
635088,Sanddorn Orange - Tbt,Ökotopia,Diverse,100% Biozutaten,"8x20x2,5g",17.8904,1.1704000000000008,7
699575,Sanddorn-Cranberry - Tbt,Lebensbaum,Diverse,100% Biozutaten,"12x20x2,5g",26.450400000000002,1.730400000000003,7
697675,Winternacht Tee - Tbt,Sonnentor,Diverse,100% Biozutaten,"6x18x2,5g",16.948800000000002,1.1088000000000022,7
697669,Winternacht Tee,Sonnentor,Diverse,100% Biozutaten,6x100g,18.8748,1.2348,7
699692,Zeit zum Durchstarten - Tbt,Lebensbaum,Diverse,100% Biozutaten,5x20x2g,12.572500000000002,0.8225000000000016,7
699577,Zeit zum Krafttanken - Tbt,Lebensbaum,Diverse,100% Biozutaten,5x20x2g,12.572500000000002,0.8225000000000016,7
635074,3 Fenchel Tee - Tbt,Allos,Diverse,100% Biozutaten,4x20x2g,10.2292,0.6692,7
699051,3 Minze Tee - Tbt,Sonnentor,Diverse,100% Biozutaten,"6x18x1,2g",15.7932,1.0332000000000008,7
699050,3 Minze Tee,Sonnentor,Diverse,100% Biozutaten,6x50g,17.7192,1.159200000000002,7
599180,7 Kräuter Bitter Tee,Doc Phytolabor Nature's,Diverse,100% Biozutaten,6x75g,38.52,2.520000000000003,7
536145,Abend - Tbt,Yogi Tea,Diverse,100% Biozutaten,"6x17x1,8g",13.610400000000002,0.8904000000000014,7
536051,Abendtee - Tbt,Sonnentor,Diverse,100% Biozutaten,"6x18x1,5g",16.948800000000002,1.1088000000000022,7
35619,Abendtee,Sonnentor,Diverse,100% Biozutaten,6x50g,19.1316,1.2515999999999998,7
699704,Abendtraum - Tbt,Lebensbaum,Diverse,100% Biozutaten,"12x20x1,5g",21.0576,1.377600000000001,7
35379,Abendtraum,Lebensbaum,Diverse,100% Biozutaten,6x75g,17.7192,1.159200000000002,7
582293,After Dinner - Tbt,PUKKA,Diverse,100% Biozutaten,4x20x2g,8.988000000000001,0.588000000000001,7
536040,Alles Liebe Kräutertee - Tbt,Sonnentor,Diverse,100% Biozutaten,"6x18x1,5g",16.2426,1.0625999999999998,7
35625,Alles Liebe Kräutertee,Sonnentor,Diverse,100% Biozutaten,6x50g,18.8748,1.2348,7
699579,Almkräuter - Tbt,Lebensbaum,Diverse,100% Biozutaten,"12x20x1,5g",22.470000000000002,1.4700000000000024,7
635305,Almkräuter,Lebensbaum,Diverse,100% Biozutaten,6x30g,13.9314,0.9114000000000004,7
35921,Anis-Fenchel-Kümmel Tee - Tbt,Herbaria,Diverse,100% Biozutaten,6x15Stück,12.84,0.8399999999999999,7
35926,Anis-Fenchel-Kümmel,Herbaria,Diverse,100% Biozutaten,6x200g,30.7518,2.011800000000001,7
35602,Apfelminze,Sonnentor,Diverse,EG-Bio,6x50g,16.948800000000002,1.1088000000000022,7
536164,Atemtee - Tbt,Yogi Tea,Diverse,100% Biozutaten,"6x17x1,8g",13.610400000000002,0.8904000000000014,7
698633,Bald Mami Tee BioBengelchen - Tbt,Sonnentor,Diverse,100% Biozutaten,"6x18x1,2g",16.948800000000002,1.1088000000000022,7
697964,Basen Fastenzeit Tee - Tbt,Sonnentor,Diverse,100% Biozutaten,"6x18x1,5g",16.2426,1.0625999999999998,7
697476,Basen Fastenzeit Tee,Sonnentor,Diverse,100% Biozutaten,6x50g,18.8748,1.2348,7
35690,Basen Kräutertee,Sonnentor,Diverse,100% Biozutaten,6x50g,19.6452,1.2851999999999997,7
533439,Basen-Aktiv Mariendistel-Löwenzahn - Tbt,Salus,Diverse,100% Biozutaten,"6x40x1,8g",32.9346,2.154600000000002,7
635587,Basen-Kräutertee - Tbt,Sonnentor,Diverse,100% Biozutaten,"6x18x1,5g",17.7192,1.159200000000002,7
36049,Basen-Tee,Herbaria,Diverse,100% Biozutaten,6x60g,16.692,1.0920000000000005,7
635745,Basenkräuter Tee - Tbt,Lebensbaum,Diverse,100% Biozutaten,"8x20x1,5g",14.0384,0.9184000000000001,7
698880,Basenkräutertee - lose,Lebensbaum,Diverse,100% Biozutaten,6x60g,15.087,0.9870000000000001,7
697272,Basische Kräuter - Tbt,Yogi Tea,Diverse,100% Biozutaten,"6X17X2,1G",13.610400000000002,0.8904000000000014,7
35843,Bauchgefühl - Tbt,Sonnentor,Diverse,100% Biozutaten,6x18Stück,16.948800000000002,1.1088000000000022,7
699866,Bergkräuter - Tbt,Sonnentor,Diverse,100% Biozutaten,"6x18x1,5g",16.948800000000002,1.1088000000000022,7
699926,Bergkräuter - Tbt,Lebensbaum,Österreich,100% Biozutaten,"8x20x1,5g",17.548,1.1479999999999997,7
699869,Bergkräuter,Sonnentor,Diverse,100% Biozutaten,6x70g,19.1316,1.2515999999999998,7
699341,Bittertee Natürlich BITTER - Tbt,Sonnentor,Diverse,100% Biozutaten,"6x18x1,8g",16.948800000000002,1.1088000000000022,7
635446,Blütenkuss - Tbt,Lebensbaum,Diverse,100% Biozutaten,"8x20x1,5g",15.151200000000001,0.991200000000001,7
35657,Blütenmischung,Sonnentor,Diverse,100% Biozutaten,6x40g,19.6452,1.2851999999999997,7
35659,Brennessel,Sonnentor,Diverse,EG-Bio,6x50g,16.948800000000002,1.1088000000000022,7
35944,Brennesselkraut,Herbaria,Deutschland,EG-Bio,6x50g,18.564,2.9640000000000004,19
536715,Brennesseltee - Tbt,Sonnentor,Diverse,EG-Bio,"6x18x1,8g",15.087,0.9870000000000001,7
699486,Brennnessel Zitrone - Tbt,Sonnentor,Diverse,100% Biozutaten,"6x18x1,2g",15.7932,1.0332000000000008,7
699525,Brennnessel-Zitrone - Tbt,Lebensbaum,Diverse,100% Biozutaten,"12x20x1,5g",21.0576,1.377600000000001,7
698881,Brennnesseltee - lose,Lebensbaum,Diverse,EG-Bio,6x50g,16.948800000000002,1.1088000000000022,7
685789,Cistus Granatapfel Kräutertee - Tbt,Salus,Diverse,100% Biozutaten,6x15x2g,20.7774,3.3173999999999992,19
685787,Cistus Kräutertee - Tbt,Salus,Diverse,EG-Bio,"6x15x1,6g",21.277199999999997,3.397199999999998,19
534612,Cistus Kräutertee,Salus,Diverse,100% Biozutaten,6x100g,36.1998,5.779800000000002,19
534613,Cistus Salbei Kräutertee - Tbt,Salus,Diverse,100% Biozutaten,"6x15x1,7g",20.7774,3.3173999999999992,19
685784,Cistus Thymian Tee - Tbt,Salus,Diverse,100% Biozutaten,"6x15x1,7g",20.7774,3.3173999999999992,19
35388,Citronella,Lebensbaum,Deutschland,100% Biozutaten,6x75g,17.7192,1.159200000000002,7
699747,Cold Brew Tee Süße Kräuter - Tbt,Lebensbaum,Diverse,100% Biozutaten,"5x20x2,0g",12.572500000000002,0.8225000000000016,7
536055,Dankeschön Tee - Tbt,Sonnentor,Diverse,100% Biozutaten,"6x18x1,5g",16.948800000000002,1.1088000000000022,7
699751,DISPLAY - Cold Brew Tee,Lebensbaum,Diverse,100% Biozutaten,Display,181.044,11.844000000000023,7
699083,DISPLAY - Fasten,Sonnentor,Diverse,100% Biozutaten,Display,196.83720000000002,12.877200000000016,7
699618,DISPLAY - Frühlingstee,Lebensbaum,Diverse,100% Biozutaten,Display,47.98950000000001,3.1395000000000053,7
699212,DISPLAY - GuTEE Besserung,Sonnentor,Diverse,100% Biozutaten,Display,215.92600000000002,14.126000000000005,7
582263,Drei Ingwer - Tbt,PUKKA,Diverse,100% Biozutaten,"4x20x1,8g",8.988000000000001,0.588000000000001,7
582237,Drei Kamille - Tbt,PUKKA,Diverse,100% Biozutaten,"4x20x1,5g",8.988000000000001,0.588000000000001,7
582262,Drei Minze - Tbt,PUKKA,Diverse,100% Biozutaten,"4x20x1,6g",8.988000000000001,0.588000000000001,7
35653,Druidentrank,Sonnentor,Diverse,100% Biozutaten,6x50g,18.8748,1.2348,7
698783,Durchatmen im Wald - Tbt,Sonnentor,Diverse,100% Biozutaten,"6x18x1,2g",16.2426,1.0625999999999998,7
699488,Durchatmen im Wald Tee - lose,Sonnentor,Diverse,100% Biozutaten,6x50g,18.8748,1.2348,7
536175,Echinacea - Tbt,Yogi Tea,Diverse,100% Biozutaten,"6x17x1,8g",13.610400000000002,0.8904000000000014,7
635068,Entspannung - Tbt,Allos,Diverse,100% Biozutaten,"4x20x1,5g",10.2292,0.6692,7
685241,Entspannungszeit Tee - Tbt,Sonnentor,Diverse,100% Biozutaten,6x18x1g,16.2426,1.0625999999999998,7
35664,Erfrischungstee,Sonnentor,Diverse,100% Biozutaten,6x50g,18.8748,1.2348,7
35997,Eva Aschenbrenner 6er Tee - Tbt,Herbaria,Diverse,100% Biozutaten,6x15Stück,23.754,1.554000000000002,7
35999,Eva Aschenbrenner 6er Tee,Herbaria,Diverse,100% Biozutaten,6x100g,34.026,2.2260000000000026,7
35998,Eva Aschenbrenner 6er Tee,Herbaria,Diverse,100% Biozutaten,6x175g,45.582,2.9819999999999993,7
536050,Familientee,Sonnentor,Diverse,100% Biozutaten,4x130g,20.0304,1.3104000000000013,7
699929,Fastenkräuter - Tbt,Lebensbaum,Diverse,100% Biozutaten,"8x20x1,5g",15.065600000000002,0.9856000000000016,7
536169,Feel Pure - Tbt,Yogi Tea,Diverse,100% Biozutaten,"6x17x1,8g",13.610400000000002,0.8904000000000014,7
536182,Feel Pure - Zitrone - Tbt,Yogi Tea,Diverse,100% Biozutaten,"6x17x1,8g",13.610400000000002,0.8904000000000014,7
699694,Fenchel - Tbt,Lebensbaum,Diverse,EG-Bio,"12x20x2,5g",17.334,1.1340000000000003,7
701810,Fenchel Anis Kümmel - Tbt,Bio Company,Diverse,100% Biozutaten,5x40g,8.56,0.5600000000000005,7
699572,Fenchel Anis Kümmeltee - Tbt,Lebensbaum,Diverse,100% Biozutaten,"12x20x2,5g",21.0576,1.377600000000001,7
35950,Fenchel ganz,Herbaria,Deutschland,EG-Bio,6x100g,22.149,1.4490000000000016,7
529534,Fenchel-Anis-Kümmel Tee - lose,Lebensbaum,Diverse,100% Biozutaten,6x175g,22.5984,1.4784000000000006,7
35329,Fenchel,Lebensbaum,Türkei,EG-Bio,6x150g,15.857400000000002,1.0374000000000017,7
701808,Fencheltee - Tbt,Bio Company,Diverse,EG-Bio,5x40g,8.8275,0.5775000000000006,7
536699,Fencheltee - Tbt,Sonnentor,Diverse,EG-Bio,"6x18x1,5g",15.087,0.9870000000000001,7
536177,Frauenbalance - Tbt,Yogi Tea,Diverse,100% Biozutaten,"6x17x1,8g",13.610400000000002,0.8904000000000014,7
699052,Frauenmantel - Tbt,Sonnentor,Diverse,EG-Bio,"6x18x1,2g",15.087,0.9870000000000001,7
536716,Frauenmantel,Sonnentor,Diverse,EG-Bio,6x40g,16.948800000000002,1.1088000000000022,7
536178,Frauenpower - Tbt,Yogi Tea,Diverse,100% Biozutaten,"6x17x1,8g",13.610400000000002,0.8904000000000014,7
686503,Frauentee - Tbt,Lebensbaum,Diverse,100% Biozutaten,6x20x2g,15.087,0.9870000000000001,7
35846,Frei von der Leber - Tbt,Sonnentor,Diverse,100% Biozutaten,6x18Stück,16.948800000000002,1.1088000000000022,7
697447,Frohe Ostern - Tbt,Sonnentor,Diverse,100% Biozutaten,"6x18x1,5g",16.948800000000002,1.1088000000000022,7
697448,Frohe Ostern,Sonnentor,Diverse,100% Biozutaten,6x60g,19.6452,1.2851999999999997,7
35844,Frosch im Hals - Tbt,Sonnentor,Diverse,100% Biozutaten,6x18Stück,16.948800000000002,1.1088000000000022,7
699291,Früchtetee Probier mal! - Tbt,Sonnentor,Diverse,100% Biozutaten,"6x20x2,42g",20.7366,1.3566000000000003,7
536059,Frühlingskuss - Tbt,Sonnentor,Diverse,100% Biozutaten,"6x18x1,5g",16.948800000000002,1.1088000000000022,7
35612,Frühlingskuss Kräutertee,Sonnentor,Diverse,100% Biozutaten,6x80g,19.6452,1.2851999999999997,7
699617,Frühlingszauber - Tbt,Lebensbaum,Indien,Demeter (Deutschland),12x20x2g,26.322000000000003,1.7220000000000013,7
35822,Geburtstagstee - Tbt,Sonnentor,Diverse,100% Biozutaten,6x18Stück,17.7192,1.159200000000002,7
35806,Geburtstagstee,Sonnentor,Diverse,100% Biozutaten,6x50g,19.6452,1.2851999999999997,7
685242,Geistesblitz Tee - Tbt,Sonnentor,Diverse,100% Biozutaten,"6x18x1,8g",16.2426,1.0625999999999998,7
536174,Glückstee - Tbt,Yogi Tea,Diverse,100% Biozutaten,"6x17x1,8g",13.610400000000002,0.8904000000000014,7
35810,Glückstee - Tbt,Sonnentor,Diverse,100% Biozutaten,6x18Stück,16.948800000000002,1.1088000000000022,7
35665,Glückstee,Sonnentor,Diverse,100% Biozutaten,6x50g,19.6452,1.2851999999999997,7
35383,Griechischer Bergtee,Lebensbaum,Diverse,EG-Bio,6x30g,18.8748,1.2348,7
96003,Griechischer Bergtee,Sonnentor,Griechenland,EG-Bio,6x40g,22.791,1.4909999999999997,7
635718,Grüne Neune - Tbt,Sonnentor,Diverse,100% Biozutaten,"6x18x1,5g",16.948800000000002,1.1088000000000022,7
35607,Grüner Hafer,Sonnentor,Diverse,EG-Bio,6x50g,16.948800000000002,1.1088000000000022,7
35952,Grüner Hafer,Herbaria,Deutschland,EG-Bio,6x75g,16.692,1.0920000000000005,7
699867,Gut Gewappnet - Tbt,Sonnentor,Diverse,100% Biozutaten,"6x18x1,5g",16.948800000000002,1.1088000000000022,7
635586,Gute Laune - Tbt,Sonnentor,Diverse,100% Biozutaten,"6x18x1,5g",16.948800000000002,1.1088000000000022,7
35605,Gute Laune Kräutertee,Sonnentor,Diverse,100% Biozutaten,6x50g,19.6452,1.2851999999999997,7
699587,Gute Nacht Tee - Tbt,Lebensbaum,Diverse,100% Biozutaten,"5x20x1,5g",12.572500000000002,0.8225000000000016,7
699208,GuTEE Besserung - Tbt,Sonnentor,Diverse,100% Biozutaten,"6x18x1,5g",16.948800000000002,1.1088000000000022,7
536013,Guten Morgen - Tbt,Sonnentor,Diverse,100% Biozutaten,"6x18x1,5g",16.948800000000002,1.1088000000000022,7
35623,Guten Morgen Kräutertee,Sonnentor,Diverse,100% Biozutaten,6x50g,19.6452,1.2851999999999997,7
699684,Halsschmeichler - Tbt,Lebensbaum,Diverse,100% Biozutaten,"5x20x1,5g",12.572500000000002,0.8225000000000016,7
536172,Halswärmer - Tbt,Yogi Tea,Diverse,100% Biozutaten,"6x17x1,8g",13.610400000000002,0.8904000000000014,7
35752,Hanfblätter,Sonnentor,Diverse,EG-Bio,6x40g,16.948800000000002,1.1088000000000022,7
697439,Happiness is - Aufblühen - Tbt,Sonnentor,Diverse,100% Biozutaten,"6x18x1,5g",16.948800000000002,1.1088000000000022,7
698889,Happiness Is - Familienzeit,Sonnentor,Diverse,100% Biozutaten,"6x18x1,5g",16.948800000000002,1.1088000000000022,7
697440,Happiness is - Frau sein - Tbt,Sonnentor,Diverse,100% Biozutaten,"6x18x1,7g",16.948800000000002,1.1088000000000022,7
698179,Happiness is - Gute Nacht - Tbt,Sonnentor,Diverse,100% Biozutaten,"6x18x1,5g",16.948800000000002,1.1088000000000022,7
698888,Happiness Is - Im Regen Tanzen,Sonnentor,Diverse,100% Biozutaten,"6x18x1,5g",16.948800000000002,1.1088000000000022,7
698891,Happiness is - Probier mal! - Tbt,Sonnentor,Diverse,100% Biozutaten,"6x31,4g",20.7366,1.3566000000000003,7
697437,Happiness is - Pure Leichtigkeit - Tbt,Sonnentor,Diverse,100% Biozutaten,"6x18x1,7g",16.948800000000002,1.1088000000000022,7
697438,Happiness is - Wild sein - Tbt,Sonnentor,Diverse,100% Biozutaten,"6x18x1,5g",16.948800000000002,1.1088000000000022,7
35341,Haustee - lose,Lebensbaum,Diverse,100% Biozutaten,750g,20.9934,1.3734000000000002,7
35410,Haustee,Lebensbaum,Diverse,100% Biozutaten,6x100g,19.6452,1.2851999999999997,7
35954,Himbeerblätter,Herbaria,Deutschland,EG-Bio,6x50g,16.6278,1.0878000000000014,7
699513,Holunder-Minze - Tbt,Lebensbaum,Diverse,100% Biozutaten,"12x20x1,5g",21.0576,1.377600000000001,7
582272,Holunderbeere & Echinacea - Tbt,PUKKA,Diverse,100% Biozutaten,4x20x2g,8.988000000000001,0.588000000000001,7
536718,Holunderblütentee - Tbt,Sonnentor,Tschechische Republik,EG-Bio,"6x18x1,5g",17.7192,1.159200000000002,7
535866,Holunderblütentee,Sonnentor,Diverse,EG-Bio,6x80g,23.561400000000003,1.541400000000003,7
697577,Im Wechsel - Tbt,Sonnentor,Diverse,100% Biozutaten,"6x18x1,5g",16.948800000000002,1.1088000000000022,7
35847,In der Regel - Tbt,Sonnentor,Diverse,100% Biozutaten,6x18Stück,16.948800000000002,1.1088000000000022,7
699703,Ingwer - Tbt,Lebensbaum,Diverse,EG-Bio,"12x20x1,5g",24.9096,1.6296,7
536181,Ingwer - Tbt,Yogi Tea,Diverse,100% Biozutaten,"6x17x1,8g",13.610400000000002,0.8904000000000014,7
699928,Ingwer Minze - Tbt,Lebensbaum,Diverse,100% Biozutaten,"8x20x1,5g",15.065600000000002,0.9856000000000016,7
699690,Ingwer Orange - Tbt,Lebensbaum,Diverse,100% Biozutaten,"12x20x1,5g",24.9096,1.6296,7
536180,Ingwer-Orange mit Vanille - Tbt,Yogi Tea,Diverse,100% Biozutaten,"6x17x1,8g",13.610400000000002,0.8904000000000014,7
536170,Ingwer-Zitrone - Tbt,Yogi Tea,Diverse,100% Biozutaten,"6x17x1,8g",13.610400000000002,0.8904000000000014,7
697282,Innere Harmonie - Tbt,Yogi Tea,Diverse,100% Biozutaten,"6x17x1,8g",13.610400000000002,0.8904000000000014,7
635459,Janosch Faulenzertee - Tbt,Lebensbaum,Diverse,100% Biozutaten,"8x20x1,5g",16.6064,1.0864000000000011,7
635462,Janosch Tigertee - Tbt,Lebensbaum,Diverse,100% Biozutaten,"8x20x1,5g",16.6064,1.0864000000000011,7
35708,Johanniskraut,Sonnentor,Diverse,EG-Bio,6x60g,16.948800000000002,1.1088000000000022,7
699515,Kamille - Tbt,Lebensbaum,Diverse,Demeter (Deutschland),"12x20x1,5g",17.334,1.1340000000000003,7
635752,Kamille - Tbt,Sonnentor,Diverse,EG-Bio,"6x18x0,8g",15.087,0.9870000000000001,7
635067,Kamille Tee - Tbt,Allos,Diverse,EG-Bio,"4x20x1,5g",10.2292,0.6692,7
35472,Kamille,Lebensbaum,Diverse,EG-Bio,6x80g,19.6452,1.2851999999999997,7
35957,Kamillenblüten,Herbaria,Deutschland,EG-Bio,6x50g,19.195800000000002,1.2558000000000007,7
701802,Kamillentee - Tbt,Bio Company,Diverse,EG-Bio,5x30g,7.971500000000001,0.5215000000000005,7
35608,Kamillentee,Sonnentor,Diverse,EG-Bio,6x50g,16.948800000000002,1.1088000000000022,7
35787,Käsepappel - Blaue Malve,Sonnentor,Diverse,EG-Bio,6x50g,16.948800000000002,1.1088000000000022,7
582258,Klar - Tbt,PUKKA,Diverse,100% Biozutaten,"4x20x1,8g",8.988000000000001,0.588000000000001,7
536173,Klarer Geist - Tbt,Yogi Tea,Diverse,100% Biozutaten,"6x17x1,8g",13.610400000000002,0.8904000000000014,7
685243,Kraftschöpfer Tee - Tbt,Sonnentor,Diverse,100% Biozutaten,"6x18x1,3g",16.2426,1.0625999999999998,7
701804,Kräutertee - Tbt,Bio Company,Diverse,100% Biozutaten,5x30g,7.4365000000000006,0.4865000000000004,7
698521,Kräutertee Probier mal! - Tbt,Sonnentor,Diverse,100% Biozutaten,"6x20x1,425g",20.7366,1.3566000000000003,7
582322,Kräutertee Selektion - Tbt,PUKKA,Diverse,100% Biozutaten,"4x20x1,45g",8.988000000000001,0.588000000000001,7
699576,Kräutertraum - Tbt,Lebensbaum,Diverse,100% Biozutaten,"12x20x1,5g",21.0576,1.377600000000001,7
35411,Kräutertraum,Lebensbaum,Diverse,100% Biozutaten,6x50g,13.9314,0.9114000000000004,7
582290,Kurkuma Ingwer Orange - Tbt,PUKKA,Diverse,100% Biozutaten,"4x20x1,8g",8.988000000000001,0.588000000000001,7
698638,Kutz Kutz für die Kleinen Tee BioBengelchen - Tbt,Sonnentor,Diverse,100% Biozutaten,"6x18x1,2g",16.948800000000002,1.1088000000000022,7
35681,Kutz-Kutz Tee,Sonnentor,Diverse,100% Biozutaten,6x50g,19.6452,1.2851999999999997,7
536041,Kutz-Kutz-Kräuter - Tbt,Sonnentor,Österreich,100% Biozutaten,"6x18x1,5g",16.948800000000002,1.1088000000000022,7
699923,Lass laufen Tee - Tbt,Sonnentor,Diverse,100% Biozutaten,"6x18x1,5g",16.948800000000002,1.1088000000000022,7
35707,Lavendelblütentee,Sonnentor,Diverse,EG-Bio,6x70g,20.7366,1.3566000000000003,7
536179,Lebensfreude - Tbt,Yogi Tea,Diverse,100% Biozutaten,"6x17x1,8g",13.610400000000002,0.8904000000000014,7
536154,Lemon Mint - Tbt,Yogi Tea,Diverse,100% Biozutaten,"6x17x1,8g",13.610400000000002,0.8904000000000014,7
635069,Lieblicher Thymian - Tbt,Allos,Diverse,100% Biozutaten,"4x20x1,6g",10.2292,0.6692,7
536697,Lindenblüten - Tbt,Sonnentor,Tschechische Republik,EG-Bio,"6x18x1,5g",17.7192,1.159200000000002,7
35960,Lindenblüten,Herbaria,Deutschland,EG-Bio,6x75g,27.927000000000003,1.8270000000000017,7
35601,Lindenblütentee,Sonnentor,Diverse,EG-Bio,6x35g,18.8748,1.2348,7
535941,Loslassen Kräutertee - Tbt,Sonnentor,Diverse,100% Biozutaten,"6x18x1,5g",16.948800000000002,1.1088000000000022,7
35737,Loslassen Kräutertee,Sonnentor,Diverse,100% Biozutaten,6x40g,19.6452,1.2851999999999997,7
698189,Löwenzahnblätter - Tbt,Sonnentor,Diverse,EG-Bio,"6x18x1,2g",15.087,0.9870000000000001,7
536171,Männertee - Tbt,Yogi Tea,Diverse,100% Biozutaten,"6x17x1,8g",13.610400000000002,0.8904000000000014,7
35418,Mate,Lebensbaum,Brasilien,EG-Bio,6x100g,16.948800000000002,1.1088000000000022,7
699877,Meine Momente - Tbt,Sonnentor,Diverse,100% Biozutaten,"6x18x1,2g",19.709400000000002,1.2894000000000005,7
699202,Melisse Verbene Lavendel - Tbt,Sonnentor,Diverse,100% Biozutaten,"6x18x1,3g",15.408000000000001,1.008000000000001,7
582324,Mint Matcha Green - Tbt,PUKKA,Diverse,100% Biozutaten,"4x20x1,5g",8.988000000000001,0.588000000000001,7
635086,Mittelmeerkräuter - Tbt,Ökotopia,Diverse,100% Biozutaten,"8x20x1,7g",17.8904,1.1704000000000008,7
699693,Morgengruß - Tbt,Lebensbaum,Diverse,100% Biozutaten,"12x20x1,5g",21.0576,1.377600000000001,7
35427,Morgengruß,Lebensbaum,Diverse,100% Biozutaten,6x100g,24.524400000000004,1.6044000000000018,7
582321,Morning Berry - Tbt,PUKKA,Diverse,100% Biozutaten,"4x20x1,7g",8.988000000000001,0.588000000000001,7
35849,Mütze voll Schlaf - Tbt,Sonnentor,Diverse,100% Biozutaten,6x18Stück,16.948800000000002,1.1088000000000022,7
35639,Mystischer Hexentee,Sonnentor,Diverse,100% Biozutaten,6x40g,19.6452,1.2851999999999997,7
536165,Nach dem Essen - Tbt,Yogi Tea,Diverse,100% Biozutaten,"6x17x1,8g",13.610400000000002,0.8904000000000014,7
536747,Natürliche Abwehr - Tbt,Yogi Tea,Diverse,100% Biozutaten,"6x17x2,0g",13.610400000000002,0.8904000000000014,7
699744,Neujahrstee - Tbt,Sonnentor,Diverse,100% Biozutaten,"6x18x1,2g",19.709400000000002,1.2894000000000005,7
582264,Night Time - Tbt,PUKKA,Diverse,100% Biozutaten,4x20x1g,8.988000000000001,0.588000000000001,7
582325,Night Time Berry - Tbt,PUKKA,Diverse,100% Biozutaten,"4x20x1,6g",8.988000000000001,0.588000000000001,7
699183,Nikolaus & Krampus Tee - Tbt,Sonnentor,Diverse,100% Biozutaten,"6x24x1,61g",22.791,1.4909999999999997,7
536058,Osterüberraschung - Tbt,Sonnentor,Diverse,100% Biozutaten,"6x18x1,5g",16.948800000000002,1.1088000000000022,7
582307,Peace - Tbt,PUKKA,Diverse,100% Biozutaten,"4x20x1,5g",8.988000000000001,0.588000000000001,7
582270,Pfefferminz & Süßholz - Tbt,PUKKA,Diverse,100% Biozutaten,"4x20x1,5g",8.988000000000001,0.588000000000001,7
699619,Pfefferminze - Tbt,Lebensbaum,Diverse,EG-Bio,"12x20x1,5g",17.462400000000002,1.142400000000002,7
635751,Pfefferminze - Tbt,Sonnentor,Diverse,EG-Bio,6x18x1g,15.087,0.9870000000000001,7
35609,Pfefferminze,Sonnentor,Diverse,EG-Bio,6x50g,16.948800000000002,1.1088000000000022,7
35435,Pfefferminze,Lebensbaum,Diverse,EG-Bio,6x60g,15.087,0.9870000000000001,7
701800,Pfefferminztee - Tbt,Bio Company,Diverse,EG-Bio,5x30g,8.025,0.5250000000000004,7
536187,Positive Energie - Cranberry Hibiskus - Tbt,Yogi Tea,Diverse,100% Biozutaten,"6x17x1,8g",13.610400000000002,0.8904000000000014,7
699868,Prima Flora - Tbt,Sonnentor,Diverse,100% Biozutaten,"6x18x1,5g",16.948800000000002,1.1088000000000022,7
35845,Reine Nervensache - Tbt,Sonnentor,Diverse,100% Biozutaten,6x18Stück,16.948800000000002,1.1088000000000022,7
699927,Rooibos Bourbon-Vanille - Tbt,Lebensbaum,Diverse,100% Biozutaten,"8x20x1,5g",15.065600000000002,0.9856000000000016,7
35434,Rooibos,Lebensbaum,Südafrika,EG-Bio,6x100g,14.7018,0.9618000000000002,7
635085,Rooibush Vanille - Tbt,Ökotopia,Diverse,100% Biozutaten,"8x20x1,7g",17.8904,1.1704000000000008,7
536159,Rose - Tbt,Yogi Tea,Diverse,100% Biozutaten,"6x17x2,0g",13.610400000000002,0.8904000000000014,7
35661,Rosenknospentee,Sonnentor,Diverse,EG-Bio,6x30g,21.507,1.407,7
536167,Ruhe - Tbt,Yogi Tea,Diverse,100% Biozutaten,"6x17x1,8g",13.610400000000002,0.8904000000000014,7
699656,Salbei - Tbt,Lebensbaum,Diverse,EG-Bio,"12x20x1,5g",18.8748,1.2348,7
698204,Salbei,Lebensbaum,Diverse,EG-Bio,6x50g,13.161000000000001,0.8610000000000007,7
35967,Salbeiblätter,Herbaria,Deutschland,EG-Bio,6x50g,16.692,1.0920000000000005,7
536268,Salbeitee - Tbt,Herbaria,Deutschland,EG-Bio,6x15x2g,12.84,0.8399999999999999,7
635703,Salbeitee - Tbt,Sonnentor,Diverse,EG-Bio,6x18x1g,15.087,0.9870000000000001,7
698882,Salbeitee,Lebensbaum,Diverse,100% Biozutaten,6x40g,10.5288,0.6888000000000005,7
35628,Schafgarbe,Sonnentor,Diverse,EG-Bio,6x50g,16.948800000000002,1.1088000000000022,7
35969,Schafgarbenkraut,Herbaria,Deutschland,EG-Bio,6x100g,25.632599999999996,4.092599999999997,19
698523,Schlafengehen BioBengelchen - Tbt,Sonnentor,Diverse,100% Biozutaten,"6x18x1,6g",16.948800000000002,1.1088000000000022,7
535956,Schönen Feierabend Kräutertee - Tbt,Sonnentor,Diverse,100% Biozutaten,"6x18x1,5g",16.948800000000002,1.1088000000000022,7
35814,Schönen Feierabend Kräutertee,Sonnentor,Diverse,100% Biozutaten,6x50g,19.6452,1.2851999999999997,7
635047,Sommer Minze - Tbt,Allos,Diverse,100% Biozutaten,"4x20x1,5g",10.2292,0.6692,7
635043,Sonnen Gold Kurkuma - Tbt,Allos,Diverse,100% Biozutaten,"4x20x1,8g",10.2292,0.6692,7
35673,Sonnige Grüße - Tbt,Sonnentor,Diverse,100% Biozutaten,6x18Stück,16.948800000000002,1.1088000000000022,7
699203,Spitzwegerich - Tbt,Sonnentor,Diverse,EG-Bio,"6x18x1,2g",14.766000000000002,0.9660000000000011,7
699204,Spitzwegerich Fichtennadel - Tbt,Sonnentor,Diverse,100% Biozutaten,"6x18x1,3g",15.408000000000001,1.008000000000001,7
686504,Stärkungstee - Tbt,Lebensbaum,Diverse,100% Biozutaten,6x20x2g,15.087,0.9870000000000001,7
635050,Sternanis & Süße Lakritze - Tbt,Allos,Diverse,100% Biozutaten,4x20x2g,10.2292,0.6692,7
635041,Süße Träume - Tbt,Allos,Diverse,100% Biozutaten,"4x20x1,5g",10.2292,0.6692,7
699182,Tee Adventskalender - Tbt,Sonnentor,Diverse,100% Biozutaten,"6x24x1,62g",22.020599999999998,1.4405999999999999,7
699292,Tee Probier mal! - Tbt,Sonnentor,Diverse,100% Biozutaten,"6x20x1,69g",20.7366,1.3566000000000003,7
697568,Thymian - Tbt,Sonnentor,Diverse,EG-Bio,"6x18x1,2g",15.087,0.9870000000000001,7
699932,Thymian - Tbt,Lebensbaum,Diverse,EG-Bio,"8x20x1,5g",11.556000000000001,0.7560000000000002,7
699205,Thymian Holunder Salbei - Tbt,Sonnentor,Diverse,100% Biozutaten,"6x18x1,3g",15.408000000000001,1.008000000000001,7
536080,Thymian,Sonnentor,Diverse,EG-Bio,6x70g,18.8748,1.2348,7
35972,Thymian,Herbaria,Deutschland,EG-Bio,6x75g,22.149,1.4490000000000016,7
699753,Treibende Kraft - Tbt,Lebensbaum,Diverse,100% Biozutaten,"5x20x1,5g",12.572500000000002,0.8225000000000016,7
699529,Tulsi - Tbt,Lebensbaum,Indien,EG-Bio,"12x20x1,5g",21.0576,1.377600000000001,7
582323,Vanilla Chai - Tbt,PUKKA,Diverse,100% Biozutaten,"4x20x2,0g",8.988000000000001,0.588000000000001,7
699743,VORORDER-DISPLAY - Neujahrstee,Sonnentor,Diverse,100% Biozutaten,Display,177.62,11.620000000000005,7
699454,VORORDER-DISPLAY - Weihnachten,Sonnentor,Diverse,100% Biozutaten,Display,214,14,7
635701,Wieder gut: Pipifein - Tbt,Sonnentor,Diverse,100% Biozutaten,"6x18x1,5g",16.948800000000002,1.1088000000000022,7
699678,Wiesenkraeuter - Tbt,Lebensbaum,Diverse,100% Biozutaten,"12x20x1,75g",21.0576,1.377600000000001,7
582246,Wildapfel & Zimt - Tbt,PUKKA,Diverse,100% Biozutaten,4x20x2g,8.988000000000001,0.588000000000001,7
635072,Wilde Brennessel Tee - Tbt,Allos,Diverse,100% Biozutaten,"4x20x1,5g",10.2292,0.6692,7
635051,Wilde Orange & Zimt - Tbt,Allos,Diverse,100% Biozutaten,"4x20x1,5g",10.2292,0.6692,7
635071,Wilder Holunder & Tulsi Tee - Tbt,Allos,Diverse,100% Biozutaten,"4x20x1,75g",10.2292,0.6692,7
697973,Wildkräutertee,Sonnentor,Diverse,100% Biozutaten,6x50g,19.6452,1.2851999999999997,7
536176,Wohlfühltee - Tbt,Yogi Tea,Diverse,100% Biozutaten,"6x17x1,8g",13.610400000000002,0.8904000000000014,7
699516,Wohliges Bauchgefühl - Tbt,Lebensbaum,Diverse,100% Biozutaten,"5x20x1,5g",12.572500000000002,0.8225000000000016,7
697951,Zaubertrunk Kräutertee - Tbt,Sonnentor,Diverse,EG-Bio,"6x18x1,5g",16.948800000000002,1.1088000000000022,7
35606,Zaubertrunk Kräutertee,Sonnentor,Diverse,100% Biozutaten,6x50g,19.6452,1.2851999999999997,7
635413,Zeit für Abenteuer - Tbt,Lebensbaum,Diverse,100% Biozutaten,"6x20x2,0g",15.087,0.9870000000000001,7
635412,Zeit für Chai - Tbt,Lebensbaum,Diverse,100% Biozutaten,"6x20x2,0g",15.087,0.9870000000000001,7
699463,Zeit für Dankbarkeit - Tbt,Lebensbaum,Diverse,100% Biozutaten,6x20x2g,15.087,0.9870000000000001,7
635405,Zeit für Erfrischung - Tbt,Lebensbaum,Diverse,100% Biozutaten,"6x20x1,5g",15.087,0.9870000000000001,7
699679,Zeit für Gemütlichkeit - Tbt,Lebensbaum,Diverse,100% Biozutaten,"5x20x1,5g",12.572500000000002,0.8225000000000016,7
699691,Zeit für klare Gedanken - Tbt,Lebensbaum,Diverse,100% Biozutaten,"5x20x2,0g",12.572500000000002,0.8225000000000016,7
699629,Zeit für Ruhe - Tbt,Lebensbaum,Diverse,100% Biozutaten,"5x20x1,5g",12.572500000000002,0.8225000000000016,7
699627,Zeit zum Ankommen - Tbt,Lebensbaum,Diverse,100% Biozutaten,"5x20x2,0g",12.572500000000002,0.8225000000000016,7
699468,Zeit zum Ausprobieren Mischbox - Tbt,Lebensbaum,Diverse,100% Biozutaten,"10x12x1,88g",21.935000000000002,1.4350000000000023,7
699578,Zeit zum Glücklichsein - Tbt,Lebensbaum,Diverse,100% Biozutaten,5x20x2g,12.572500000000002,0.8225000000000016,7
699464,Zeit zum Verweilen - Tbt,Lebensbaum,Diverse,100% Biozutaten,6x20x2g,15.087,0.9870000000000001,7
697431,Zimt Zauber - Tbt,Sonnentor,Diverse,100% Biozutaten,"6x18x1,8g",16.948800000000002,1.1088000000000022,7
582326,"Zitrone, Ingwer & Manukahonig - Tbt",PUKKA,Diverse,100% Biozutaten,"4x20x1,6g",8.988000000000001,0.588000000000001,7
582266,Zitronengras & Ingwer - Tbt,PUKKA,Diverse,100% Biozutaten,"4x20x1,8g",8.988000000000001,0.588000000000001,7
699487,Zitronengras Melisse Verbene - Tbt,Sonnentor,Diverse,100% Biozutaten,"6x18x1,2g",15.7932,1.0332000000000008,7
35444,Zitronengras,Lebensbaum,Ägypten,Demeter (Deutschland),6x50g,12.4548,0.8148,7
35720,Zitronengras,Sonnentor,Diverse,EG-Bio,6x80g,16.948800000000002,1.1088000000000022,7
699657,Zitronenmelisse - Tbt,Lebensbaum,Diverse,100% Biozutaten,"12x20x1,5g",21.0576,1.377600000000001,7
697569,Zitronenmelisse - Tbt,Sonnentor,Österreich,EG-Bio,"6x18x1,2g",15.087,0.9870000000000001,7
35656,Zitronenmelisse,Sonnentor,Diverse,EG-Bio,6x50g,16.948800000000002,1.1088000000000022,7
699206,Zitronenthymian - Tbt,Sonnentor,Diverse,EG-Bio,6x18x1g,14.766000000000002,0.9660000000000011,7
686599,Zitronenverbena,Lebensbaum,Diverse,EG-Bio,6x25g,10.5288,0.6888000000000005,7
536696,Zitronenverbene - Tbt,Sonnentor,Diverse,EG-Bio,"6x18x1,5g",15.087,0.9870000000000001,7
35603,Zitronenverbene,Sonnentor,Diverse,EG-Bio,6x30g,18.489600000000003,1.2096000000000018,7
536188,Abend - Rooibos Vanille - Tbt,Yogi Tea,Diverse,100% Biozutaten,"6x17x1,8g",13.610400000000002,0.8904000000000014,7
699793,Adventskalender 24 Tbt,Yogi Tea,Diverse,100% Biozutaten,"24x1,93g",7.468600000000001,0.4886000000000008,7
697695,Ashwagandha Balance - Tbt,Yogi Tea,Diverse,100% Biozutaten,"6x17x2,0g",13.610400000000002,0.8904000000000014,7
699390,Bauch Balance - Tbt,Yogi Tea,Diverse,100% Biozutaten,"6x17x1,8g",13.610400000000002,0.8904000000000014,7
536156,Black Chai - Tbt,Yogi Tea,Diverse,100% Biozutaten,"6x17x2,2g",13.610400000000002,0.8904000000000014,7
635129,BODENSTELLER Tee,Allos,Diverse,100% Biozutaten,Display,138.03,9.030000000000001,7
35221,Chai Classic,Yogi Tea,Diverse,100% Biozutaten,8x90g,21.913600000000002,1.433600000000002,7
697268,Christmas Tea - Tbt,Yogi Tea,Diverse,100% Biozutaten,"6X17X2,1G",13.610400000000002,0.8904000000000014,7
536146,Classic - Tbt,Yogi Tea,Diverse,100% Biozutaten,"6x17x2,2g",13.610400000000002,0.8904000000000014,7
698175,Fenchel Anis Kümmel - Tbt,Sonnentor,Diverse,100% Biozutaten,"6x18x1,7g",15.7932,1.0332000000000008,7
699485,Fenchel Anis Kümmel Tee - lose,Sonnentor,Diverse,100% Biozutaten,6x150g,18.8748,1.2348,7
35655,Fencheltee,Sonnentor,Diverse,EG-Bio,6x200g,18.8748,1.2348,7
699855,Frischer Fokus - Tbt,Yogi Tea,Diverse,100% Biozutaten,"6X17X2,1G",13.610400000000002,0.8904000000000014,7
699680,Fruchtige Ostern - Tbt,Sonnentor,Diverse,100% Biozutaten,"6x18x1,8g",17.7192,1.159200000000002,7
699451,Fruchtige Winterwärme - Tbt,Lebensbaum,Diverse,100% Biozutaten,6x20x2g,15.087,0.9870000000000001,7
699207,Gewürz Chai Tee - Tbt,Sonnentor,Diverse,100% Biozutaten,"6x18x1,8g",15.7932,1.0332000000000008,7
697676,Glühweingewürz rot - Tbt,Sonnentor,Diverse,100% Biozutaten,"6x18x1,8g",16.948800000000002,1.1088000000000022,7
536091,Goldener Kurkuma Tee - Tbt,Sonnentor,Diverse,100% Biozutaten,6x18x2g,16.948800000000002,1.1088000000000022,7
635717,Goldener Kurkuma,Sonnentor,Diverse,100% Biozutaten,6x120g,22.791,1.4909999999999997,7
536158,Green Chai - Tbt,Yogi Tea,Diverse,100% Biozutaten,"6x17x1,8g",13.610400000000002,0.8904000000000014,7
697544,Happiness is - Heavy Metal - Tbt,Sonnentor,Diverse,100% Biozutaten,"6x18x1,5g",16.948800000000002,1.1088000000000022,7
697436,Happiness is - Lebensfeuer - Tbt,Sonnentor,Diverse,100% Biozutaten,"6x18x1,7g",16.948800000000002,1.1088000000000022,7
699658,Happy Farming - Tbt,Yogi Tea,Diverse,100% Biozutaten,"6x17x2,0g",13.610400000000002,0.8904000000000014,7
536147,Himalaya - Tbt,Yogi Tea,Diverse,100% Biozutaten,"6x17x2,0g",13.610400000000002,0.8904000000000014,7
697933,Ingwer Kurkuma - Tbt,Sonnentor,Diverse,100% Biozutaten,"6x18x1,8g",16.2426,1.0625999999999998,7
635084,Ingwer Lemon - Tbt,Ökotopia,Diverse,100% Biozutaten,"8x20x2,0g",17.8904,1.1704000000000008,7
697932,Ingwer Ruhe - Tbt,Sonnentor,Diverse,100% Biozutaten,"6x18x1,8g",16.2426,1.0625999999999998,7
697935,Ingwer Tee - Tbt,Sonnentor,Diverse,EG-Bio,"6x18x1,3g",15.087,0.9870000000000001,7
697934,Ingwer-Energie - Tbt,Sonnentor,Diverse,100% Biozutaten,"6x18x1,8g",16.2426,1.0625999999999998,7
697965,Ingwer-Zitrone - Tbt,Sonnentor,Diverse,EG-Bio,"6x18x1,8g",16.2426,1.0625999999999998,7
35682,Ingwer,Sonnentor,Diverse,100% Biozutaten,6x90g,18.489600000000003,1.2096000000000018,7
36062,Kapha Tee - Tbt,Maharishi Ayurveda,Diverse,100% Biozutaten,12x15Stück,57.394800000000004,3.754800000000003,7
697262,Kurkuma Chai - Tbt,Yogi Tea,Diverse,100% Biozutaten,"6x17x2,0g",13.610400000000002,0.8904000000000014,7
536776,Kurkuma Orange - Tbt,Yogi Tea,Diverse,100% Biozutaten,"6x17x2,0g",13.610400000000002,0.8904000000000014,7
536149,Lakritz - Tbt,Yogi Tea,Diverse,100% Biozutaten,"6x17x1,8g",13.610400000000002,0.8904000000000014,7
698859,Lapacho Rinde,Sonnentor,Diverse,konventionell,6x50g,10.914,0.7140000000000004,7
697430,Lebkuchen Zeit - Tbt,Sonnentor,Diverse,100% Biozutaten,"6x18x1,8g",16.948800000000002,1.1088000000000022,7
698437,Maca Chai - Tbt,Yogi Tea,Diverse,100% Biozutaten,"6X17X2,1G",13.610400000000002,0.8904000000000014,7
699388,Mango Chai - Tbt,Yogi Tea,Diverse,100% Biozutaten,"6x17x2,0g",13.610400000000002,0.8904000000000014,7
35782,Mate Tee,Sonnentor,Diverse,EG-Bio,6x90g,17.7192,1.159200000000002,7
699858,Meno Harmonie - Tbt,Yogi Tea,Diverse,100% Biozutaten,"6x17x2,0g",13.610400000000002,0.8904000000000014,7
697696,Mentale Klarheit - Tbt,Yogi Tea,Diverse,100% Biozutaten,"6x17x1,9g",13.610400000000002,0.8904000000000014,7
699042,Morgen Energie - Tbt,Yogi Tea,Diverse,100% Biozutaten,"6X17X2,1G",13.610400000000002,0.8904000000000014,7
697619,Natürliche Balance - Tbt,Yogi Tea,Diverse,100% Biozutaten,"6x17x2,0g",6.805200000000001,0.4452000000000007,7
699568,New Inspiration - Tbt,Yogi Tea,Diverse,100% Biozutaten,"6x17x2,0g",13.610400000000002,0.8904000000000014,7
36061,Pita Tee Ayurveda - Tbt,Maharishi Ayurveda,Diverse,100% Biozutaten,12x15Stück,57.394800000000004,3.754800000000003,7
529463,Pumpkin Chai - Tbt,Yogi Tea,Diverse,100% Biozutaten,"6x17x1,9g",13.610400000000002,0.8904000000000014,7
699683,Rooibos - Tbt,Lebensbaum,Diverse,EG-Bio,"12x20x1,5g",22.5984,1.4784000000000006,7
699209,Rooibos Chai Tee - Tbt,Sonnentor,Diverse,100% Biozutaten,"6x18x1,8g",15.7932,1.0332000000000008,7
698541,Rooibos Tee - Tbt,Sonnentor,Diverse,EG-Bio,"6x18x1,2g",15.087,0.9870000000000001,7
698542,Rooibos Vanille Tee - Tbt,Sonnentor,Diverse,100% Biozutaten,"6x18x1,2g",16.2426,1.0625999999999998,7
35617,Rooibos,Sonnentor,Südafrika,EG-Bio,6x100g,16.948800000000002,1.1088000000000022,7
699043,Rote Beeren Vanille - Tbt,Yogi Tea,Diverse,100% Biozutaten,"6x17x2,0g",13.610400000000002,0.8904000000000014,7
699449,Salted Caramel - Tbt,Yogi Tea,Diverse,100% Biozutaten,"6x17x2,0g",13.610400000000002,0.8904000000000014,7
536148,Schoko - Tbt,Yogi Tea,Diverse,100% Biozutaten,"6x17x2,0g",13.610400000000002,0.8904000000000014,7
35196,Schoko Chai,Yogi Tea,Diverse,100% Biozutaten,8x90g,21.913600000000002,1.433600000000002,7
536042,Schutzengel Tee - Tbt,Sonnentor,Diverse,100% Biozutaten,"6x18x1,5g",16.948800000000002,1.1088000000000022,7
699210,Schwarztee Chai - Tbt,Sonnentor,Diverse,100% Biozutaten,"6x18x1,8g",15.7932,1.0332000000000008,7
697657,Seelenbalsam - Tbt,Yogi Tea,Diverse,100% Biozutaten,"6x17x1,9g",13.610400000000002,0.8904000000000014,7
699856,Spicy Strawberry - Tbt,Yogi Tea,Diverse,100% Biozutaten,"6x17x2,0g",13.610400000000002,0.8904000000000014,7
699389,Spritzige Blutorange - Tbt,Yogi Tea,Diverse,100% Biozutaten,"6x17x2,0g",13.610400000000002,0.8904000000000014,7
698965,Star Salutation - Tbt,Yogi Tea,Diverse,100% Biozutaten,"6x17x1,9g",13.610400000000002,0.8904000000000014,7
699857,Süße Träume - Tbt,Yogi Tea,Diverse,100% Biozutaten,"6x17x2,0g",13.610400000000002,0.8904000000000014,7
699452,Süßer Wintertraum - Tbt,Lebensbaum,Diverse,100% Biozutaten,6x20x2g,15.087,0.9870000000000001,7
536157,Sweet Chai - Tbt,Yogi Tea,Diverse,100% Biozutaten,"6x17x2,0g",13.610400000000002,0.8904000000000014,7
536151,Sweet Chili - Tbt,Yogi Tea,Diverse,100% Biozutaten,"6x17x1,8g",13.610400000000002,0.8904000000000014,7
697658,Tulsi Gelassenheit - Tbt,Yogi Tea,Diverse,100% Biozutaten,"6x17x2,0g",13.610400000000002,0.8904000000000014,7
589539,Vata Tee Ayurveda - Tbt,Maharishi Ayurveda,Diverse,100% Biozutaten,12x15Stück,57.394800000000004,3.754800000000003,7
699455,Weihnachts Chai - Tbt,Sonnentor,Diverse,100% Biozutaten,"6x18x1,8g",15.7932,1.0332000000000008,7
699450,Würziger Wintermoment - Tbt,Lebensbaum,Diverse,100% Biozutaten,6x20x2g,15.087,0.9870000000000001,7
536281,Bachblütentee - Freude & Harmonie - Tbt,Salus,Diverse,100% Biozutaten,6x15x2g,20.9934,1.3734000000000002,7
536270,Bachblütentee - Für alle Fälle - Tbt,Salus,Diverse,100% Biozutaten,6x15x2g,20.9934,1.3734000000000002,7
536280,Bachblütentee - Klarheit & Zentrierung - Tbt,Salus,Diverse,100% Biozutaten,6x15x2g,20.9934,1.3734000000000002,7
536272,Bachblütentee - Kraft & Energie - Tbt,Salus,Diverse,100% Biozutaten,6x15x2g,20.9934,1.3734000000000002,7
536271,Bachblütentee - Ruhe & Gelassenheit - Tbt,Salus,Diverse,100% Biozutaten,6x15x2g,20.9934,1.3734000000000002,7
533438,Basen-Aktiv Brennnessel-Linde - Tbt,Salus,Diverse,100% Biozutaten,"6x40x1,8g",32.9346,2.154600000000002,7
698524,Still Tee BioBengelchen - Tbt,Sonnentor,Diverse,100% Biozutaten,"6x18x1,5g",16.948800000000002,1.1088000000000022,7
35211,Stilltee - Tbt,Weleda,Diverse,100% Biozutaten,20Stück,3.6273000000000004,0.2373000000000003,7
534600,Stoffwechsel-Aktiv-Tee - Tbt,Salus,Diverse,100% Biozutaten,6x15x2g,18.3612,1.2012,7
699721,VORORDER-DISPLAY - Merry Christmas,Yogi Tea,Diverse,100% Biozutaten,Display,162.64000000000001,10.640000000000015,7
699754,VORORDER-DISPLAY - Wintertee,Lebensbaum,Diverse,100% Biozutaten,Display,163.71,10.710000000000008,7
635603,Arabica entkoffeiniert FairTrade ganze Bohne,Mount Hagen,Diverse,100% Biozutaten,6x250g,35.4384,2.318400000000004,7
635582,Arabica entkoffeiniert FairTrade gemahlen,Mount Hagen,Diverse,EG-Bio,6x250g,35.4384,2.318400000000004,7
635579,Arabica Kaffee FairTrade ganze Bohne,Mount Hagen,Diverse,Naturland,6x1kg,96.5568,6.316800000000001,7
635062,Arabica Kaffee FairTrade ganze Bohne,Mount Hagen,Diverse,Naturland,6x250g,32.0358,2.0958000000000006,7
534959,Arabica Kaffee FairTrade gemahlen,Mount Hagen,Diverse,Naturland,12x500g,108.7548,7.1148000000000025,7
635060,Arabica Kaffee FairTrade gemahlen,Mount Hagen,Diverse,Naturland,6x250g,32.0358,2.0958000000000006,7
635740,Arabica Kaffee FairTrade Pads,Mount Hagen,Diverse,Naturland,10x18x7g,29.318,1.9180000000000028,7
582340,Barista Crema Röstkaffee FairTrade ganze Bohne,Mount Hagen,Diverse,Naturland,6x500g,54.1848,3.544800000000002,7
582341,Barista Espresso FairTrade ganze Bohne,Mount Hagen,Diverse,Naturland,6x500g,54.1848,3.544800000000002,7
695358,Café Crema 100% Arabica ganze Bohne,Altomayo,Peru,EG-Bio,8x1kg,172.82640000000004,11.306400000000025,7
35021,Café Dia gemahlen,Lebensbaum,Diverse,EG-Bio,12x500g,108.88320000000002,7.123200000000011,7
686924,Das faire Pfund Kaffee FairTrade ganze Bohne,GEPA,Diverse,EG-Bio,6x500g,74.60040000000001,4.880400000000009,7
536220,Das faire Pfund Kaffee FairTrade gemahlen,GEPA,Diverse,EG-Bio,6x500g,57.073800000000006,3.7338000000000022,7
635884,Decaffeinato FairTrade Kapseln,Bonga Red Mountain,Äthiopien,Naturland,"6x10x5,5g",22.6626,1.4826000000000015,7
635874,Espresso Pads entkoffeiniert,No Coffee,Diverse,EG-Bio,5x126g,34.5075,2.2575000000000003,7
35031,Gourmet Caffè Crema klassisch - Pads,Lebensbaum,Diverse,EG-Bio,5x18Pads,17.762000000000004,1.1620000000000026,7
635765,Gourmet Kaffee ganze Bohne,Kauf,Diverse,EG-Bio,6x1kg,148.62300000000002,9.723000000000013,7
699425,Guatemala Kaffee ganze Bohne,Lebensbaum,GCA,EG-Bio,6x250g,39.6114,2.5914,7
699426,Guatemala Kaffee gemahlen,Lebensbaum,GCA,EG-Bio,6x250g,39.6114,2.5914,7
82000,Hildegard falscher Kaffee aus Dinkel instant,Sonnentor,Diverse,EG-Bio,6x50g,20.223,1.3230000000000004,7
695350,Hochland Kaffee ganze Bohne,Altomayo,Peru,EG-Bio,10x500g,110.10300000000001,7.203000000000003,7
695351,Hochland Kaffee gemahlen,Altomayo,Peru,EG-Bio,10x500g,110.10300000000001,7.203000000000003,7
635741,Intense Jubiläums Kaffee FairTrade gemahlen,Mount Hagen,Honduras,Naturland,6x500g,45.582,2.9819999999999993,7
635771,Kaffee 75% entkoffeiniert - ganze Bohne,No Coffee,Diverse,EG-Bio,8x250g,55.212,3.612000000000002,7
699546,Kaffee Bahati ganze Bohne,Herbaria,Diverse,NF,1kg,27.017500000000002,1.7675000000000018,7
686893,Kaffee Crema Bassaja Uganda ganze Bohne,GEPA,Uganda,EG-Bio,4x1kg,87.09800000000001,5.6980000000000075,7
35332,Kaffee Crema ganze Bohne,GEPA,Diverse,EG-Bio,4x1kg,90.5648,5.924800000000005,7
635736,Kaffee Crema Honduras ganze Bohne,Mount Hagen,Honduras,Demeter (Deutschland),6x500g,58.5504,3.8304000000000045,7
635872,Kaffee Drip Bags entkoffeiniert,No Coffee,Diverse,EG-Bio,3x100g,35.631,2.331000000000003,7
635770,Kaffee entkoffeiniert - ganze Bohne,No Coffee,Diverse,EG-Bio,8x250g,55.212,3.612000000000002,7
686913,Kaffee Esperanza FairTrade Pads,GEPA,Diverse,EG-Bio,6x18x7g,21.7638,1.4238,7
686902,Kaffee Esperanza gemahlen,GEPA,Diverse,EG-Bio,6x250g,36.273,2.3730000000000047,7
699745,Kaffee Gourmet entkoffeiniert ganze Bohne,Lebensbaum,Diverse,EG-Bio,6x250g,37.4928,2.4528000000000034,7
35009,Kaffee Gourmet entkoffeiniert gemahlen,Lebensbaum,Diverse,EG-Bio,6x250g,37.4928,2.4528000000000034,7
35032,Kaffee Gourmet entkoffeiniert Pads,Lebensbaum,Diverse,EG-Bio,5x18Pads,17.762000000000004,1.1620000000000026,7
35028,Kaffee Gourmet klassisch ganze Bohne,Lebensbaum,Diverse,EG-Bio,4x1kg,77.3824,5.062400000000011,7
35004,Kaffee Gourmet klassisch gemahlen,Lebensbaum,Diverse,EG-Bio,12x500g,111.8364,7.316400000000002,7
35003,Kaffee Gourmet kräftig gemahlen,Lebensbaum,Diverse,EG-Bio,12x500g,111.8364,7.316400000000002,7
635140,Kaffee naturmild gemahlen,Green organics,Diverse,EG-Bio,12x500g,108.6264,7.106400000000008,7
536221,Kaffee Nicaragua gemahlen,GEPA,Großbritannien+Insel Man,EG-Bio,6x250g,41.02380000000001,2.683800000000005,7
686927,Kaffee Organico blonde Fairness ganze Bohne,GEPA,Diverse,EG-Bio,6x250g,38.841,2.541000000000004,7
686914,Kaffee Organico crema Fairness Pads,GEPA,Diverse,EG-Bio,6x18x7g,21.7638,1.4238,7
35108,Kaffee Organico entkoffeinierte Fairness gemahlen,GEPA,Diverse,EG-Bio,6x250g,38.841,2.541000000000004,7
35209,Kaffee Organico milde Fairness gemahlen,GEPA,Diverse,EG-Bio,6x250g,38.841,2.541000000000004,7
35107,Kaffee Organico naturmilde Fairness ganze Bohne,GEPA,Diverse,EG-Bio,6x250g,36.273,2.3730000000000047,7
35105,Kaffee Organico naturmilde Fairness gemahlen,GEPA,Diverse,EG-Bio,6x250g,36.5298,2.389800000000001,7
686920,Kaffee Organico naturmilde Fairness gemahlen,GEPA,Diverse,EG-Bio,6x500g,66.447,4.347000000000001,7
635873,Kaffee Pads entkoffeiniert,No Coffee,Diverse,EG-Bio,5x126g,34.5075,2.2575000000000003,7
35701,Kaffee Wiener Verführung instant,Sonnentor,Diverse,EG-Bio,6x100g,43.335,2.835000000000001,7
635883,Light Roast FairTrade Kapseln,Bonga Red Mountain,Äthiopien,Naturland,"6x10x5,5g",22.6626,1.4826000000000015,7
635880,Lungo FairTrade Kapseln,Bonga Red Mountain,Äthiopien,Naturland,"6x10x5,5g",22.6626,1.4826000000000015,7
635311,Mexiko Plantagen Kaffee ganze Bohne,Lebensbaum,Mexico,Demeter (Deutschland),4x1kg,100.152,6.552000000000007,7
35002,Mexiko Plantagen Kaffee ganze Bohne,Lebensbaum,Mexico,EG-Bio,6x250g,39.6114,2.5914,7
699430,Mexiko Plantagen Kaffee gemahlen,Lebensbaum,Mexico,EG-Bio,6x250g,39.6114,2.5914,7
635882,Mountain Ristretto FairTrade Kapseln,Bonga Red Mountain,Äthiopien,Naturland,"6x10x5,5g",22.6626,1.4826000000000015,7
635774,Nocaps Kaffeekapseln entkoffeiniert,No Coffee,Diverse,EG-Bio,3x140g,30.013500000000004,1.9635000000000034,7
635775,Nocaps Mix Kaffeekapseln entkoffeiniert,No Coffee,Diverse,EG-Bio,3x140g,30.013500000000004,1.9635000000000034,7
582342,Röstkaffee ganze Bohne entkoffeiniert FairTrade,Mount Hagen,Diverse,100% Biozutaten,6x500g,59.8344,3.9144000000000005,7
635735,Röstkaffee Honduras gemahlen DEMETER,Mount Hagen,Honduras,Demeter (Deutschland),6x500g,58.5504,3.8304000000000045,7
635007,Röstkaffee Peru ganze Bohne,Biotropic,Peru,EG-Bio,10x500g,90.415,5.915000000000006,7
534987,Röstkaffee Peru ganze Bohne,Mount Hagen,Peru,Demeter (Deutschland),6x250g,36.0162,2.356200000000001,7
582343,Röstkaffee Peru ganze Bohne,Mount Hagen,Peru,Demeter (Deutschland),6x500g,59.06400000000001,3.8640000000000043,7
534988,Röstkaffee Peru gemahlen,Mount Hagen,Peru,Demeter (Deutschland),6x250g,36.0162,2.356200000000001,7
534952,Segel Espresso Nicaragua ganze Bohne,Café Chavalo,Großbritannien+Insel Man,EG-Bio,6x250g,48.8562,3.1962000000000046,7
534953,Segel Espresso Nicaragua gemahlen,Café Chavalo,Großbritannien+Insel Man,EG-Bio,6x250g,48.8562,3.1962000000000046,7
534984,Segel Kaffee Nicaragua ganze Bohne,Café Chavalo,Großbritannien+Insel Man,EG-Bio,6x250g,48.8562,3.1962000000000046,7
534983,Segel Kaffee Nicaragua gemahlen,Café Chavalo,Großbritannien+Insel Man,EG-Bio,6x250g,48.8562,3.1962000000000046,7
699432,Uganda Kaffee ganze Bohne,Lebensbaum,Uganda,EG-Bio,6x250g,39.6114,2.5914,7
699433,Uganda Kaffee gemahlen,Lebensbaum,Uganda,EG-Bio,6x250g,39.6114,2.5914,7
699890,Wiener Verführung entkoffeinierter Kaffee ganze Bo,Sonnentor,Diverse,EG-Bio,5x500g,72.11800000000001,4.7180000000000035,7
698574,Wiener Verführung entkoffeinierter Kaffee gemahlen,Sonnentor,Diverse,EG-Bio,5x500g,72.11800000000001,4.7180000000000035,7
698571,Wiener Verführung Melange Kaffee ganze Bohne,Sonnentor,Diverse,EG-Bio,5x500g,60.5085,3.958500000000001,7
698849,Wiener Verführung Melange Kaffee ganze Bohne,Sonnentor,Diverse,EG-Bio,kg,22.4165,1.4665,7
698570,Wiener Verführung Melange Kaffee gemahlen,Sonnentor,Diverse,EG-Bio,5x500g,60.5085,3.958500000000001,7
35860,Wildkaffee blond roast ganze Bohne,Kaffa,Äthiopien,Naturland,10x250g,70.406,4.606000000000009,7
35861,Wildkaffee blond roast gemahlen,Kaffa,Äthiopien,Naturland,10x250g,70.406,4.606000000000009,7
35868,Wildkaffee medium ganze Bohne - lose,Kaffa,Äthiopien,Naturland,6x1kg,161.2062,10.546199999999999,7
35862,Wildkaffee medium ganze Bohne,Kaffa,Äthiopien,Naturland,10x250g,70.406,4.606000000000009,7
35863,Wildkaffee medium gemahlen,Kaffa,Äthiopien,Naturland,10x250g,70.406,4.606000000000009,7
687047,Barista Espresso entkoffeiniert ganze Bohne,GEPA,Diverse,99%,6x250g,35.8878,2.3477999999999994,7
687046,Barista Espresso entkoffeiniert gemahlen,GEPA,Diverse,99%,6x250g,35.8878,2.3477999999999994,7
687048,Barista Espresso ganze Bohne Vorrat,GEPA,Diverse,99%,4x1kg,85.12920000000001,5.569200000000009,7
687045,Barista Espresso gemahlen,GEPA,Diverse,99%,6x250g,32.421,2.1209999999999987,7
698463,Caffè Crema ganze Bohne - 100% Arabica,La Selva,Diverse,NF,6x1kg,162.10500000000002,10.605000000000018,7
534905,Caffe Crema ganze Bohne,Lebensbaum,Diverse,EG-Bio,4x1kg,77.3824,5.062400000000011,7
635773,Espresso 75% entkoffeiniert - ganze Bohne,No Coffee,Diverse,EG-Bio,8x250g,55.212,3.612000000000002,7
686892,Espresso Ankole FairTrade ganze Bohne,GEPA,Uganda,EG-Bio,4x1kg,87.09800000000001,5.6980000000000075,7
635616,Espresso Barista ganze Bohne,Kauf,Diverse,EG-Bio,12x250g,80.892,5.292000000000002,7
635620,Espresso Barista ganze Bohne,Kauf,Diverse,EG-Bio,6x1kg,150.9984,9.8784,7
695363,Espresso Descafeinado entkoffeiniert ganze Bohne,Altomayo,Peru,EG-Bio,10x500g,130.326,8.525999999999996,7
635772,Espresso entkoffeiniert - ganze Bohne,No Coffee,Diverse,EG-Bio,8x250g,55.212,3.612000000000002,7
635729,Espresso entkoffeiniert FairTrade ganze Bohne,Mount Hagen,Diverse,100% Biozutaten,6x500g,64.4568,4.216799999999999,7
534961,Espresso entkoffeiniert FairTrade gemahlen,Mount Hagen,Diverse,100% Biozutaten,6x250g,35.4384,2.318400000000004,7
695361,Espresso entkoffeiniert ganze Bohne,Altomayo,Peru,EG-Bio,8x250g,54.0992,3.539200000000001,7
635577,Espresso FairTrade ganze Bohne,Mount Hagen,Diverse,Naturland,6x1kg,96.5568,6.316800000000001,7
635600,Espresso FairTrade ganze Bohne,Mount Hagen,Diverse,Naturland,6x250g,32.0358,2.0958000000000006,7
534960,Espresso FairTrade gemahlen,Mount Hagen,Diverse,Naturland,6x250g,32.0358,2.0958000000000006,7
635881,Espresso FairTrade Kapseln,Bonga Red Mountain,Äthiopien,Naturland,"6x10x5,5g",22.6626,1.4826000000000015,7
699774,Espresso Forte ganze Bohne - lose,La Selva,Italien,EG-Bio,6x1kg,148.2378,9.6978,7
699773,Espresso Forte gemahlen,La Selva,Diverse,EG-Bio,8x250g,54.0992,3.539200000000001,7
635669,Espresso ganze Bohne DEMETER,Internationale Biobauern,Brasilien,Demeter (Deutschland),6x1kg,183.5478,12.007800000000003,7
635675,Espresso ganze Bohne DEMETER,Internationale Biobauern,Brasilien,Demeter (Deutschland),6x250g,48.471,3.1709999999999994,7
695352,Espresso ganze Bohne,Altomayo,Peru,EG-Bio,10x500g,114.16900000000001,7.469000000000008,7
35077,Espresso ganze Bohne,Green organics,Diverse,EG-Bio,6x1kg,107.4066,7.026600000000002,7
695359,Espresso ganze Bohne,Altomayo,Peru,EG-Bio,8x1kg,172.82640000000004,11.306400000000025,7
695354,Espresso gemahlen koffeinfrei,Altomayo,Peru,EG-Bio,8x250g,54.0992,3.539200000000001,7
635006,Espresso gemahlen,Green organics,Diverse,EG-Bio,6x250g,29.9814,1.9614000000000011,7
635737,Espresso Honduras ganze Bohne,Mount Hagen,Honduras,Demeter (Deutschland),6x500g,58.5504,3.8304000000000045,7
695353,Espresso Intensivo gemahlen,Altomayo,Peru,EG-Bio,8x250g,47.508,3.108000000000004,7
699784,Espresso Libero entkoffeiniert ganze Bohne,La Selva,Diverse,EG-Bio,8x250g,67.5384,4.418399999999998,7
699779,Espresso Libero entkoffeiniert gemahlen,La Selva,Diverse,EG-Bio,8x250g,67.5384,4.418399999999998,7
699547,Espresso Makeda ganze Bohne,Herbaria,Diverse,NF,1kg,27.017500000000002,1.7675000000000018,7
35079,Espresso Minero ganze Bohne,Lebensbaum,Diverse,EG-Bio,4x1kg,77.3824,5.062400000000011,7
686925,Espresso Organico Fairness ganze Bohne,GEPA,Diverse,EG-Bio,6x500g,69.2718,4.531800000000004,7
534972,Espresso Pads Minero,Lebensbaum,Diverse,EG-Bio,5x18Pads,17.762000000000004,1.1620000000000026,7
635606,Espresso Peru ganze Bohne,Mount Hagen,Peru,Demeter (Deutschland),6x250g,36.0162,2.356200000000001,7
635605,Espresso Peru gemahlen,Mount Hagen,Peru,Demeter (Deutschland),6x250g,36.0162,2.356200000000001,7
534907,Espresso Solea entkoffeiniert gemahlen,Lebensbaum,Diverse,EG-Bio,6x250g,37.4928,2.4528000000000034,7
536325,Espresso Tazpresso FairTrade gemahlen,GEPA,Diverse,EG-Bio,4x250g,41.0452,2.685200000000002,7
699429,Kaapi Kerala Espresso ganze Bohne,Lebensbaum,Indien,Demeter (Deutschland),6x250g,39.6114,2.5914,7
699428,Kaapi Kerala Espresso gemahlen,Lebensbaum,Indien,Demeter (Deutschland),6x250g,39.6114,2.5914,7
686926,Kaffee Organico crema Fairness ganze Bohne,GEPA,Diverse,EG-Bio,6x500g,69.2718,4.531800000000004,7
35039,Minero Espresso gemahlen,Lebensbaum,Diverse,EG-Bio,6x250g,37.4928,2.4528000000000034,7
536098,Ora Caffè Espresso ganze Bohne FT 50% Rob. - lose,San Vicario,Diverse,EG-Bio,1kg,27.606,1.806000000000001,7
534906,Solea Espresso gemahlen,Lebensbaum,Diverse,EG-Bio,6x250g,37.4928,2.4528000000000034,7
698573,Wiener Verführung Espresso ganze Bohne,Sonnentor,Diverse,EG-Bio,5x500g,60.5085,3.958500000000001,7
698848,Wiener Verführung Espresso ganze Bohne,Sonnentor,Diverse,EG-Bio,kg,22.4165,1.4665,7
698572,Wiener Verführung Espresso gemahlen,Sonnentor,Diverse,EG-Bio,5x500g,60.5085,3.958500000000001,7
35864,Wildkaffee Espresso ganze Bohne,Kaffa,Äthiopien,Naturland,10x250g,70.406,4.606000000000009,7
35869,Wildkaffee Espresso ganze Bohne,Kaffa,Äthiopien,Naturland,6x1kg,161.2062,10.546199999999999,7
35865,Wildkaffee Espresso gemahlen,Kaffa,Äthiopien,Naturland,10x250g,70.406,4.606000000000009,7
635265,Arabica Bohnenkaffee instant,Naturata,Diverse,EG-Bio,10x100g,76.82600000000001,5.0260000000000105,7
635065,Arabica Kaffee instant entk. Sticks FairTrade,Mount Hagen,Papua-Neuguinea,EG-Bio,8x25x2g,30.816000000000003,2.016000000000002,7
534966,Arabica Kaffee instant entkoffeiniert FairTrade,Mount Hagen,Papua-Neuguinea,EG-Bio,6x100g,34.8606,2.2805999999999997,7
635064,Arabica Kaffee instant Sticks FairTrade,Mount Hagen,Papua-Neuguinea,Naturland,8x25x2g,30.816000000000003,2.016000000000002,7
699378,Bambu Instant - Nachfüllbeutel,A Vogel,Diverse,100% Biozutaten,6x200g,32.421,2.1209999999999987,7
699881,Bambu Instant,A Vogel,Diverse,100% Biozutaten,6x100g,22.020599999999998,1.4405999999999999,7
699377,Bambu Instant,A Vogel,Diverse,100% Biozutaten,6x200g,36.273,2.3730000000000047,7
536415,Café Benita instant Fairness entkoffeiniert,GEPA,Diverse,EG-Bio,6x100g,47.122800000000005,3.082800000000006,7
536314,Café Benita instant Fairness,GEPA,Diverse,EG-Bio,6x100g,53.607000000000006,3.507000000000005,7
534958,Cappuccino FairTrade - Family,Mount Hagen,Diverse,100% Biozutaten,6x400g,29.018400000000003,1.8984000000000023,7
534962,Cappuccino FairTrade Dose,Mount Hagen,Diverse,100% Biozutaten,8x200g,31.843200000000003,2.0832000000000015,7
536241,Espresso Bohnenkaffee instant - Sticks,Naturata,Diverse,EG-Bio,8x25x2g,41.516,2.716000000000001,7
695170,Espresso Bohnenkaffee instant FairTrade,Naturata,Diverse,100% Biozutaten,10x100g,72.546,4.746000000000009,7
635728,Espresso instant FairTrade,Mount Hagen,Diverse,100% Biozutaten,6x50g,16.948800000000002,1.1088000000000022,7
698781,Espresso instant,Lebensbaum,Diverse,100% Biozutaten,6x100g,41.1522,2.6921999999999997,7
35055,Getreide-Bohnen-Kaffee Duo instant glutenfrei,Naturata,Diverse,100% Biozutaten,6x100g,40.18920000000001,2.6292000000000044,7
35015,Getreidekaffee,Lebensbaum,Deutschland,100% Biozutaten,6x100g,18.489600000000003,1.2096000000000018,7
635738,Hafer Cappuccino vegan FairTrade,Mount Hagen,Diverse,100% Biozutaten,8x225g,32.6992,2.139199999999999,7
35016,Instant Kaffee Gourmet,Lebensbaum,Diverse,EG-Bio,6x100g,41.1522,2.6921999999999997,7
635058,Single Origin Kaffee instant FairTrade,Mount Hagen,Papua-Neuguinea,Naturland,6x100g,34.347,2.247,7
536071,Dinkelkaffee instant glutenfrei DEMETER - Nachf.,Naturata,Deutschland,Demeter (Deutschland),6x175g,36.8508,2.410800000000002,7
35050,Dinkelkaffee instant glutenfrei DEMETER,Naturata,Deutschland,Demeter (Deutschland),6x75g,22.791,1.4909999999999997,7
635609,Dinkelkaffee instant,Mount Hagen,Deutschland,Demeter (Deutschland),6x100g,15.151200000000001,0.991200000000001,7
536074,Getreidekaffee Aufguss DEMETER,Naturata,Diverse,Demeter (Deutschland),6x500g,26.450400000000002,1.730400000000003,7
35048,Getreidekaffee instant Cappuccino glutenfrei,Naturata,Diverse,100% Biozutaten,6x175g,32.870400000000004,2.1504000000000048,7
35011,Getreidekaffee instant glutenfrei DEMETER - Dose,Naturata,Europäische Union,Demeter (Deutschland),6x100g,22.791,1.4909999999999997,7
35010,Getreidekaffee instant glutenfrei DEMETER - Dose,Naturata,Europäische Union,Demeter (Deutschland),6x250g,44.1696,2.8896000000000015,7
536070,Getreidekaffee instant glutenfrei DEMETER - Nachf.,Naturata,Europäische Union,Demeter (Deutschland),6x200g,33.705000000000005,2.2050000000000054,7
35012,Getreidekaffee instant glutenfrei DEMETER - Vorrat,Naturata,Europäische Union,Demeter (Deutschland),kg,24.075000000000003,1.5750000000000028,7
536775,Getreidekaffee Zimt & Kardamom instant - Dose,Naturata,Diverse,100% Biozutaten,6x125g,24.010800000000003,1.570800000000002,7
682035,Grüner Kaffee,Sonnentor,Großbritannien+Insel Man,EG-Bio,6x18x3g,19.581000000000003,1.2810000000000024,7
35223,Guafee Getreidekaffee mit Guarana instant,Sinfo,Diverse,100% Biozutaten,4x125g,24.781200000000002,1.6212000000000018,7
636322,Kichererbsenkaffee instant - Dose,Naturata,Diverse,100% Biozutaten,6x100g,27.220800000000004,1.7808000000000028,7
35080,Landkaffee-Getreidekaffee instant,Green organics,Deutschland,100% Biozutaten,6x100g,20.544,1.3440000000000012,7
698535,Löwenzahnwurzel geröstet Falscher Kaffee,Sonnentor,Diverse,EG-Bio,3x75g,20.415599999999998,1.3355999999999995,7
699879,Lupine weiß geröstet Falscher Kaffee,Sonnentor,Deutschland,EG-Bio,6x300g,29.9172,1.9572000000000003,7
635134,Lupinenkaffee Café Pino ganze Bohne BIOLAND,Kornkreis,Baden-Württemberg,Bioland,6x500g,31.393800000000002,2.0538000000000025,7
35035,Lupinenkaffee Cafe Pino glutenfrei BIOLAND,Kornkreis,Deutschland,Bioland,10x500g,46.545,3.0450000000000017,7
635135,Lupinenkaffee Café Pino oriental BIOLAND,Kornkreis,Diverse,Bioland,8x250g,27.563200000000002,1.8032000000000004,7
635137,Lupinenkaffee Café Pino Tassenfilter 7x13g,Kornkreis,Deutschland,Bioland,6x91g,32.0358,2.0958000000000006,7
536258,Lupinenkaffee glutenfrei zum Filtern,Naturata,Europäische Union,EG-Bio,10x500g,40.660000000000004,2.6600000000000037,7
536260,Lupinenkaffee Guarana instant - Dose,Naturata,Diverse,100% Biozutaten,6x150g,32.0358,2.0958000000000006,7
536254,Lupinenkaffee instant glutenfrei - Dose,Naturata,Diverse,100% Biozutaten,6x100g,26.450400000000002,1.730400000000003,7
536253,Lupinenkaffee instant glutenfrei - Nachfüllbeutel,Naturata,Diverse,100% Biozutaten,6x200g,44.041199999999996,2.8811999999999998,7
536259,Lupinenkaffee Kakao instant - Dose,Naturata,Diverse,100% Biozutaten,6x175g,34.0902,2.2302000000000035,7
536244,Malzkaffee instant Chocolino glutenfrei,Naturata,Diverse,100% Biozutaten,6x175g,35.2458,2.305800000000005,7
635607,Malzkaffee instant,Mount Hagen,Deutschland,Demeter (Deutschland),6x100g,14.3808,0.9408000000000012,7
516017,Yannoh Hafer Latte instant,Lima,Deutschland,100% Biozutaten,8x100g,30.816000000000003,2.016000000000002,7
35129,Yannoh instant - Nachfüllbeutel,Lima,Diverse,100% Biozutaten,10x250g,80.14300000000001,5.243000000000009,7
35114,Yannoh instant Original,Lima,Diverse,100% Biozutaten,8x125g,42.4576,2.7775999999999996,7
535918,Zichorie Filter,Lima,Frankreich,100% Biozutaten,6x500g,27.5418,1.8018,7
516016,Zichorie Hafer Latte instant,Lima,Deutschland,100% Biozutaten,8x100g,30.816000000000003,2.016000000000002,7
691271,Zichorie instant,Lima,Polen,100% Biozutaten,6x100g,20.0304,1.3104000000000013,7
536238,Zichorienkaffee instant - Dose,Naturata,Diverse,EG-Bio,6x110g,30.4308,1.9908000000000001,7
536321,Zichorienkaffee instant - Nachfüllbeutel,Naturata,Diverse,EG-Bio,6x220g,50.1402,3.2802000000000007,7
536239,Zichorienkaffee zum Filtern DEMETER,Naturata,Diverse,Demeter (Deutschland),6x500g,28.119600000000002,1.8396000000000008,7
586174,Cacao Kids & Sports,Amanprana,Diverse,100% Biozutaten,4x390g,55.854000000000006,3.6540000000000035,7
687076,Cacao Pur Amaribe stark entölt,GEPA,Diverse,97%,6x125g,21.7638,1.4238,7
687075,Choco Easy Fairness,GEPA,Diverse,100% Biozutaten,6x400g,23.6898,1.5498000000000012,7
536326,Choco Honey Fairness,GEPA,Diverse,99%,6x402g,26.129400000000004,1.7094000000000023,7
699147,Feine Trinkschokolade 50% Kakao,Vivani,Diverse,Demeter (Deutschland),8x300g,37.4072,2.4472000000000023,7
530722,H-Kaffeesahne 10%,Green organics,Deutschland,EG-Bio,15x395g,21.507,1.407,7
30721,H-Kaffeesahne 10%,Green organics,Deutschland,EG-Bio,20x165g,16.906000000000002,1.1060000000000016,7
7092,H-Schokomilch,Green organics,Deutschland,99%,"12x0,5l",15.2796,0.9996000000000009,7
536311,Heiße Schokolade - Nachfüllbeutel,Naturata,Diverse,100% Biozutaten,8x300g,41.8584,2.7384000000000057,7
536248,Heiße Schokolade,Naturata,Diverse,100% Biozutaten,6x350g,40.125,2.625,7
592787,Kakao Pulver RAW,Terrasana,Diverse,EG-Bio,6x160g,52.5156,3.435600000000001,7
35052,Kakaogetränk instant,Naturata,Diverse,100% Biozutaten,6x350g,40.0608,2.6208000000000027,7
529475,Matcha Latte,Terrasana,Diverse,100% Biozutaten,6x120g,29.274,4.6739999999999995,19
529232,Mein Kakao stark entölt,Biovegan,Diverse,100% Biozutaten,6x125g,21.1218,1.381800000000002,7
35753,Schlaukakao BioBengelchen,Sonnentor,Diverse,100% Biozutaten,6x300g,33.5124,2.1923999999999992,7
35597,Trinkschokolade feine Fairness,GEPA,Diverse,98%,6x250g,31.137000000000004,2.0370000000000026,7
45255,3-Kornflocken DEMETER,Spielberger,Europäische Union,Demeter (Deutschland),6x500g,15.2796,0.9996000000000009,7
45226,4-Kornflocken DEMETER,Spielberger,Europäische Union,Demeter (Deutschland),6x500g,9.6942,0.6341999999999999,7
545143,5-Korn Flocken glutenfrei DEMETER,Bauck,Diverse,Demeter (Deutschland),6x475g,16.05,1.0500000000000007,7
545238,5-Kornflocken Zartblatt DEMETER,Spielberger,Europäische Union,Demeter (Deutschland),6x375g,10.0152,0.6552000000000007,7
45230,6-Kornflocken DEMETER,Spielberger,Europäische Union,Demeter (Deutschland),6x500g,9.6942,0.6341999999999999,7
545181,6-Kornflocken ohne Weizen DEMETER,Bauck,Diverse,Demeter (Deutschland),6x500g,12.390600000000001,0.8106000000000009,7
545244,Amaranthflocken glutenfrei DEMETER,Spielberger,Indien,Demeter (Deutschland),4x250g,9.844,0.6440000000000001,7
545287,Beta Glucan Flocken DEMETER,Spielberger,Europäische Union,Demeter (Deutschland),6x500g,15.5364,1.0164000000000009,7
545020,Braunhirseflocken aus Bayern,Tagwerk,Bayern,Naturland,8x500g,29.874400000000005,1.9544000000000032,7
545337,Braunhirseflocken glutenfrei,Spielberger,Diverse,EG-Bio,4x250g,11.984,0.7840000000000007,7
45319,Braunhirseflocken glutenfrei,Naturkostmühle Werz,Deutschland,EG-Bio,6x250g,20.7366,1.3566000000000003,7
545158,Buchweizenflocken glutenfrei DEMETER,Bauck,Diverse,Demeter (Deutschland),6x250g,12.84,0.8399999999999999,7
545343,Buchweizenflocken glutenfrei,Spielberger,Tschechische Republik,EG-Bio,4x250g,7.4472000000000005,0.4872000000000005,7
45251,Buchweizenflocken,Spielberger,Europäische Union,EG-Bio,6x500g,20.0304,1.3104000000000013,7
545285,Darm Wohl Flocken DEMETER,Spielberger,Europäische Union,Demeter (Deutschland),6x500g,15.5364,1.0164000000000009,7
45223,Dinkelflocken fein DEMETER,Spielberger,Baden-Württemberg,Demeter (Deutschland),6x500g,11.6844,0.7644000000000002,7
545176,Dinkelflocken Großblatt - unverpackt,Spielberger,Europäische Union,EG-Bio,"2,5kg",9.416000000000002,0.6160000000000014,7
45222,Dinkelflocken Großblatt DEMETER,Spielberger,Baden-Württemberg,Demeter (Deutschland),6x500g,11.6844,0.7644000000000002,7
45224,Dinkelflocken Zartblatt DEMETER,Spielberger,Baden-Württemberg,Demeter (Deutschland),6x375g,11.6844,0.7644000000000002,7
545116,Dinkelflocken Zartblatt DEMETER,Bauck,Deutschland,Demeter (Deutschland),6x425g,13.6746,0.8946000000000005,7
45265,Einkornflocken DEMETER,Spielberger,Europäische Union,Demeter (Deutschland),4x250g,5.6496,0.36960000000000015,7
45266,Emmerflocken DEMETER,Spielberger,Europäische Union,Demeter (Deutschland),4x250g,5.6496,0.36960000000000015,7
545338,Erdmandelflocken glutenfrei,Spielberger,Diverse,EG-Bio,4x250g,13.3108,0.8708000000000009,7
45322,Erdmandelflocken glutenfrei,Naturkostmühle Werz,Diverse,EG-Bio,6x250g,28.697400000000002,1.8774000000000015,7
98089,Flohsamenschalen,Govinda,Indien,EG-Bio,6x250g,38.4846,6.144599999999997,19
45208,Gerstenflocken DEMETER,Spielberger,Europäische Union,Demeter (Deutschland),6x500g,9.1806,0.6006,7
545052,Hafer Porridge Flocken Zartblatt BIOLAND,Davert Mühle,Deutschland,Bioland,6x500g,10.143600000000001,0.6636000000000006,7
545174,Haferflocken fein Kleinblatt DEMETER - lose,Spielberger,Europäische Union,Demeter (Deutschland),25kg,52.1625,3.4125000000000014,7
545173,Haferflocken fein Kleinblatt DEMETER - Vorrat,Spielberger,Europäische Union,Demeter (Deutschland),5kg,11.556000000000001,0.7560000000000002,7
45218,Haferflocken fein Kleinblatt DEMETER,Spielberger,Europäische Union,Demeter (Deutschland),"2,5kg",5.874300000000001,0.38430000000000053,7
45217,Haferflocken fein Kleinblatt DEMETER,Spielberger,Europäische Union,Demeter (Deutschland),6x500g,8.7954,0.5754000000000001,7
545005,Haferflocken fein,Green organics,Diverse,EG-Bio,10x500g,10.486,0.6859999999999999,7
699290,Haferflocken gekeimt,Govinda,Niederlande,EG-Bio,6x250g,20.415599999999998,1.3355999999999995,7
545054,Haferflocken Großblatt BIOLAND,Davert Mühle,Deutschland,Bioland,4x1kg,10.657200000000001,0.6972000000000005,7
545001,Haferflocken Großblatt BIOLAND,Burgermühle,Deutschland,Bioland,6x500g,6.2916,0.41159999999999997,7
45213,Haferflocken Großblatt DEMETER - unverpackt,Spielberger,Europäische Union,Demeter (Deutschland),"2,5kg",5.874300000000001,0.38430000000000053,7
545170,Haferflocken Großblatt DEMETER - Vorrat,Spielberger,Europäische Union,Demeter (Deutschland),5kg,11.556000000000001,0.7560000000000002,7
545313,Haferflocken Großblatt DEMETER,Spielberger,Europäische Union,Demeter (Deutschland),6x1kg,15.985800000000001,1.0458000000000016,7
545166,Haferflocken Großblatt DEMETER,Bauck,Deutschland,Demeter (Deutschland),6x500g,9.63,0.6300000000000008,7
45212,Haferflocken Großblatt DEMETER,Spielberger,Europäische Union,Demeter (Deutschland),6x500g,8.7954,0.5754000000000001,7
545340,Haferflocken Großblatt glutenfrei DEMETER,Spielberger,Europäische Union,Demeter (Deutschland),6x475g,11.6202,0.7602000000000011,7
545150,Haferflocken Großblatt glutenfrei,Bauck,Deutschland,EG-Bio,6x475g,13.6746,0.8946000000000005,7
545006,Haferflocken Großblatt,Green organics,Diverse,EG-Bio,10x500g,10.593000000000002,0.6930000000000014,7
545051,Haferflocken Kleinblatt BIOLAND,Davert Mühle,Deutschland,Bioland,4x1kg,10.657200000000001,0.6972000000000005,7
545050,Haferflocken Kleinblatt BIOLAND,Davert Mühle,Deutschland,Bioland,6x500g,8.988000000000001,0.588000000000001,7
545000,Haferflocken Kleinblatt BIOLAND,Burgermühle,Deutschland,Bioland,6x500g,6.2916,0.41159999999999997,7
545318,Haferflocken Kleinblatt DEMETER,Spielberger,Europäische Union,Demeter (Deutschland),6x1kg,15.985800000000001,1.0458000000000016,7
545180,Haferflocken Kleinblatt DEMETER,Bauck,Deutschland,Demeter (Deutschland),6x500g,9.63,0.6300000000000008,7
545341,Haferflocken Kleinblatt glutenfrei DEMETER,Spielberger,Deutschland,Demeter (Deutschland),6x475g,11.6202,0.7602000000000011,7
545361,Haferflocken Kleinblatt glutenfrei DEMETER,Spielberger,Deutschland,Demeter (Deutschland),6x950g,18.618,1.218,7
545159,Haferflocken Kleinblatt glutenfrei,Bauck,Diverse,EG-Bio,4x1kg,13.8244,0.9044000000000008,7
635276,Haferflocken Kleinblatt glutenfrei,Bauck,Deutschland,EG-Bio,6x475g,13.6746,0.8946000000000005,7
545207,Haferflocken Zartblatt DEMETER,Spielberger,Europäische Union,Demeter (Deutschland),2kg,5.874300000000001,0.38430000000000053,7
45225,Haferflocken Zartblatt DEMETER,Spielberger,Europäische Union,Demeter (Deutschland),6x375g,8.7954,0.5754000000000001,7
545168,Haferflocken Zartblatt DEMETER,Bauck,Deutschland,Demeter (Deutschland),6x425g,9.63,0.6300000000000008,7
545314,Haferflocken Zartblatt DEMETER,Spielberger,Europäische Union,Demeter (Deutschland),6x750g,15.985800000000001,1.0458000000000016,7
545362,Haferflocken Zartblatt glutenfrei DEMETER,Spielberger,Europäische Union,Demeter (Deutschland),6x375g,11.2992,0.7392000000000003,7
545363,Haferflocken Zartblatt glutenfrei DEMETER,Spielberger,Europäische Union,Demeter (Deutschland),6x750g,17.462400000000002,1.142400000000002,7
545164,Haferflocken Zartblatt glutenfrei,Bauck,Europäische Union,EG-Bio,6x425g,13.6746,0.8946000000000005,7
545286,High Protein Flocken DEMETER,Spielberger,Europäische Union,Demeter (Deutschland),6x500g,15.5364,1.0164000000000009,7
545345,Hirseflocken glutenfrei,Spielberger,Ukraine,EG-Bio,4x250g,5.3500000000000005,0.35000000000000053,7
545163,Hirseflocken glutenfrei,Bauck,Frankreich,EG-Bio,6x500g,16.371000000000002,1.0710000000000015,7
45246,Hirseflocken,Spielberger,Europäische Union,EG-Bio,6x500g,14.766000000000002,0.9660000000000011,7
45269,Kamutflocken,Spielberger,Kanada,EG-Bio,4x250g,7.7468,0.5068000000000001,7
45089,Kastanienflocken,Govinda,Italien,EG-Bio,6x200g,27.927000000000003,1.8270000000000017,7
545353,Porridgeflocken Buchweizen Mischung,Spielberger,Europäische Union,100% Biozutaten,6x400g,15.5364,1.0164000000000009,7
545352,Porridgeflocken Hafer Erdmandel DEMETER,Spielberger,Europäische Union,Demeter (Deutschland),6x425g,12.519,0.8190000000000008,7
545354,Porridgeflocken Hirse Mischung DEMETER,Spielberger,Europäische Union,Demeter (Deutschland),6x400g,15.5364,1.0164000000000009,7
545351,Porridgeflocken Klassik Dinkel DEMETER,Spielberger,Europäische Union,Demeter (Deutschland),6x425g,11.6844,0.7644000000000002,7
545350,Porridgeflocken Klassik Hafer DEMETER,Spielberger,Europäische Union,Demeter (Deutschland),6x425g,9.1806,0.6006,7
545237,Quinoaflocken glutenfrei,Spielberger,Diverse,EG-Bio,4x250g,11.641600000000002,0.7616000000000014,7
545342,Reisflocken glutenfrei DEMETER,Spielberger,Italien,Demeter (Deutschland),4x250g,5.3500000000000005,0.35000000000000053,7
45240,Reisflocken glutenfrei DEMETER,Spielberger,Italien,Demeter (Deutschland),6x500g,13.610400000000002,0.8904000000000014,7
45204,Roggenflocken DEMETER,Spielberger,Baden-Württemberg,Demeter (Deutschland),6x500g,8.9238,0.5838000000000001,7
45232,Sojaflocken DEMETER,Spielberger,Österreich,Demeter (Deutschland),6x500g,15.0228,0.982800000000001,7
572457,1001-Nacht Porridge ungesüßt,Rosengarten,Diverse,100% Biozutaten,6x500g,18.0402,1.1801999999999992,7
572652,Amaranth Basis Müsli - Vorrat,Allos,Diverse,100% Biozutaten,"5x1,5kg",52.1625,3.4125000000000014,7
572851,Amaranth Basis Müsli,Allos,Diverse,100% Biozutaten,5x375G,15.515,1.0150000000000006,7
572852,Amaranth Beeren Müsli,Allos,Diverse,100% Biozutaten,5x375G,16.585,1.0850000000000009,7
572654,Amaranth Früchte Müsli - Vorrat,Allos,Diverse,100% Biozutaten,"5x1,5kg",55.212,3.612000000000002,7
572853,Amaranth Früchte Müsli,Allos,Diverse,100% Biozutaten,5x375G,16.585,1.0850000000000009,7
572860,Amaranth Frühstücksbrei Basis,Allos,Diverse,100% Biozutaten,5x400g,16.585,1.0850000000000009,7
572854,Amaranth Nuss Müsli,Allos,Diverse,100% Biozutaten,5x375G,16.585,1.0850000000000009,7
572653,Amaranth Schoko Müsli - Vorrat,Allos,Diverse,100% Biozutaten,"5x1,5kg",55.212,3.612000000000002,7
572856,Amaranth Schoko Müsli,Allos,Diverse,100% Biozutaten,5x375G,16.585,1.0850000000000009,7
572970,Basis Muesli BIOLAND,Bohlsener Mühle,Diverse,Bioland,6x500g,12.3264,0.8064,7
572765,Basis Müsli BIOLAND Vorrat,Burgermühle,Diverse,Bioland,2kg,3.7771,0.2471000000000001,7
572754,Basis Müsli BIOLAND,Burgermühle,Diverse,Bioland,6x750g,8.410200000000001,0.5502000000000011,7
572953,Basis Müsli DEMETER,Spielberger,Diverse,Demeter (Deutschland),6x750g,13.610400000000002,0.8904000000000014,7
572369,Basis-Müsli DEMETER - Das zarte Kilo,Bauck,Diverse,Demeter (Deutschland),4x1kg,15.7932,1.0332000000000008,7
572466,Basis-Müsli ungesüßt - Vorrat,Rosengarten,Diverse,100% Biozutaten,4x2kg,20.5868,1.3468000000000018,7
572465,Basis-Müsli ungesüßt,Rosengarten,Diverse,100% Biozutaten,6x750g,12.0696,0.7896000000000001,7
572440,Basismüsli,Green organics,Diverse,100% Biozutaten,6x1kg,14.1882,0.9282000000000004,7
701170,Basismüsli,Bio Company,Diverse,100% Biozutaten,6x750g,10.207799999999999,0.6677999999999997,7
572745,Beeren Mandel Knuspermüsli glutenfrei,Hammermühle,Diverse,100% Biozutaten,6x300g,17.013,1.1130000000000013,7
572974,Beeren Muesli BIOLAND,Bohlsener Mühle,Diverse,Bioland,6x400g,19.902,1.3019999999999996,7
572756,Beeren Müsli BIOLAND,Burgermühle,Diverse,Bioland,6x750g,23.2404,1.5204000000000022,7
72207,Beeren-Müsli,Rosengarten,Diverse,100% Biozutaten,6x750g,28.119600000000002,1.8396000000000008,7
572955,Bircher Müsli DEMETER,Spielberger,Diverse,Demeter (Deutschland),6x500g,19.3884,1.2683999999999997,7
572317,Bircher Müsli ungesüßt,Rosengarten,Diverse,100% Biozutaten,6x750g,26.0652,1.7052000000000014,7
572629,Bircher Müsli vegan,Allos,Diverse,100% Biozutaten,6x650g,25.038,1.6380000000000017,7
572753,Bircher Müsli,Burgermühle,Diverse,100% Biozutaten,6x500g,14.059800000000001,0.9198000000000004,7
572746,Bircher Overnight Oats glutenfrei,Hammermühle,Diverse,100% Biozutaten,6x300g,17.013,1.1130000000000013,7
572685,BODENSTELLER Overnight Oats/Wellbeeing Crunchy 202,Allos,Diverse,100% Biozutaten,Display,162.53300000000002,10.63300000000001,7
667048,Choco Chipmunk - Knuspermüsli,Holle,Europäische Union,100% Biozutaten,6x125g,9.951,0.6509999999999998,7
572671,Das ungesüßte Beeren-Müsli,Allos,Diverse,100% Biozutaten,5x500g,15.087,0.9870000000000001,7
572672,Das ungesüßte Nuss-Müsli,Allos,Diverse,100% Biozutaten,5x500g,15.087,0.9870000000000001,7
572673,Das ungesüßte Protein-Müsli,Allos,Diverse,100% Biozutaten,5x450g,15.087,0.9870000000000001,7
572674,Das ungesüßte Schoko-Müsli,Allos,Diverse,100% Biozutaten,5x500g,15.087,0.9870000000000001,7
572684,Der ungesüßte Ayurveda Brei,Allos,Diverse,100% Biozutaten,6x450g,18.104400000000002,1.1844000000000001,7
572679,Der ungesüßte Feige Himbeer Brei,Allos,Diverse,100% Biozutaten,6x500g,18.104400000000002,1.1844000000000001,7
572933,Dinkel Müsli Beeren ungesüsst DEMETER,Bauck,Diverse,Demeter (Deutschland),6x425g,19.26,1.2600000000000016,7
72130,Dinkel Müsli Beeren ungesüsst DEMETER,Bauck,Diverse,Demeter (Deutschland),8x425g,25.68,1.6799999999999997,7
572932,Dinkel Müsli Früchte ungesüsst DEMETER,Bauck,Diverse,Demeter (Deutschland),6x425g,19.26,1.2600000000000016,7
572931,Dinkel Müsli Knusper DEMETER,Bauck,Diverse,Demeter (Deutschland),6x425g,19.26,1.2600000000000016,7
72128,Dinkel Müsli Knusper DEMETER,Bauck,Diverse,Demeter (Deutschland),8x425g,25.68,1.6799999999999997,7
572934,Dinkel Müsli Schoko DEMETER,Bauck,Diverse,Demeter (Deutschland),6x425g,19.26,1.2600000000000016,7
572467,Dinkel-Guten-Morgen-Müsli,Rosengarten,Diverse,100% Biozutaten,6x375g,16.05,1.0500000000000007,7
572623,Entdecker Müsli Frucht,Allos,Diverse,100% Biozutaten,5x400g,13.3215,0.871500000000001,7
572218,Familienmüsli ungesüßt,Rosengarten,Diverse,100% Biozutaten,6x750g,20.094600000000003,1.3146000000000022,7
572973,Früchte Muesli BIOLAND,Bohlsener Mühle,Diverse,Bioland,6x500g,19.902,1.3019999999999996,7
572766,Früchte Müsli BIOLAND Vorrat,Burgermühle,Diverse,Bioland,2kg,7.597,0.4970000000000008,7
572755,Früchte Müsli BIOLAND,Burgermühle,Diverse,Bioland,6x750g,17.655,1.1550000000000011,7
572956,Früchte Müsli DEMETER,Spielberger,Diverse,Demeter (Deutschland),6x500g,23.304600000000004,1.524600000000003,7
572455,Früchte Porridge ungesüßt,Rosengarten,Diverse,100% Biozutaten,6x500g,16.05,1.0500000000000007,7
72227,Früchte-Müsli ungesüßt - Vorrat,Rosengarten,Diverse,100% Biozutaten,4x2kg,45.49640000000001,2.9764000000000053,7
72204,Früchte-Müsli ungesüßt,Rosengarten,Diverse,100% Biozutaten,6x750g,26.0652,1.7052000000000014,7
701168,Früchtemüsli,Bio Company,Diverse,100% Biozutaten,6x500g,17.655,1.1550000000000011,7
686821,Frühstücksbowl Golden Milk die Kämpferin,Tzampas,Diverse,100% Biozutaten,5x450g,22.7375,1.4875000000000007,7
686822,Frühstücksbowl Protein Apple Spice der Aktive,Tzampas,Diverse,100% Biozutaten,5x450g,24.449500000000004,1.5995000000000026,7
686820,Frühstücksbowl Tigernut der Ehrgeizige,Tzampas,Diverse,100% Biozutaten,5x450g,22.7375,1.4875000000000007,7
572839,Hafer Crunchy Kakao,Rosengarten,Diverse,100% Biozutaten,6x350g,12.0696,0.7896000000000001,7
572838,Hafer Crunchy Natur,Rosengarten,Diverse,100% Biozutaten,6x350g,12.0696,0.7896000000000001,7
572994,Hafer Müsli Basis glutenfrei DEMETER,Bauck,Diverse,Demeter (Deutschland),6x425g,18.553800000000003,1.2138000000000027,7
572927,Hafer Müsli Basis glutenfrei DEMETER,Bauck,Diverse,Demeter (Deutschland),8x425g,24.738400000000002,1.6184000000000012,7
572996,Hafer Müsli Beeren glutenfrei DEMETER,Bauck,Diverse,Demeter (Deutschland),6x425g,19.26,1.2600000000000016,7
572925,Hafer Müsli Beeren glutenfrei DEMETER,Bauck,Diverse,Demeter (Deutschland),8x425g,25.68,1.6799999999999997,7
572944,Hafer Müsli Beeren XXL glutenfrei DEMETER,Bauck,Diverse,Demeter (Deutschland),4x900g,23.968,1.5680000000000014,7
572995,Hafer Müsli Bircher glutenfrei DEMETER,Bauck,Diverse,Demeter (Deutschland),6x425g,19.26,1.2600000000000016,7
572928,Hafer Müsli Bircher glutenfrei DEMETER,Bauck,Diverse,Demeter (Deutschland),8x425g,25.68,1.6799999999999997,7
572991,Hafer Müsli Früchte & Flakes glutenfrei DEMETER,Bauck,Diverse,Demeter (Deutschland),6x425g,19.26,1.2600000000000016,7
572920,Hafer Müsli Früchte & Flakes glutenfrei DEMETER,Bauck,Diverse,Demeter (Deutschland),8x425g,25.68,1.6799999999999997,7
572924,Hafer Müsli Früchte glutenfrei DEMETER,Bauck,Diverse,Demeter (Deutschland),8x425g,25.68,1.6799999999999997,7
572990,Hafer Müsli Hofmischung glutenfrei DEMETER,Bauck,Diverse,Demeter (Deutschland),6x425g,19.26,1.2600000000000016,7
572993,Hafer Müsli Nussgenuss glutenfrei DEMETER,Bauck,Diverse,Demeter (Deutschland),6x425g,19.26,1.2600000000000016,7
572929,Hafer Müsli Protein glutenfrei DEMETER,Bauck,Diverse,Demeter (Deutschland),8x425g,25.68,1.6799999999999997,7
572997,Hafer Müsli Protein glutenfrei,Bauck,Diverse,100% Biozutaten,6x425g,19.26,1.2600000000000016,7
572992,Hafer Müsli Schoko & Flakes glutenfrei DEMETER,Bauck,Diverse,Demeter (Deutschland),6x425g,19.26,1.2600000000000016,7
572921,Hafer Müsli Schoko & Flakes glutenfrei DEMETER,Bauck,Diverse,Demeter (Deutschland),8x425g,25.68,1.6799999999999997,7
572945,Hafer Müsli Schoko XXL glutenfrei DEMETER,Bauck,Diverse,Demeter (Deutschland),4x900g,23.968,1.5680000000000014,7
572733,Heidelbeer Vanille Müsli ungesüßt,Rosengarten,Diverse,100% Biozutaten,6x400g,18.104400000000002,1.1844000000000001,7
572633,Hildegards Dinkel-Müsli vegan,Allos,Diverse,100% Biozutaten,5x500g,20.223,1.3230000000000004,7
572456,Himbeer Porridge ungesüßt,Rosengarten,Diverse,100% Biozutaten,6x500g,24.075000000000003,1.5750000000000028,7
572632,Hof-Müsli Bircher vegan - Vorrat,Allos,Diverse,100% Biozutaten,5x2kg,58.85,3.8500000000000014,7
572708,Hot Hafer Apfel-Zimt glutenfrei DEMETER,Bauck,Diverse,Demeter (Deutschland),6x400g,18.489600000000003,1.2096000000000018,7
572706,Hot Hafer Basis glutenfrei DEMETER,Bauck,Diverse,Demeter (Deutschland),6x400g,13.6746,0.8946000000000005,7
572724,Hot Hafer Golden Milk Porridge glutenfrei DEMETER,Bauck,Diverse,Demeter (Deutschland),6x400g,18.489600000000003,1.2096000000000018,7
572707,Hot Hafer mit Beeren glutenfrei DEMETER,Bauck,Diverse,Demeter (Deutschland),6x400g,18.489600000000003,1.2096000000000018,7
572723,Hot Hafer Protein Porridge,Bauck,Diverse,100% Biozutaten,6x400g,20.800800000000002,1.3608000000000011,7
572709,Hot Hafer Schoko glutenfrei DEMETER,Bauck,Diverse,Demeter (Deutschland),6x400g,18.489600000000003,1.2096000000000018,7
572714,Hot Hafer Wunder Porridge glutenfrei DEMETER,Bauck,Diverse,Demeter (Deutschland),6x400g,18.489600000000003,1.2096000000000018,7
572715,Hot Hirse Morgengold glutenfrei,Bauck,Diverse,100% Biozutaten,6x400g,20.800800000000002,1.3608000000000011,7
572318,Kakao Bananen Müsli,Rosengarten,Diverse,100% Biozutaten,6x375g,16.05,1.0500000000000007,7
572329,Kakao Crunchy mit Erdbeeren,Rosengarten,Diverse,100% Biozutaten,6x300g,15.2796,0.9996000000000009,7
572328,Kakao Porridge ungesüßt,Rosengarten,Diverse,100% Biozutaten,6x500g,18.0402,1.1801999999999992,7
72134,Knusper Choco Mix Zartbitter glutenfrei,Bauck,Diverse,100% Biozutaten,6x300g,21.956400000000002,1.4364000000000026,7
699527,Knusper Müsli Granola High Protein Peanut Cacao,Bett'r,Diverse,100% Biozutaten,6x300g,19.9662,1.3062000000000005,7
667047,Lama Loops - Knuspermüsli,Holle,Europäische Union,100% Biozutaten,6x125g,9.951,0.6509999999999998,7
72235,Mandel-Himbeer-Müsli,Rosengarten,Diverse,100% Biozutaten,6x375g,20.223,1.3230000000000004,7
572537,Mein Crunchy Himbeer-Zitrone BIOLAND,Bohlsener Mühle,Diverse,Bioland,6x400g,19.902,1.3019999999999996,7
572538,Mein Crunchy Mandel-Nuss BIOLAND,Bohlsener Mühle,Diverse,Bioland,6x400g,19.902,1.3019999999999996,7
572534,Mein Crunchy Schoko Erdbeer BIOLAND,Bohlsener Mühle,Diverse,Bioland,6x375g,19.902,1.3019999999999996,7
572960,Mond & Sterne Kindermüsli DEMETER,Spielberger,Diverse,Demeter (Deutschland),"4x1,25kg",29.4036,1.9236000000000004,7
572950,Mond & Sterne Kindermüsli DEMETER,Spielberger,Diverse,Demeter (Deutschland),6x375g,14.766000000000002,0.9660000000000011,7
572951,Mond & Sterne Kindermüsli DEMETER,Spielberger,Diverse,Demeter (Deutschland),6x750g,27.220800000000004,1.7808000000000028,7
72202,Nuss-Müsli,Rosengarten,Diverse,100% Biozutaten,6x750g,28.119600000000002,1.8396000000000008,7
572952,Orig. Mühlen Müsli m. ganzen Haselnüssen DEMETER,Spielberger,Diverse,Demeter (Deutschland),6x500g,19.3884,1.2683999999999997,7
572961,Orig. Mühlen Müsli m. Haselnüssen DEMETER,Spielberger,Diverse,Demeter (Deutschland),"4x1,5kg",29.4036,1.9236000000000004,7
572636,Overnight Oats Apple Pie,Allos,Diverse,100% Biozutaten,6x375g,19.902,1.3019999999999996,7
572651,Overnight Oats Sunny Mango,Allos,Diverse,100% Biozutaten,6x375g,19.902,1.3019999999999996,7
572905,Porridge Cup Apfel-Zimt,Davert Mühle,Diverse,100% Biozutaten,8x65g,8.132,0.532,7
572364,Schoko Knusper Müsli glutenfrei,Hammermühle,Diverse,100% Biozutaten,6x250g,18.939,1.2390000000000008,7
572971,Schoko Muesli Vollmilch BIOLAND,Bohlsener Mühle,Diverse,Bioland,6x400g,19.902,1.3019999999999996,7
572972,Schoko Muesli Zartbitter BIOLAND,Bohlsener Mühle,Diverse,Bioland,6x400g,19.902,1.3019999999999996,7
572767,Schoko Müsli BIOLAND Vorrat,Burgermühle,Diverse,Bioland,2kg,6.409300000000001,0.41930000000000067,7
572757,Schoko Müsli BIOLAND,Burgermühle,Diverse,Bioland,6x750g,14.766000000000002,0.9660000000000011,7
572954,Schoko Müsli DEMETER,Spielberger,Diverse,Demeter (Deutschland),6x375g,15.5364,1.0164000000000009,7
72211,Schoko-Müsli,Rosengarten,Diverse,100% Biozutaten,6x750g,28.119600000000002,1.8396000000000008,7
701166,Schokomüsli,Bio Company,Diverse,100% Biozutaten,6x500g,15.408000000000001,1.008000000000001,7
572441,Schokomüsli,Green organics,Diverse,100% Biozutaten,6x500g,12.3264,0.8064,7
572319,Sternentraum Müsli,Rosengarten,Diverse,100% Biozutaten,6x375g,16.05,1.0500000000000007,7
72233,Waldbeeren-Früchte-Müsli,Rosengarten,Diverse,100% Biozutaten,6x375g,20.223,1.3230000000000004,7
572900,XL Porridge Vanille BIOLAND,Davert Mühle,Deutschland,Bioland,6x455g,22.405800000000003,1.4658000000000015,7
572519,100% Dinkel Crunchy BIOLAND,Bohlsener Mühle,Diverse,Bioland,6x400g,16.1784,1.0584000000000007,7
572517,100% Hafer Crunchy BIOLAND,Bohlsener Mühle,Diverse,Bioland,6x400g,16.1784,1.0584000000000007,7
572518,100% Schoko Crunchy BIOLAND,Bohlsener Mühle,Diverse,Bioland,6x400g,16.1784,1.0584000000000007,7
72169,4-Korn Mandel Crunchy glutenfrei,Naturkostmühle Werz,Diverse,100% Biozutaten,6x250g,22.470000000000002,1.4700000000000024,7
72145,Amaranth-Crunchy Beerenfrucht,Allos,Diverse,100% Biozutaten,6x400g,22.470000000000002,1.4700000000000024,7
72147,Amaranth-Crunchy Edelnuss,Allos,Diverse,100% Biozutaten,6x400g,22.470000000000002,1.4700000000000024,7
72144,Amaranth-Crunchy pur,Allos,Diverse,100% Biozutaten,6x400g,18.618,1.218,7
72146,Amaranth-Crunchy Schokolade,Allos,Diverse,100% Biozutaten,6x400g,22.470000000000002,1.4700000000000024,7
572748,Apfelstrudel Crunchy glutenfrei,Hammermühle,Diverse,100% Biozutaten,6x300g,16.7562,1.0961999999999996,7
572833,Apple Crumble Crunchy Limited Edition,Rosengarten,Diverse,100% Biozutaten,6x350g,15.985800000000001,1.0458000000000016,7
72178,Buchweizen Crunchy glutenfrei,Naturkostmühle Werz,Diverse,100% Biozutaten,6x200g,22.3416,1.4616000000000007,7
572634,Crunchy Granola Immunity,Allos,Diverse,100% Biozutaten,5x375G,16.585,1.0850000000000009,7
572635,Crunchy Granola Vitality,Allos,Diverse,100% Biozutaten,5x375G,16.585,1.0850000000000009,7
701164,Crunchy Hafer Schokomüsli,Bio Company,Diverse,100% Biozutaten,6x375g,14.059800000000001,0.9198000000000004,7
572525,DISPLAY Krunchy Christmas,Barnhouse,Diverse,100% Biozutaten,20x375g,73.18800000000002,4.788000000000011,7
572846,Gebackenes Crunchy Beere,Allos,Diverse,100% Biozutaten,5x375G,15.301000000000002,1.0010000000000012,7
572847,Gebackenes Crunchy Nuss,Allos,Diverse,100% Biozutaten,5x375G,15.301000000000002,1.0010000000000012,7
572845,Gebackenes Crunchy Schoko,Allos,Diverse,100% Biozutaten,5x375G,15.301000000000002,1.0010000000000012,7
699767,Granola Classic vegan glutenfrei,Schnitzer,Diverse,95%,6x325g,15.664800000000001,1.0248000000000008,7
572543,Granola Himbeere BIOLAND,Bohlsener Mühle,Diverse,Bioland,6x350g,17.9118,1.171800000000001,7
699768,Granola Schoko vegan glutenfrei,Schnitzer,Diverse,95%,6x325g,19.6452,1.2851999999999997,7
572938,Hafer Crunchy Beeren glutenfrei,Bauck,Diverse,EG-Bio,6x300g,19.26,1.2600000000000016,7
572727,Hafer Crunchy Schoko glutenfrei,Bauck,Diverse,100% Biozutaten,6x325g,19.26,1.2600000000000016,7
572939,Hafer Crunchy Schoko Nuss glutenfrei,Bauck,Diverse,EG-Bio,6x300g,19.26,1.2600000000000016,7
572726,Hafer Crunchy Vanille glutenfrei,Bauck,Diverse,100% Biozutaten,6x325g,19.26,1.2600000000000016,7
72309,Kakao-Monde,Bohlsener Mühle,Diverse,100% Biozutaten,6x250g,13.161000000000001,0.8610000000000007,7
72199,Kakao-Reisbällchen Knuspi-Kids,Barnhouse,Diverse,100% Biozutaten,6x250g,15.5364,1.0164000000000009,7
555301,Kokosflakes,Dr. Goerg,Philippinen,EG-Bio,6x300g,22.791,1.4909999999999997,7
555302,Kokosraspel,Dr. Goerg,Philippinen,EG-Bio,6x300g,22.791,1.4909999999999997,7
572047,Krunchy Amaranth-Dinkel-Nuss alternativ gesüßt,Barnhouse,Diverse,100% Biozutaten,6x375g,21.1218,1.381800000000002,7
572874,Krunchy Apfel-Zimt,Barnhouse,Diverse,100% Biozutaten,"5x1,25kg",36.6475,2.397500000000001,7
572578,Krunchy Apfel-Zimt,Barnhouse,Diverse,100% Biozutaten,6x375g,17.9118,1.171800000000001,7
572579,Krunchy Apfel-Zimt,Barnhouse,Diverse,100% Biozutaten,6x750g,27.606,1.806000000000001,7
572898,Krunchy Chocolate Banana Chunks,Barnhouse,Diverse,100% Biozutaten,6x450g,26.001,1.7010000000000005,7
572875,Krunchy Chocolate Chunks,Barnhouse,Diverse,100% Biozutaten,"5x1,25kg",42.746500000000005,2.7965000000000018,7
572406,Krunchy Chocolate Chunks,Barnhouse,Diverse,100% Biozutaten,6x500g,21.956400000000002,1.4364000000000026,7
572569,Krunchy Christmas,Barnhouse,Diverse,100% Biozutaten,6x375g,21.956400000000002,1.4364000000000026,7
72041,Krunchy Classic,Barnhouse,Diverse,100% Biozutaten,6x600g,21.956400000000002,1.4364000000000026,7
572980,Krunchy Cocoa 30% weniger Zucker,Barnhouse,Diverse,100% Biozutaten,6x500g,26.643,1.743000000000002,7
572982,Krunchy Dinkel 30% weniger Zucker,Barnhouse,Deutschland,100% Biozutaten,6x600g,22.791,1.4909999999999997,7
72057,Krunchy Dinkel,Barnhouse,Diverse,100% Biozutaten,6x600g,21.956400000000002,1.4364000000000026,7
72058,Krunchy Erdbeer,Barnhouse,Diverse,100% Biozutaten,6x375g,22.791,1.4909999999999997,7
72052,Krunchy Erdbeer,Barnhouse,Diverse,100% Biozutaten,6x700g,39.804,2.603999999999999,7
572873,Krunchy Erdbeere,Barnhouse,Diverse,100% Biozutaten,"5x1,25kg",56.71,3.710000000000001,7
572983,Krunchy Hafer 30% weniger Zucker,Barnhouse,Deutschland,100% Biozutaten,6x625g,22.791,1.4909999999999997,7
572870,Krunchy Hafer alternativ gesüßt,Barnhouse,Diverse,100% Biozutaten,"5x1,25kg",35.042500000000004,2.292500000000004,7
572981,Krunchy Haselnuss 30% weniger Zucker,Barnhouse,Diverse,100% Biozutaten,6x500g,26.643,1.743000000000002,7
572888,Krunchy High Protein Erdbeer Vanille,Barnhouse,Diverse,100% Biozutaten,6x450g,29.853,1.953000000000003,7
572876,Krunchy Himbeere,Barnhouse,Deutschland,100% Biozutaten,6x500g,27.606,1.806000000000001,7
72189,Krunchy Honig,Barnhouse,Diverse,100% Biozutaten,6x600g,27.606,1.806000000000001,7
572890,Krunchy Linse Apfel,Barnhouse,Diverse,100% Biozutaten,6x325g,21.956400000000002,1.4364000000000026,7
572821,Krunchy Low Sugar (No) Choco,Barnhouse,Deutschland,100% Biozutaten,6x375g,18.8748,1.2348,7
572819,Krunchy Low Sugar Crazy Nuts,Barnhouse,Diverse,100% Biozutaten,6x375g,18.8748,1.2348,7
572817,Krunchy Low Sugar Plain Grain,Barnhouse,Diverse,100% Biozutaten,6x375g,19.581000000000003,1.2810000000000024,7
572814,Krunchy Low Sugar Silly Seeds,Barnhouse,Diverse,100% Biozutaten,6x375g,19.581000000000003,1.2810000000000024,7
572818,Krunchy Low Sugar Very Berry,Barnhouse,Diverse,100% Biozutaten,6x375g,23.8824,1.5624000000000002,7
572892,Krunchy Salted Caramel Chunks,Barnhouse,Diverse,100% Biozutaten,6x500g,21.956400000000002,1.4364000000000026,7
72045,Krunchy Schoko-Nuss,Barnhouse,Diverse,100% Biozutaten,6x375g,21.1218,1.381800000000002,7
572064,Krunchy Schoko-Nuss,Barnhouse,Diverse,100% Biozutaten,6x750g,35.952000000000005,2.352000000000004,7
572872,Krunchy Schoko,Barnhouse,Diverse,100% Biozutaten,"5x1,25kg",40.07150000000001,2.6215000000000046,7
72061,Krunchy Schoko,Barnhouse,Diverse,100% Biozutaten,6x375g,17.9118,1.171800000000001,7
72074,Krunchy Schoko,Barnhouse,Diverse,100% Biozutaten,6x750g,29.211000000000002,1.9110000000000014,7
572984,Krunchy Waldbeere 30% weniger Zucker,Barnhouse,Diverse,100% Biozutaten,6x500g,26.643,1.743000000000002,7
572349,Nuss Crunchy glutenfrei,Hammermühle,Diverse,100% Biozutaten,6x300g,18.8748,1.2348,7
572844,Nutri+ ungesüßtes Crunchy Frucht-Edelnuss,Allos,Diverse,100% Biozutaten,5x350g,16.585,1.0850000000000009,7
572843,Nutri+ ungesüßtes Crunchy Kakao,Allos,Diverse,100% Biozutaten,5x350g,16.585,1.0850000000000009,7
572858,Nutri+ ungesüßtes Crunchy Pur,Allos,Diverse,100% Biozutaten,5x350g,13.6425,0.8925000000000001,7
699769,Schokoballs vegan glutenfrei,Schnitzer,Diverse,95%,6x180g,13.225200000000001,0.8652000000000015,7
572913,Turtle Marshmallow Crunchies glutenfrei,Turtle Porridge,Diverse,100% Biozutaten,8x300g,29.874400000000005,1.9544000000000032,7
572527,VORORDER DISPLAY Krunchy Christmas,Barnhouse,Diverse,100% Biozutaten,20x375g,69.55,4.549999999999997,7
572014,Amaranth Pops,Davert Mühle,Indien,EG-Bio,6x125g,8.217600000000001,0.5376000000000012,7
572423,Braunhirsebällchen glutenfrei,Spielberger,Diverse,100% Biozutaten,6x150g,13.995600000000001,0.9156000000000013,7
45323,Braunhirseflakes glutenfrei,Naturkostmühle Werz,Diverse,100% Biozutaten,5x250g,19.5275,1.2774999999999999,7
72174,Buchweizen Vollkornflakes glutenfrei,Naturkostmühle Werz,Diverse,100% Biozutaten,5x250g,24.610000000000003,1.610000000000003,7
572930,Choco Balls glutenfrei,Bauck,Diverse,EG-Bio,4x275g,14.552,0.952,7
572936,Choco Igel Hafer glutenfrei,Bauck,Diverse,EG-Bio,6x225g,19.26,1.2600000000000016,7
72035,Cornflakes glutenfrei DEMETER,Spielberger,Europäische Union,Demeter (Deutschland),6x250g,12.005400000000002,0.785400000000001,7
572719,Cornflakes glutenfrei,Bauck,Diverse,100% Biozutaten,4x280g,8.346,0.5460000000000003,7
572566,Cornflakes ohne Salz und Zucker,Davert Mühle,Diverse,EG-Bio,6x250g,11.4276,0.7476000000000003,7
42152,Cornflakes original Mr. Reens,Barnhouse,Diverse,100% Biozutaten,10x375g,25.894000000000002,1.6940000000000026,7
701160,Cornflakes ungesüßt,Bio Company,Europäische Union,EG-Bio,6x250g,9.5658,0.6257999999999999,7
701172,Cornflakes Vollkorn,Bio Company,Deutschland,EG-Bio,6x250g,11.877,0.777000000000001,7
572118,Cornflakes,Green organics,Diverse,100% Biozutaten,10x375g,17.655,1.1550000000000011,7
572643,Dinkel Pops ohne Zucker-u.Salzzusatz,Davert Mühle,Deutschland,EG-Bio,6x170g,8.153400000000001,0.5334000000000012,7
72181,Dinkel-Honig-Poppies,Allos,Diverse,100% Biozutaten,6x300g,20.544,1.3440000000000012,7
72081,Dinkel-Kakao-Poppies,Allos,Diverse,100% Biozutaten,6x275g,20.544,1.3440000000000012,7
572644,Dinkelflakes BIOLAND ohne Zucker-u.Salzzusatz,Davert Mühle,Deutschland,Bioland,6x250g,12.198,0.798,7
72011,Dinkelflakes ungesüßt DEMETER,Spielberger,Europäische Union,Demeter (Deutschland),6x250g,13.995600000000001,0.9156000000000013,7
72109,Dinkelpops mit Honig gesüßt BIOLAND,Kornkreis,Baden-Württemberg,Bioland,10x200g,27.713,1.8130000000000024,7
572823,Flakes Dinkel,Barnhouse,Diverse,100% Biozutaten,6x200g,12.7758,0.8358000000000008,7
572822,Flakes Hafer,Barnhouse,Diverse,100% Biozutaten,6x275g,13.610400000000002,0.8904000000000014,7
572940,Hafer Knuspermüsli Apfel Zimt glutenfrei,Bauck,Diverse,EG-Bio,6x300g,19.26,1.2600000000000016,7
572942,Hafer Knuspermüsli Mango Himbeere glutenfrei,Bauck,Diverse,EG-Bio,6x285G,19.26,1.2600000000000016,7
572941,Hafer Knuspermüsli Nuss Krokant glutenfrei,Bauck,Diverse,EG-Bio,6x300g,19.26,1.2600000000000016,7
572943,Hafer Knuspermüsli Schoko glutenfrei,Bauck,Diverse,EG-Bio,6x300g,19.26,1.2600000000000016,7
572379,Haferpops glutenfrei,Bauck,Diverse,100% Biozutaten,6x150g,12.7758,0.8358000000000008,7
572781,Haselnuss-Schoko Kissen,Vitabella Cerealien,Diverse,100% Biozutaten,8x300g,30.816000000000003,2.016000000000002,7
72170,Quinoa gepufft glutenfrei,Naturkostmühle Werz,Diverse,EG-Bio,10x125g,32.635000000000005,2.135000000000005,7
572637,Schoko Cornflakes glutenfrei,Hammermühle,Diverse,100% Biozutaten,8x200g,23.968,1.5680000000000014,7
572780,Schoko Reis Crispies,Vitabella Cerealien,Diverse,100% Biozutaten,8x300g,27.392000000000003,1.7920000000000016,7
572914,Turtle Choco Balls,Turtle Porridge,Diverse,100% Biozutaten,7x300g,23.593500000000002,1.5435000000000016,7
572917,Turtle Cinnamon Bites glutenfrei,Turtle Porridge,Europäische Union,100% Biozutaten,8x300g,26.707200000000004,1.747200000000003,7
572911,Turtle Cocoa Pillows mit Haselnussfüllug glutenf.,Turtle Porridge,Diverse,100% Biozutaten,12x300g,52.900800000000004,3.460800000000006,7
572916,Turtle Cocoa Smiles,Turtle Porridge,Diverse,100% Biozutaten,7x300g,18.8748,1.2348,7
572910,Turtle Color Loops glutenfrei,Turtle Porridge,Diverse,100% Biozutaten,8x300g,27.3064,1.7864000000000004,7
572783,Turtle Cornflakes Dark Chocolate glutenfrei,Turtle Porridge,Diverse,100% Biozutaten,6x250g,35.2458,2.305800000000005,7
572906,Turtle Granola Pekannuss & Ahornsirup glutenfrei,Turtle Porridge,Europäische Union,100% Biozutaten,8x350g,37.5784,2.4584000000000046,7
572909,Turtle Granola Schokolade & Haselnuss glutenfrei,Turtle Porridge,Europäische Union,100% Biozutaten,8x350g,37.5784,2.4584000000000046,7
572912,Turtle Low Sugar Pillows m. Erdnussfüllung glutenf,Turtle Porridge,Diverse,100% Biozutaten,8x300g,32.4424,2.122399999999999,7
572907,Turtle Power Granola Nüsse & Saaten glutenfrei,Turtle Porridge,Diverse,100% Biozutaten,8x350g,37.5784,2.4584000000000046,7
72173,Vollkorn Dinkel gepufft,Naturkostmühle Werz,Diverse,EG-Bio,10x150g,27.285,1.7850000000000001,7
72172,Vollkorn Hirse gepufft glutenfrei,Naturkostmühle Werz,Diverse,EG-Bio,10x125g,30.388,1.988000000000003,7
72166,Vollkorn Reis gepufft glutenfrei,Naturkostmühle Werz,Diverse,EG-Bio,10x125g,26.643,1.743000000000002,7
572565,Vollkorn-Cornflakes,Davert Mühle,Diverse,EG-Bio,6x250g,12.0696,0.7896000000000001,7
72171,Vollkornamaranth gepufft glutenfrei,Naturkostmühle Werz,Diverse,EG-Bio,10x125g,30.388,1.988000000000003,7
572935,Zimt Balls glutenfrei,Bauck,Diverse,EG-Bio,4x275g,14.552,0.952,7
40640,6-Korn-Mischung DEMETER,Spielberger,Europäische Union,Demeter (Deutschland),6x1kg,13.5462,0.8862000000000005,7
40710,Amaranth,Davert Mühle,Indien,EG-Bio,8x500g,19.088800000000003,1.2488000000000028,7
40455,Braunhirse aus Bayern ungeschält,Tagwerk,Bayern,Naturland,8x500g,26.964000000000002,1.764000000000003,7
42114,Braunhirse ganz keimfähig glutenfrei,Naturkostmühle Werz,Diverse,EG-Bio,5x500g,17.548,1.1479999999999997,7
540546,Buchweizen - unverpackt,Spielberger,Tschechische Republik,EG-Bio,5kg,16.585,1.0850000000000009,7
540466,Buchweizen aus Bayern,Tagwerk,Bayern,Naturland,6x1kg,34.60380000000001,2.2638000000000034,7
540220,Buchweizen aus Bayern,Tagwerk,Bayern,Naturland,8x500g,26.964000000000002,1.764000000000003,7
540746,Buchweizen aus deutschem Anbau BIOLAND,Bohlsener Mühle,Deutschland,Bioland,6x500g,15.151200000000001,0.991200000000001,7
40690,Buchweizen DEMETER,Spielberger,Europäische Union,Demeter (Deutschland),4x500g,11.641600000000002,0.7616000000000014,7
540733,Buchweizen,Davert Mühle,Polen,EG-Bio,8x1kg,38.177600000000005,2.4976000000000056,7
40703,Buchweizen,Davert Mühle,Polen,EG-Bio,8x500g,21.828,1.4280000000000008,7
542247,Buchweizenmehl aus Bayern,Tagwerk,Bayern,Naturland,8x500g,24.396,1.596,7
540221,Bulgur aus Buchweizen,Tagwerk,Bayern,Naturland,8x500g,24.396,1.596,7
596592,Chiasamen,Govinda,Diverse,EG-Bio,6x200g,16.371000000000002,1.0710000000000015,7
96595,Chiasamen,Govinda,Diverse,EG-Bio,6x450g,28.825800000000005,1.8858000000000033,7
40586,Dinkel BIOLAND,Davert Mühle,Deutschland,Bioland,8x1kg,21.828,1.4280000000000008,7
540186,Dinkel DEMETER - lose,Spielberger,Deutschland,Demeter (Deutschland),25kg,60.13400000000001,3.9340000000000046,7
40582,Dinkel DEMETER - unverpackt,Spielberger,Deutschland,Demeter (Deutschland),5kg,12.305000000000001,0.8050000000000015,7
40580,Dinkel DEMETER,Spielberger,Deutschland,Demeter (Deutschland),6x1kg,16.1784,1.0584000000000007,7
542186,Dinkelino Kochdinkel BIOLAND,Kornkreis,Baden-Württemberg,Bioland,6x500g,18.1686,1.188600000000001,7
40452,Einkorn aus Bayern BIOLAND,Tagwerk,Bayern,Bioland,6x1kg,24.075000000000003,1.5750000000000028,7
45268,Einkorn DEMETER,Spielberger,Baden-Württemberg,Demeter (Deutschland),4x500g,7.789600000000001,0.5096000000000007,7
40450,Emmer aus Bayern,Tagwerk,Bayern,Naturland,6x1kg,21.828,1.4280000000000008,7
45267,Emmer DEMETER,Spielberger,Österreich,Demeter (Deutschland),4x500g,7.789600000000001,0.5096000000000007,7
626639,Fränkischer Grünkern,Erdmann Hauser,Deutschland,Demeter (Deutschland),6x500g,15.985800000000001,1.0458000000000016,7
542182,Gerstengraupen aus Bayern DEMETER,Tagwerk,Bayern,Demeter (Deutschland),8x500g,14.552,0.952,7
40535,Gerstengraupen geschält DEMETER,Spielberger,Deutschland,Demeter (Deutschland),4x500g,6.676800000000001,0.43680000000000074,7
626638,Gerstengraupen,Erdmann Hauser,Deutschland,Demeter (Deutschland),6x500g,8.025,0.5250000000000004,7
40670,Goldhirse DEMETER,Spielberger,Europäische Union,Demeter (Deutschland),4x500g,8.9024,0.5823999999999998,7
40671,Goldhirse DEMETER,Spielberger,Europäische Union,Demeter (Deutschland),6x1kg,24.010800000000003,1.570800000000002,7
626637,Goldhirse,Erdmann Hauser,Deutschland,Demeter (Deutschland),6x500g,11.6844,0.7644000000000002,7
540444,Goldhirse,Davert Mühle,Polen,EG-Bio,8x500g,16.435200000000002,1.0752000000000024,7
40590,Grünkern DEMETER,Spielberger,Deutschland,Demeter (Deutschland),4x500g,10.700000000000001,0.7000000000000011,7
40426,Grünkern,Davert Mühle,Deutschland,EG-Bio,8x500g,23.454400000000003,1.5344000000000015,7
40410,Hafer entspelzt,Davert Mühle,Europäische Union,EG-Bio,8x1kg,21.828,1.4280000000000008,7
540543,Hafer geschält DEMETER - unverpackt,Spielberger,Deutschland,Demeter (Deutschland),5kg,10.689300000000001,0.6993000000000009,7
40540,Hafer geschält DEMETER,Spielberger,Deutschland,Demeter (Deutschland),6x1kg,14.7018,0.9618000000000002,7
545081,Hanfsamen geschält,Govinda,Europäische Union,EG-Bio,6x150g,19.3884,1.2683999999999997,7
540800,Hirse aus deutschem Anbau BIOLAND,Bohlsener Mühle,Deutschland,Bioland,6x500g,15.985800000000001,1.0458000000000016,7
540166,Hirse BIOLAND aus Süddeutschland,Kornkreis,Baden-Württemberg,Bioland,6x500g,20.0304,1.3104000000000013,7
40438,Hirse feinkörnig - Kochbeutel,Davert Mühle,Diverse,EG-Bio,6x250g,11.4276,0.7476000000000003,7
540485,Hirse feinkörnig,Davert Mühle,Volksrepublik China,EG-Bio,8x1kg,35.096,2.2959999999999994,7
540484,Hirse feinkörnig,Davert Mühle,Volksrepublik China,EG-Bio,8x500g,20.544,1.3440000000000012,7
40649,Hirse,Green organics,Volksrepublik China,EG-Bio,10x500g,17.12,1.120000000000001,7
40507,Kamut Khorasan Weizen,Davert Mühle,Diverse,EG-Bio,8x1kg,43.656,2.8560000000000016,7
40530,Nacktgerste DEMETER,Spielberger,Deutschland,Demeter (Deutschland),6x1kg,15.985800000000001,1.0458000000000016,7
540551,Nackthafer DEMETER,Spielberger,Deutschland,Demeter (Deutschland),4x500g,6.4628000000000005,0.4228000000000005,7
40550,Nackthafer DEMETER,Spielberger,Deutschland,Demeter (Deutschland),6x1kg,17.462400000000002,1.142400000000002,7
540486,Nackthafer NATURLAND aus Bayern,Tagwerk,Bayern,Naturland,6x1kg,17.976000000000003,1.176000000000002,7
40413,Nackthafer,Davert Mühle,Europäische Union,EG-Bio,8x1kg,21.913600000000002,1.433600000000002,7
40412,Nackthafer,Davert Mühle,Diverse,EG-Bio,8x500g,11.984,0.7840000000000007,7
540805,Pearl Couscous mit Gourmet Berglinsen - Kochbeutel,Davert Mühle,Diverse,100% Biozutaten,6x250g,12.7758,0.8358000000000008,7
540496,Perl-Emmer aus Bayern,Tagwerk,Bayern,Naturland,8x500g,23.968,1.5680000000000014,7
540495,Perldinkel aus Bayern,Tagwerk,Bayern,Naturland,8x500g,22.256000000000004,1.456000000000003,7
40720,Popcorn Mais,Davert Mühle,Türkei,EG-Bio,8x500g,13.610400000000002,0.8904000000000014,7
540748,Quinoa aus deutschem Anbau BIOLAND,Bohlsener Mühle,Deutschland,Bioland,6x200g,11.877,0.777000000000001,7
540735,Quinoa rot,Davert Mühle,Diverse,EG-Bio,8x200g,19.088800000000003,1.2488000000000028,7
540737,Quinoa Tricolore - drei Farben gemischt,Davert Mühle,Diverse,100% Biozutaten,8x200g,16.5208,1.0808000000000018,7
540559,Quinoa weiß,Spielberger,Bolivien,EG-Bio,4x400g,12.925600000000001,0.845600000000001,7
540738,Quinoa weiß,Davert Mühle,Diverse,EG-Bio,8x200g,16.5208,1.0808000000000018,7
40405,Roggen BIOLAND,Davert Mühle,Deutschland,Bioland,8x1kg,11.0424,0.7224000000000004,7
540181,Roggen DEMETER - lose,Spielberger,Europäische Union,Demeter (Deutschland),25kg,29.746000000000002,1.9460000000000015,7
40522,Roggen DEMETER - unverpackt,Spielberger,Baden-Württemberg,Demeter (Deutschland),5kg,6.270200000000001,0.41020000000000056,7
40520,Roggen DEMETER,Spielberger,Baden-Württemberg,Demeter (Deutschland),6x1kg,8.7954,0.5754000000000001,7
699229,Seitan Fix Natur,Arche,Europäische Union,100% Biozutaten,8x200g,25.1664,1.6463999999999999,7
555224,Sesam schwarz,Arche,Diverse,EG-Bio,6x125g,20.3514,1.3314000000000021,7
40401,Weizen BIOLAND,Davert Mühle,Deutschland,Bioland,8x1kg,11.0424,0.7224000000000004,7
540172,Weizen DEMETER - lose,Spielberger,Baden-Württemberg,Demeter (Deutschland),25kg,32.3675,2.1174999999999997,7
40502,Weizen DEMETER - unverpackt,Spielberger,Baden-Württemberg,Demeter (Deutschland),5kg,6.270200000000001,0.41020000000000056,7
40500,Weizen DEMETER,Spielberger,Baden-Württemberg,Demeter (Deutschland),6x1kg,8.7954,0.5754000000000001,7
40423,Zart-Dinkel - Kochbeutel,Davert Mühle,Diverse,EG-Bio,6x250g,10.978200000000001,0.7182000000000013,7
40765,Arborio Reis rund weiß für Risotto,Davert Mühle,Italien,EG-Bio,8x500g,25.594400000000004,1.674400000000002,7
540781,Arborio Vollkornreis für Risotto,Davert Mühle,Italien,EG-Bio,8x500g,24.396,1.596,7
540193,Basmati Reis weiß - unverpackt,Spielberger,Indien,EG-Bio,5kg,18.4575,1.2074999999999996,7
40764,Basmati Reis weiß DEMETER FAIRTRADE - Kochbeutel,Davert Mühle,Indien,Demeter (Deutschland),6x250g,12.3264,0.8064,7
540686,Basmati Reis weiß DEMETER FairTrade,Davert Mühle,Indien,Demeter (Deutschland),8x1kg,43.228,2.828000000000003,7
40626,Basmati Reis weiß DEMETER FairTrade,Davert Mühle,Indien,Demeter (Deutschland),8x500g,21.485599999999998,1.4055999999999997,7
701654,Basmati Reis,Bio Company,Pakistan,EG-Bio,10x1kg,28.89,1.8900000000000006,7
540687,Basmati Vollkornreis DEMETER FairTrade,Davert Mühle,Indien,Demeter (Deutschland),8x1kg,40.14640000000001,2.626400000000004,7
40627,Basmati Vollkornreis DEMETER FairTrade,Davert Mühle,Indien,Demeter (Deutschland),8x500g,20.7152,1.3552,7
540662,Basmati weiß & Wildreis-Mischung DEMETER FairTrade,Davert Mühle,Diverse,Demeter (Deutschland),8x500g,31.5864,2.0664000000000016,7
40653,Basmati-Reis braun,Green organics,Pakistan,EG-Bio,10x500g,19.902,1.3019999999999996,7
40647,Basmati-Reis weiß,Green organics,Indien,EG-Bio,10x500g,19.902,1.3019999999999996,7
40480,Basmati-Reis weiß,Green organics,Indien,EG-Bio,12x1kg,38.52,2.520000000000003,7
540138,Basmatireis weiß,Unverpackt für Alle,Pakistan,EG-Bio,6x435g,18.618,1.218,7
540694,Echter Basmatireis natur DEMETER,Spielberger,Indien,Demeter (Deutschland),4x500g,10.143600000000001,0.6636000000000006,7
540695,Echter Basmatireis natur DEMETER,Spielberger,Indien,Demeter (Deutschland),6x1kg,28.0554,1.8354,7
540696,Echter Basmatireis weiß DEMETER,Spielberger,Indien,Demeter (Deutschland),4x500g,10.6144,0.6943999999999999,7
540697,Echter Basmatireis weiß DEMETER,Spielberger,Indien,Demeter (Deutschland),6x1kg,31.6506,2.0706000000000024,7
540678,Himalaya Basmati Duftreis Langkorn weiß,Davert Mühle,Pakistan,EG-Bio,8x1kg,37.236,2.436,7
40665,Himalaya Basmati Duftreis Langkorn weiß,Davert Mühle,Pakistan,EG-Bio,8x500g,16.1784,1.0584000000000007,7
40756,Jasmin Duftreis Langkorn weiß,Davert Mühle,K,EG-Bio,8x500g,16.3496,1.0695999999999994,7
701656,Jasmin Reis,Bio Company,Thailand,EG-Bio,10x500g,18.725,1.2250000000000014,7
540698,Jasminreis weiß DEMETER,Spielberger,Italien,Demeter (Deutschland),4x500g,9.0308,0.5907999999999998,7
540785,Langkorn Naturreis Vollkorn FairTrade DEMETER,Davert Mühle,Diverse,Demeter (Deutschland),8x1kg,32.6992,2.139199999999999,7
540192,Langkornreis natur - unverpackt,Spielberger,Europäische Union,EG-Bio,5kg,14.263100000000001,0.9331000000000014,7
540576,Langkornreis natur DEMETER,Spielberger,Italien,Demeter (Deutschland),4x500g,8.5172,0.5572000000000008,7
540577,Langkornreis natur DEMETER,Spielberger,Italien,Demeter (Deutschland),6x1kg,19.9662,1.3062000000000005,7
540603,Langkornreis parboiled DEMETER,Spielberger,Italien,Demeter (Deutschland),4x500g,10.3576,0.6776,7
540602,Langkornreis parboiled DEMETER,Spielberger,Italien,Demeter (Deutschland),6x1kg,27.220800000000004,1.7808000000000028,7
40654,Langkornreis parboiled,Green organics,Italien,EG-Bio,10x500g,13.91,0.9100000000000001,7
40481,Langkornreis parboiled,Green organics,Italien,EG-Bio,12x1kg,31.329600000000003,2.0496000000000016,7
540676,Langkornreis Thaibonnet weiß DEMETER,Spielberger,Italien,Demeter (Deutschland),4x500g,9.0308,0.5907999999999998,7
540675,Langkornreis Thaibonnet weiß DEMETER,Spielberger,Italien,Demeter (Deutschland),6x1kg,22.020599999999998,1.4405999999999999,7
540195,Langkornreis weiß - unverpackt,Spielberger,Italien,EG-Bio,5kg,17.762000000000004,1.1620000000000026,7
540783,Langkornreis weiß FairTrade DEMETER,Davert Mühle,Indien,Demeter (Deutschland),8x500g,19.26,1.2600000000000016,7
701650,Langkornreis weiß,Bio Company,Pakistan,EG-Bio,10x1kg,23.005000000000003,1.5050000000000026,7
40646,Langkornreis weiß,Green organics,Italien,EG-Bio,12x1kg,29.788800000000002,1.948800000000002,7
40607,Milchreis Rundkorn weiß DEMETER,Spielberger,Italien,Demeter (Deutschland),4x500g,8.0036,0.5236000000000001,7
540573,Milchreis Rundkorn weiß DEMETER,Spielberger,Italien,Demeter (Deutschland),6x1kg,23.2404,1.5204000000000022,7
40648,Milchreis weiß,Green organics,Italien,EG-Bio,10x500g,16.692,1.0920000000000005,7
701658,Milchreis,Bio Company,Italien,EG-Bio,10x500g,18.297000000000004,1.1970000000000027,7
40750,Milchreis,Davert Mühle,Italien,EG-Bio,8x1kg,32.6992,2.139199999999999,7
40753,Milchreis,Davert Mühle,Italien,EG-Bio,8x500g,16.1784,1.0584000000000007,7
540197,Mittelkornreis natur - unverpackt,Spielberger,Italien,EG-Bio,5kg,14.766000000000002,0.9660000000000011,7
701652,Naturreis braun,Bio Company,Pakistan,EG-Bio,10x1kg,20.330000000000002,1.3300000000000018,7
40645,Naturreis Mittelkorn,Green organics,Diverse,EG-Bio,12x1kg,26.707200000000004,1.747200000000003,7
40652,Naturreis Rundkorn,Green organics,Italien,EG-Bio,10x500g,17.12,1.120000000000001,7
40757,Parboiled Reis Langkorn - Kochbeutel,Davert Mühle,Diverse,EG-Bio,6x250g,8.217600000000001,0.5376000000000012,7
540194,Parboiled Reis Langkorn weiß - unverpackt,Spielberger,Europäische Union,EG-Bio,5kg,17.762000000000004,1.1620000000000026,7
540782,Parboiled Reis Langkorn,Davert Mühle,Diverse,EG-Bio,8x1kg,31.672000000000004,2.0720000000000027,7
40759,Parboiled Reis Langkorn,Davert Mühle,Diverse,EG-Bio,8x500g,16.3496,1.0695999999999994,7
697202,Polenta mit Steinpilzen,La Selva,Italien,100% Biozutaten,8x250g,22.684,1.4840000000000018,7
40612,Reismischung mit Wildreis DEMETER,Spielberger,Diverse,Demeter (Deutschland),4x500g,10.3576,0.6776,7
540806,Ribe Risotto Reis weiß,Davert Mühle,Italien,EG-Bio,8x500g,16.435200000000002,1.0752000000000024,7
697204,Risotto mit Steinpilzen,La Selva,Italien,100% Biozutaten,8x250g,25.851200000000002,1.691200000000002,7
701659,Risotto Reis,Bio Company,Italien,EG-Bio,10x500g,20.009,1.309000000000001,7
540677,Risottoreis Arborio weiß DEMETER,Spielberger,Italien,Demeter (Deutschland),4x500g,12.968399999999999,0.8483999999999998,7
540575,Risottoreis Carnaroli weiß,Spielberger,Italien,EG-Bio,4x500g,13.738800000000001,0.8988000000000014,7
540574,Risottoreis Ribe weiß,Spielberger,Italien,EG-Bio,4x500g,9.0308,0.5907999999999998,7
540776,Roter Vollkorn-Reis aus dem Piemont,Davert Mühle,Italien,EG-Bio,8x250g,16.3496,1.0695999999999994,7
40633,Rundkorn-Naturreis,Davert Mühle,Italien,EG-Bio,8x1kg,32.870400000000004,2.1504000000000048,7
40610,Rundkornreis natur DEMETER,Spielberger,Italien,Demeter (Deutschland),4x500g,8.56,0.5600000000000005,7
40611,Rundkornreis natur DEMETER,Spielberger,Italien,Demeter (Deutschland),6x1kg,23.433,1.5330000000000013,7
540788,Schwarzer Nerone Vollkorn-Reis aus dem Piemont,Davert Mühle,Italien,EG-Bio,8x250g,20.629600000000003,1.3496000000000024,7
81094,Sushi Reis,Arche,Italien,EG-Bio,8x500g,22.940800000000003,1.5008000000000017,7
695854,Sushireis,Terrasana,Diverse,EG-Bio,8x400g,19.9448,1.3048000000000002,7
55201,Blaumohn,Davert Mühle,Türkei,EG-Bio,8x250g,24.4816,1.6016000000000012,7
555823,Chia schwarz,Unverpackt für Alle,Diverse,EG-Bio,6x365g,26.643,1.743000000000002,7
555141,Chia,Davert Mühle,Diverse,EG-Bio,8x210g,27.477600000000002,1.7976000000000028,7
592780,Chiasaat,Terrasana,Diverse,EG-Bio,6x330g,20.3514,1.3314000000000021,7
701602,Chiasamen,Bio Company,Diverse,EG-Bio,6x250g,14.059800000000001,0.9198000000000004,7
555304,Goldgelbe Leinsaat,Davert Mühle,KZ,EG-Bio,6x500g,16.5636,1.0836000000000006,7
555397,Goldleinsamen,Spielberger,Ungarn,EG-Bio,4x400g,9.330400000000001,0.6104000000000003,7
698331,Hanfsamen geschält - Dose,Chiron,Diverse,EG-Bio,6x200g,27.5418,1.8018,7
698332,Hanfsamen geschält - Nachfüllpackung,Chiron,Diverse,EG-Bio,6x400g,44.8758,2.9358000000000004,7
55154,Hanfsamen geschält,Davert Mühle,Diverse,EG-Bio,8x150g,24.4816,1.6016000000000012,7
698330,Hanfsamen natur,Chiron,Deutschland,EG-Bio,6x350g,18.553800000000003,1.2138000000000027,7
555653,Hanfsamen ungeschält aus Deutschland DEMETER,Spielberger,Deutschland,Demeter (Deutschland),6x200g,13.610400000000002,0.8904000000000014,7
555218,Hanfsamen ungeschält,Davert Mühle,Diverse,EG-Bio,8x150g,17.976000000000003,1.176000000000002,7
592781,Hanfsamen,Terrasana,Diverse,EG-Bio,6x275g,33.5766,2.1966,7
55640,Knabber-Kürbiskerne,Davert Mühle,Diverse,EG-Bio,8x250g,28.9328,1.8928000000000011,7
555359,Kürbiskerne DEMETER - unverpackt,Spielberger,Österreich,Demeter (Deutschland),"3,75kg",42.693,2.7929999999999993,7
55643,Kürbiskerne DEMETER,Spielberger,Europäische Union,Demeter (Deutschland),4x250g,16.0072,1.0472000000000001,7
555831,Kürbiskerne DEMETER,Unverpackt für Alle,Österreich,Demeter (Deutschland),6x320g,31.393800000000002,2.0538000000000025,7
55215,Kürbiskerne,Green organics,Volksrepublik China,EG-Bio,10x200g,21.293,1.3930000000000007,7
701608,Kürbiskerne,Bio Company,Diverse,EG-Bio,6x200g,15.087,0.9870000000000001,7
555389,Leinsaat braun - unverpackt,Spielberger,Ägypten,EG-Bio,"3,75kg",13.364300000000002,0.8743000000000016,7
555806,Leinsaat braun aus Baden-Württemberg BIOLAND,Landmacher,Baden-Württemberg,Bioland,6x500g,20.0304,1.3104000000000013,7
542257,Leinsaat braun geschrotet,Bauck,Diverse,Demeter (Deutschland),6x200g,8.410200000000001,0.5502000000000011,7
55119,Leinsaat braun geschrotet,Davert Mühle,Diverse,EG-Bio,6x200g,7.383000000000001,0.48300000000000054,7
555305,Leinsaat braun geschrotet,Davert Mühle,Volksrepublik China,EG-Bio,6x400g,12.262200000000002,0.8022000000000009,7
55211,Leinsaat braun,Green organics,Diverse,EG-Bio,10x500g,15.194,0.9940000000000015,7
555396,Leinsaat braun,Spielberger,Ungarn,EG-Bio,4x400g,7.960800000000001,0.5208000000000004,7
555303,Leinsaat braun,Davert Mühle,Europäische Union,EG-Bio,6x500g,14.316600000000001,0.9366000000000003,7
55122,Leinsaat braun,Davert Mühle,Slowakei,EG-Bio,8x250g,10.956800000000001,0.716800000000001,7
701600,Leinsaat geschrotet,Bio Company,Diverse,EG-Bio,6x250g,7.383000000000001,0.48300000000000054,7
42089,Leinsaat gold geschrotet glutenfrei,Bauck,Diverse,EG-Bio,6x200g,9.5658,0.6257999999999999,7
55120,Leinsaat goldgelb,Davert Mühle,Tschechische Republik,EG-Bio,8x250g,10.956800000000001,0.716800000000001,7
701603,Leinsamen braun,Bio Company,Diverse,EG-Bio,6x500g,9.63,0.6300000000000008,7
699329,Salattopping Kernmischung mediterran,Landgarten,Diverse,100% Biozutaten,10x125g,20.009,1.309000000000001,7
699328,Salattopping Kernmischung würzig,Landgarten,Diverse,100% Biozutaten,10x125g,20.009,1.309000000000001,7
555264,Schwarzer Sesam,Govinda,Diverse,EG-Bio,6x200g,12.3264,0.8064,7
581409,Schwarzer Sesam,Terrasana,Diverse,EG-Bio,8x175g,15.2368,0.9968000000000004,7
555325,Schwarzer Sesam,Davert Mühle,Diverse,EG-Bio,8x200g,16.3496,1.0695999999999994,7
555824,Sesam natur,Unverpackt für Alle,Diverse,EG-Bio,6x340g,18.618,1.218,7
555388,Sesam ungeschält - unverpackt,Spielberger,Ägypten,EG-Bio,"3,75kg",20.0518,1.3118000000000016,7
555398,Sesam ungeschält DEMETER,Spielberger,Ägypten,Demeter (Deutschland),4x400g,13.3108,0.8708000000000009,7
701604,Sesam ungeschält,Bio Company,Deutschland,EG-Bio,10x250g,15.515,1.0150000000000006,7
55212,Sesam ungeschält,Green organics,Diverse,EG-Bio,10x500g,25.038,1.6380000000000017,7
555308,Sesam ungeschält,Davert Mühle,Paraguay,EG-Bio,6x500g,18.4254,1.205400000000001,7
55128,Sesam ungeschält,Davert Mühle,Paraguay,EG-Bio,8x250g,12.5832,0.8231999999999999,7
555387,Sonnenblumenkerne - unverpackt,Spielberger,Europäische Union,EG-Bio,"3,75kg",11.235000000000001,0.7350000000000012,7
555307,Sonnenblumenkerne aus Europa,Davert Mühle,Europäische Union,EG-Bio,6x500g,14.1882,0.9282000000000004,7
55152,Sonnenblumenkerne aus Europa,Davert Mühle,Bulgarien,EG-Bio,8x250g,10.956800000000001,0.716800000000001,7
555395,Sonnenblumenkerne DEMETER,Spielberger,Europäische Union,Demeter (Deutschland),4x400g,9.2876,0.6075999999999997,7
701606,Sonnenblumenkerne,Bio Company,Deutschland,100% Biozutaten,10x500g,18.083,1.1829999999999998,7
55210,Sonnenblumenkerne,Green organics,Diverse,EG-Bio,10x500g,17.013,1.1130000000000013,7
555830,Sonnenblumenkerne,Unverpackt für Alle,Europäische Union,Naturland,6x320g,15.985800000000001,1.0458000000000016,7
555654,Vital Kerne Mix DEMETER,Spielberger,Europäische Union,Demeter (Deutschland),6x200g,11.6202,0.7602000000000011,7
599183,Brokkoli Sulfo Power gekeimt,Vitaldoc,Diverse,EG-Bio,12x100g,116.07360000000001,7.593600000000009,7
685289,Keim-Trio,Sonnentor,Diverse,100% Biozutaten,6x120g,12.4548,0.8148,7
37034,Keimsaat Alfalfa,Sonnentor,Diverse,EG-Bio,6x120g,16.7562,1.0961999999999996,7
37036,Keimsaat Bockshornklee,Sonnentor,Diverse,EG-Bio,6x120g,12.4548,0.8148,7
37035,Keimsaat Kresse,Sonnentor,Diverse,EG-Bio,6x120g,15.600600000000002,1.0206000000000017,7
537005,Keimsaat Mungbohnen,Sonnentor,Diverse,EG-Bio,6x120g,12.4548,0.8148,7
537006,Keimsaat Radieschen,Sonnentor,Diverse,EG-Bio,6x120g,15.600600000000002,1.0206000000000017,7
537010,Keimsaat Rucola,Sonnentor,Diverse,EG-Bio,6x120g,15.600600000000002,1.0206000000000017,7
537039,Keimsaat Senfsaat gelb,Sonnentor,Diverse,EG-Bio,6x120g,12.4548,0.8148,7
537008,Keimsaat Sprossen-Mix,Sonnentor,Diverse,100% Biozutaten,6x120g,12.4548,0.8148,7
599182,Lein braun gekeimt,Vitaldoc,Diverse,EG-Bio,8x500g,77.3824,5.062400000000011,7
599181,Linse gekeimt,Vitaldoc,Diverse,EG-Bio,8x500g,77.3824,5.062400000000011,7
542279,Weizenkeime entölt,Naturata,Diverse,EG-Bio,7x200g,17.6015,1.1515000000000022,7
542229,Weizenkeime roh fein,Amanprana,Diverse,EG-Bio,6x200g,39.6756,2.5956000000000046,7
580363,Weizenkeime teilentölt,Allgäuer Ölmühle,Europäische Union,EG-Bio,6x250g,14.124,0.9240000000000013,7
552230,Beluga Linsen kleine Schwarze DEMETER WIR.,WIR. Bio Power Bodensee,Regional,Demeter (Deutschland),8x400g,23.540000000000003,1.5400000000000027,7
566425,Beluga Linsen,Nur Puur,Kanada,EG-Bio,6x500g,22.0848,1.4448000000000008,7
52047,Beluga-Linsen schwarz,Davert Mühle,Österreich,EG-Bio,8x500g,29.360800000000005,1.9208000000000034,7
702010,Berglinsen braun,Bio Company,Türkei,EG-Bio,10x500g,19.153,1.2530000000000001,7
552137,Berglinsen braun,Unverpackt für Alle,Europäische Union,EG-Bio,6x435g,17.2698,1.1297999999999995,7
566426,Berglinsen,Nur Puur,Indien,EG-Bio,6x500g,15.985800000000001,1.0458000000000016,7
52035,Bohnen schwarz,Davert Mühle,Volksrepublik China,EG-Bio,8x500g,18.9176,1.2376000000000005,7
52091,Bohnen weiß,Davert Mühle,Türkei,EG-Bio,8x500g,27.1352,1.7752000000000017,7
52058,Braune Berglinsen,Davert Mühle,Türkei,EG-Bio,8x500g,20.629600000000003,1.3496000000000024,7
52043,Braune Chateau-Linsen,Davert Mühle,Frankreich,EG-Bio,8x500g,27.3064,1.7864000000000004,7
566427,Braune Teller-Linsen,Nur Puur,Türkei,EG-Bio,6x500g,15.985800000000001,1.0458000000000016,7
52046,Braune Tellerlinsen,Davert Mühle,KZ,EG-Bio,8x500g,16.0928,1.0528000000000013,7
552092,Cannellini Bohnen,Davert Mühle,Ägypten,EG-Bio,8x500g,24.396,1.596,7
686536,Crunchy Sojabohnen Sweet Chili,Fairfood,Diverse,100% Biozutaten,6x120g,14.445,0.9450000000000003,7
686537,Crunchy Sojabohnen Tamari,Fairfood,Diverse,100% Biozutaten,6x120g,14.445,0.9450000000000003,7
552123,Feine Braune Linsen aus Baden-Württemberg BIOLAND,Landmacher,Baden-Württemberg,Bioland,12x500g,45.1968,2.956800000000001,7
566429,Gelbe Orient-Linsen,Nur Puur,Indien,EG-Bio,6x500g,18.4254,1.205400000000001,7
52048,Gelbe Orientlinsen,Davert Mühle,Türkei,EG-Bio,8x500g,21.314400000000003,1.394400000000001,7
52042,Grüne Delikatesslinsen,Davert Mühle,Kanada,EG-Bio,8x500g,24.738400000000002,1.6184000000000012,7
52010,Hülsenfrüchtemischung bunt,Davert Mühle,Diverse,100% Biozutaten,8x500g,23.454400000000003,1.5344000000000015,7
552171,Kichererbsen aus Deutschland BIOLAND,Spielberger,Deutschland,Bioland,4x500g,9.3732,0.6132000000000009,7
702012,Kichererbsen,Bio Company,Deutschland,EG-Bio,10x500g,18.19,1.1900000000000013,7
52102,Kichererbsen,Green organics,Türkei,EG-Bio,10x500g,14.766000000000002,0.9660000000000011,7
566423,Kichererbsen,Nur Puur,Italien,EG-Bio,6x500g,12.7758,0.8358000000000008,7
52051,Kichererbsen,Davert Mühle,Türkei,EG-Bio,8x500g,16.0928,1.0528000000000013,7
52032,Kidneybohnen rot,Davert Mühle,Volksrepublik China,EG-Bio,8x500g,24.567200000000003,1.6072000000000024,7
552121,Linsen grün aus Baden-Württemberg BIOLAND,Landmacher,Baden-Württemberg,Bioland,12x500g,44.6832,2.9232000000000014,7
52100,Linsen grün,Green organics,Türkei,EG-Bio,10x500g,19.26,1.2600000000000016,7
552170,Linsen Le Puy aus Deutschland DEMETER,Spielberger,Deutschland,Demeter (Deutschland),4x400g,11.984,0.7840000000000007,7
552122,Linsen rot aus Baden-Württemberg BIOLAND,Landmacher,Baden-Württemberg,Bioland,12x400g,55.0836,3.6036,7
52101,Linsen rot,Green organics,Türkei,EG-Bio,10x500g,17.12,1.120000000000001,7
552138,Linsen rot,Unverpackt für Alle,Europäische Union,EG-Bio,6x460G,19.902,1.3019999999999996,7
52031,Mungbohnen grün,Davert Mühle,Volksrepublik China,EG-Bio,8x500g,24.9952,1.635200000000001,7
566412,Mungbohnen,Nur Puur,Volksrepublik China,EG-Bio,6x500g,18.0402,1.1801999999999992,7
566413,Pinto Bohnen,Nur Puur,Volksrepublik China,EG-Bio,6x500g,15.985800000000001,1.0458000000000016,7
52056,Pintobohnen braun,Davert Mühle,Volksrepublik China,EG-Bio,8x500g,26.6216,1.7416000000000018,7
552009,Protein Linsen Mix,Davert Mühle,Diverse,100% Biozutaten,8x500g,19.003200000000003,1.2432000000000016,7
52053,Riesenbohnen weiß,Davert Mühle,Volksrepublik China,EG-Bio,8x500g,27.3064,1.7864000000000004,7
566414,Rote Kidneybohnen,Nur Puur,Volksrepublik China,EG-Bio,6x500g,17.9118,1.171800000000001,7
702014,Rote Linsen,Bio Company,Deutschland,100% Biozutaten,10x500g,18.511000000000003,1.211000000000002,7
552208,Rote Linsen,Morgenland,Türkei,EG-Bio,6x500g,12.84,0.8399999999999999,7
566431,Rote Linsen,Nur Puur,Türkei,EG-Bio,6x500g,15.3438,1.0038,7
552008,Rote Linsen,Davert Mühle,Türkei,EG-Bio,8x1kg,30.388,1.988000000000003,7
52045,Rote Linsen,Davert Mühle,Türkei,EG-Bio,8x500g,19.088800000000003,1.2488000000000028,7
52052,Schälerbsen grün halbe,Davert Mühle,Diverse,EG-Bio,8x500g,16.435200000000002,1.0752000000000024,7
552124,Schwarze Bohnen aus Baden-Württemberg BIOLAND,Landmacher,Baden-Württemberg,Bioland,12x500g,44.041199999999996,2.8811999999999998,7
552088,Sojabohnen gelb aus Bayern,Tagwerk,Bayern,Naturland,8x500g,15.836000000000002,1.0360000000000014,7
566418,Weiße Riesenbohnen,Nur Puur,Volksrepublik China,EG-Bio,6x500g,24.075000000000003,1.5750000000000028,7
552099,Zollernalb Linsen,Gesund & Leben Guterrat,Deutschland,Bioland,12x500g,52.002,3.402000000000001,7
42112,4-Korn Vollkornmehl glutenfrei,Naturkostmühle Werz,Diverse,100% Biozutaten,5x1kg,29.799500000000002,1.9495000000000005,7
699221,Akazienfaser,Govinda,SUD,EG-Bio,6x100g,19.634999999999998,3.134999999999998,19
542325,Amaranth Vollkornmehl glutenfrei DEMETER,Spielberger,Indien,Demeter (Deutschland),4x300g,7.960800000000001,0.5208000000000004,7
42122,Amaranth Vollkornmehl glutenfrei,Naturkostmühle Werz,Diverse,EG-Bio,5x500g,20.972,1.3719999999999999,7
699227,Braunhirse fermentiert,Vitaldoc,Diverse,EG-Bio,250g,13.91,0.9100000000000001,7
541999,Braunhirse frischgekeimt,Vitaldoc,Diverse,EG-Bio,8x250g,111.28,7.280000000000001,7
540801,Braunhirse gemahlen,Vitaldoc,Diverse,EG-Bio,10x500g,45.68900000000001,2.9890000000000043,7
42029,Braunhirse gemahlen,Vitaldoc,Diverse,EG-Bio,6x1kg,41.6658,2.7257999999999996,7
699670,Braunhirse gemahlen,Govinda,Diverse,EG-Bio,6x500g,21.892200000000003,1.4322000000000017,7
42191,Braunhirsemehl aus Bayern,Tagwerk,Bayern,Naturland,6x1kg,35.631,2.331000000000003,7
42190,Braunhirsemehl aus Bayern,Tagwerk,Bayern,Naturland,8x500g,29.532000000000004,1.9320000000000022,7
542326,Braunhirsemehl glutenfrei,Spielberger,Diverse,EG-Bio,4x400g,7.960800000000001,0.5208000000000004,7
42117,Braunhirsemehl glutenfrei,Naturkostmühle Werz,Diverse,EG-Bio,5x1kg,33.544500000000006,2.194500000000005,7
42116,Braunhirsemehl glutenfrei,Naturkostmühle Werz,Diverse,EG-Bio,5x500g,19.5275,1.2774999999999999,7
42134,Braunhirsemehl glutenfrei,Bauck,Deutschland,EG-Bio,6x425g,14.5734,0.9534000000000002,7
42124,Buchweizen Vollkornmehl glutenfrei,Naturkostmühle Werz,Diverse,EG-Bio,5x500g,17.976000000000003,1.176000000000002,7
542047,Buchweizenmehl DEMETER,Spielberger,Tschechische Republik,Demeter (Deutschland),4x500g,9.9296,0.6496000000000013,7
42133,Buchweizenvollkornmehl glutenfrei,Bauck,Diverse,EG-Bio,6x500g,15.921600000000002,1.0416000000000007,7
542467,Dinkel Ruchbrotmehl DEMETER,Spielberger,Deutschland,Demeter (Deutschland),6x1kg,16.692,1.0920000000000005,7
42008,Dinkel-Spätzlemehl DEMETER,Spielberger,Europäische Union,Demeter (Deutschland),6x1kg,18.618,1.218,7
542442,Dinkelmehl Typ 1050,Green organics,Deutschland,EG-Bio,8x1kg,13.610400000000002,0.8904000000000014,7
542509,Dinkelmehl Typ 630 BIOLAND Vorrat,Burgermühle,Deutschland,Bioland,4x2kg,11.556000000000001,0.7560000000000002,7
542502,Dinkelmehl Typ 630 BIOLAND,Burgermühle,Deutschland,Bioland,6x1kg,12.647400000000001,0.8274000000000008,7
542417,Dinkelmehl Typ 630 DEMETER,Bauck,Deutschland,Demeter (Deutschland),10x1kg,28.783,1.8830000000000027,7
542265,Dinkelmehl Typ 630 Rösslerhof BIOLAND,Rösslerhof,Regional,Bioland,10x1kg,29.104,1.904,7
42264,Dinkelmehl Typ 630 Rösslerhof BIOLAND,Rösslerhof,Regional,Bioland,"4x2,5kg",28.3336,1.8536000000000001,7
542443,Dinkelmehl Typ 630,Green organics,Deutschland,EG-Bio,8x1kg,13.696000000000002,0.8960000000000008,7
542503,Dinkelmehl Type 1050 BIOLAND,Burgermühle,Deutschland,Bioland,6x1kg,12.647400000000001,0.8274000000000008,7
42046,Dinkelmehl Type 1050 DEMETER,Spielberger,Europäische Union,Demeter (Deutschland),"4x2,5kg",29.96,1.9600000000000009,7
42045,Dinkelmehl Type 1050 DEMETER,Spielberger,Europäische Union,Demeter (Deutschland),6x1kg,18.618,1.218,7
635635,Dinkelmehl Type 1050,Bodensee Biobauern,Deutschland,Demeter (Deutschland),10x1kg,28.783,1.8830000000000027,7
542293,Dinkelmehl Type 630 DEMETER,Spielberger,Europäische Union,Demeter (Deutschland),"4x2,5kg",29.96,1.9600000000000009,7
542563,Dinkelmehl Type 630 DEMETER,WIR. Bio Power Bodensee,Regional,Demeter (Deutschland),6x1kg,19.195800000000002,1.2558000000000007,7
42048,Dinkelmehl Type 630 DEMETER,Spielberger,Europäische Union,Demeter (Deutschland),6x1kg,18.618,1.218,7
635634,Dinkelmehl Type 630,Bodensee Biobauern,Deutschland,Demeter (Deutschland),10x1kg,28.783,1.8830000000000027,7
542504,Dinkelvollkornmehl BIOLAND,Burgermühle,Deutschland,Bioland,6x1kg,12.647400000000001,0.8274000000000008,7
542564,Dinkelvollkornmehl DEMETER,WIR. Bio Power Bodensee,Regional,Demeter (Deutschland),6x1kg,19.195800000000002,1.2558000000000007,7
42042,Dinkelvollkornmehl DEMETER,Spielberger,Europäische Union,Demeter (Deutschland),6x1kg,18.104400000000002,1.1844000000000001,7
635636,Dinkelvollkornmehl,Bodensee Biobauern,Deutschland,Demeter (Deutschland),10x1kg,28.783,1.8830000000000027,7
42010,Einkornvollkornmehl DEMETER,Spielberger,Europäische Union,Demeter (Deutschland),4x500g,9.0736,0.5936000000000003,7
42009,Emmervollkornmehl DEMETER,Spielberger,Europäische Union,Demeter (Deutschland),4x500g,9.0736,0.5936000000000003,7
42036,Erdmandeln geröstet & gemahlen,Govinda,NE,EG-Bio,6x400g,37.1994,5.939399999999996,19
699506,Flohsamenschalen gemahlen,Govinda,Indien,EG-Bio,6x170g,31.059,4.959,19
542562,Goldritter Weizenmehl Type 800 DEMETER,WIR. Bio Power Bodensee,Regional,Demeter (Deutschland),6x1kg,19.195800000000002,1.2558000000000007,7
542284,Hafermehl DEMETER glutenfrei,Spielberger,Deutschland,Demeter (Deutschland),4x350g,5.3500000000000005,0.35000000000000053,7
542408,Hafermehl Vollkorn glutenfrei DEMETER,Bauck,Deutschland,EG-Bio,6x350g,9.63,0.6300000000000008,7
96596,Hanf Proteinpulver,Govinda,Diverse,EG-Bio,6x400g,49.755,3.2550000000000026,7
542475,Kartoffelbrotmehl DEMETER,Spielberger,Europäische Union,Demeter (Deutschland),6x750g,10.0794,0.6593999999999998,7
42150,Kastanienmehl glutenfrei,Bauck,Italien,EG-Bio,6x350g,29.211000000000002,1.9110000000000014,7
699416,Kastanienmehl,Govinda,Italien,EG-Bio,6x350g,30.7518,2.011800000000001,7
542318,Kichererbsenmehl BIOLAND glutenfrei,Spielberger,Deutschland,Bioland,4x400g,9.330400000000001,0.6104000000000003,7
542201,Kichererbsenmehl glutenfrei,Bauck,Diverse,EG-Bio,6x500g,15.921600000000002,1.0416000000000007,7
542327,Kokosmehl glutenfrei,Spielberger,Diverse,EG-Bio,4x400g,8.5172,0.5572000000000008,7
542233,Kokosmehl glutenfrei,Bauck,Diverse,EG-Bio,6x250g,10.5288,0.6888000000000005,7
699327,Kuchen Mehl Mix glutenfrei,Naturkostmühle Werz,Diverse,100% Biozutaten,5x500g,16.424500000000002,1.0745000000000022,7
580331,Leinmehl,Allgäuer Ölmühle,Bayern,EG-Bio,4x500g,26.364800000000002,1.7248000000000019,7
629200,Lupinenmehl,Sobo,Europäische Union,EG-Bio,8x330g,25.594400000000004,1.674400000000002,7
575794,Maiorca Mehl farina - Typ 0,San Vicario,Italien,EG-Bio,10x500g,31.993000000000002,2.0930000000000035,7
42094,Maismehl DEMETER glutenfrei,Spielberger,Italien,Demeter (Deutschland),4x500g,7.960800000000001,0.5208000000000004,7
542202,Maismehl glutenfrei DEMETER,Bauck,Italien,Demeter (Deutschland),6x500g,13.353600000000002,0.8736000000000015,7
542232,Mandelmehl glutenfrei,Bauck,Diverse,EG-Bio,6x200g,50.20440000000001,3.284400000000005,7
580355,Mandelmehl weiß,Allgäuer Ölmühle,Spanien,Umstellungsware,4x500g,58.03680000000001,3.7968000000000046,7
596586,Mandelmehl,Govinda,Europäische Union,EG-Bio,6x200g,48.0858,3.1458000000000013,7
680220,Maniokmehl glutenfrei,Govinda,Diverse,EG-Bio,6x450g,22.490999999999996,3.5909999999999975,19
542219,Mehl-Mix glutenfrei für Kuchen,Bauck,Diverse,100% Biozutaten,6x800g,21.186000000000003,1.3860000000000028,7
542214,Mehl-Mix glutenfrei universal,Bauck,Diverse,100% Biozutaten,6x800g,20.415599999999998,1.3355999999999995,7
542304,Mehlmix Brot dunkel glutenfrei DEMETER,Spielberger,Diverse,Demeter (Deutschland),4x500g,13.3108,0.8708000000000009,7
542303,Mehlmix universal hell glutenfrei DEMETER,Spielberger,Deutschland,Demeter (Deutschland),4x500g,12.026800000000001,0.7868000000000013,7
575796,PANE Semola rimacinata - zweifach gemahlener Hartw,San Vicario,Italien,EG-Bio,10x500g,26.215,1.7149999999999999,7
575795,Pastamehl Semola - Hartweizengrieß,San Vicario,Italien,EG-Bio,10x500g,26.215,1.7149999999999999,7
542469,Pizzamehl Tipo 0 DEMETER,Spielberger,Europäische Union,Demeter (Deutschland),6x1kg,10.721400000000001,0.7014000000000014,7
542213,Reismehl hell glutenfrei,Bauck,Italien,EG-Bio,6x500g,15.921600000000002,1.0416000000000007,7
42131,Reismehl Vollkorn DEMETER glutenfrei,Bauck,Italien,Demeter (Deutschland),6x500g,15.921600000000002,1.0416000000000007,7
42023,Reisvollkornmehl DEMETER glutenfrei,Spielberger,Italien,Demeter (Deutschland),4x500g,9.330400000000001,0.6104000000000003,7
542476,Roggen Schwarzbrotmehl DEMETER,Spielberger,Europäische Union,Demeter (Deutschland),6x750g,10.0794,0.6593999999999998,7
542505,Roggenmehl Typ 1150 BIOLAND,Burgermühle,Deutschland,Bioland,6x1kg,6.2916,0.41159999999999997,7
542510,Roggenmehl Type 1150 DEMETER,Spielberger,Europäische Union,Demeter (Deutschland),"4x2,5kg",17.0772,1.1172000000000004,7
42041,Roggenmehl Type 1150 DEMETER,Spielberger,Europäische Union,Demeter (Deutschland),6x1kg,10.721400000000001,0.7014000000000014,7
42040,Roggenvollkornmehl DEMETER,Spielberger,Europäische Union,Demeter (Deutschland),6x1kg,9.7584,0.6384000000000007,7
575811,Senatore Semola rimacinata - Mehl,San Vicario,Italien,EG-Bio,10x500g,31.993000000000002,2.0930000000000035,7
42024,Sojamehl DEMETER,Spielberger,Österreich,Demeter (Deutschland),4x250g,7.0192,0.45920000000000005,7
542461,Sojamehl geröstet glutenfrei,Bauck,Diverse,EG-Bio,6x250g,12.7758,0.8358000000000008,7
43224,Sonam's Tsampa aus Gerste,Sonam's Tsampa,Baden-Württemberg,Demeter (Deutschland),8x250g,20.7152,1.3552,7
42007,Spätzles- & Nudelmehl Typ 550 DEMETER,Spielberger,Europäische Union,Demeter (Deutschland),6x1kg,10.721400000000001,0.7014000000000014,7
542269,Spätzlesmehl Rösslerhof BIOLAND,Rösslerhof,Regional,Bioland,10x1kg,18.618,1.218,7
542026,Süßlupinenmehl,Govinda,Diverse,EG-Bio,6x300g,25.808400000000002,1.6884000000000015,7
42032,Süßlupinenmehl,Gesund & Leben Guterrat,Diverse,EG-Bio,8x500g,49.648,3.2480000000000047,7
567085,Tapiokastärke,Govinda,Diverse,EG-Bio,6x330g,13.2894,0.8694000000000006,7
60127,Tau Getreidebrei aus Buchweizen,Erdmann Hauser,Baden-Württemberg,Demeter (Deutschland),4x450g,14.1668,0.9268000000000001,7
60125,Tau Getreidebrei aus Dinkel,Erdmann Hauser,Baden-Württemberg,Demeter (Deutschland),4x450g,14.1668,0.9268000000000001,7
60126,Tau Getreidebrei aus Gerste,Erdmann Hauser,Baden-Württemberg,Demeter (Deutschland),4x450g,14.1668,0.9268000000000001,7
60128,Tau Getreidebrei aus Hafer,Erdmann Hauser,Baden-Württemberg,Demeter (Deutschland),4x450g,14.1668,0.9268000000000001,7
699505,Teffmehl,Govinda,Diverse,EG-Bio,6x450g,28.0554,1.8354,7
580336,Traubenkernmehl,Allgäuer Ölmühle,Deutschland,EG-Bio,4x500g,27.82,1.8200000000000003,7
542181,Traubenkernmehl,Govinda,Deutschland,EG-Bio,6x200g,22.7268,1.4868000000000023,7
542392,Weihnachtsdose+Keksausstecher  mit 1kg WM 550 DEME,Spielberger,Europäische Union,Demeter (Deutschland),5xSE,23.740499999999997,3.790499999999998,19
542468,Weizen Baguettemehl DEMETER,Spielberger,Deutschland,Demeter (Deutschland),6x1kg,10.0794,0.6593999999999998,7
542362,Weizenmehl aus Bayern Type 405,Tagwerk,Bayern,EG-Bio,5x1kg,9.3625,0.6125000000000007,7
542361,Weizenmehl aus Bayern Type 550,Tagwerk,Bayern,EG-Bio,5x1kg,9.3625,0.6125000000000007,7
542239,Weizenmehl aus Bayern Type Dunst,Tagwerk,Bayern,EG-Bio,8x1kg,17.976000000000003,1.176000000000002,7
542501,Weizenmehl Typ 1050 BIOLAND,Burgermühle,Deutschland,Bioland,6x1kg,6.2916,0.41159999999999997,7
542440,Weizenmehl Typ 1050,Green organics,Deutschland,EG-Bio,8x1kg,8.3032,0.5432000000000006,7
542419,Weizenmehl Typ 405 DEMETER,Bauck,Deutschland,Demeter (Deutschland),10x1kg,18.083,1.1829999999999998,7
542500,Weizenmehl Typ 550 BIOLAND,Burgermühle,Deutschland,Bioland,6x1kg,6.2916,0.41159999999999997,7
542418,Weizenmehl Typ 550 DEMETER,Bauck,Deutschland,Demeter (Deutschland),10x1kg,18.083,1.1829999999999998,7
542266,Weizenmehl Typ 550 Rösslerhof BIOLAND,Rösslerhof,Regional,Bioland,10x1kg,17.655,1.1550000000000011,7
42251,Weizenmehl Typ 550 Rösslerhof BIOLAND,Rösslerhof,Regional,Bioland,"4x2,5kg",14.0812,0.9212000000000007,7
542441,Weizenmehl Typ 550,Green organics,Deutschland,EG-Bio,8x1kg,8.132,0.532,7
42012,Weizenmehl Type 1050 DEMETER,Spielberger,Europäische Union,Demeter (Deutschland),"4x2,5kg",17.0772,1.1172000000000004,7
542561,Weizenmehl Type 1050 DEMETER,WIR. Bio Power Bodensee,Regional,Demeter (Deutschland),6x1kg,13.161000000000001,0.8610000000000007,7
42011,Weizenmehl Type 1050 DEMETER,Spielberger,Europäische Union,Demeter (Deutschland),6x1kg,10.721400000000001,0.7014000000000014,7
635633,Weizenmehl Type 1050,Bodensee Biobauern,Deutschland,Demeter (Deutschland),10x1kg,18.618,1.218,7
42005,Weizenmehl Type 405 DEMETER,Spielberger,Europäische Union,Demeter (Deutschland),6x1kg,10.721400000000001,0.7014000000000014,7
635631,Weizenmehl Type 405,Bodensee Biobauern,Deutschland,Demeter (Deutschland),10x1kg,18.618,1.218,7
542317,Weizenmehl Type 550 DEMETER - lose,Spielberger,Europäische Union,Demeter (Deutschland),25kg,44.61900000000001,2.919000000000004,7
42002,Weizenmehl Type 550 DEMETER,Spielberger,Europäische Union,Demeter (Deutschland),"4x2,5kg",17.0772,1.1172000000000004,7
542560,Weizenmehl Type 550 DEMETER,WIR. Bio Power Bodensee,Regional,Demeter (Deutschland),6x1kg,13.161000000000001,0.8610000000000007,7
42001,Weizenmehl Type 550 DEMETER,Spielberger,Europäische Union,Demeter (Deutschland),6x1kg,10.721400000000001,0.7014000000000014,7
635632,Weizenmehl Type 550,Bodensee Biobauern,Deutschland,Demeter (Deutschland),10x1kg,18.618,1.218,7
42021,Weizenvollkornmehl DEMETER,Spielberger,Europäische Union,Demeter (Deutschland),6x1kg,9.7584,0.6384000000000007,7
542570,2-Minuten Polenta glutenfrei,Davert Mühle,Italien,EG-Bio,8x500g,14.7232,0.9632000000000005,7
542301,Buchweizengrieß glutenfrei,Spielberger,Europäische Union,EG-Bio,4x400g,10.3576,0.6776,7
626447,Bulgur aus Buchweizen,Erdmann Hauser,Deutschland,Demeter (Deutschland),6x500g,15.857400000000002,1.0374000000000017,7
626449,Bulgur aus Dinkel,Erdmann Hauser,Baden-Württemberg,Demeter (Deutschland),6x500g,15.857400000000002,1.0374000000000017,7
43222,Bulgur aus Gerste,Erdmann Hauser,Baden-Württemberg,Demeter (Deutschland),6x500g,11.6844,0.7644000000000002,7
699045,Bulgur aus Hafer,Erdmann Hauser,Europäische Union,Demeter (Deutschland),6x500g,16.05,1.0500000000000007,7
42095,Bulgur DEMETER,Spielberger,Italien,Demeter (Deutschland),4x500g,8.0036,0.5236000000000001,7
542271,Bulgur NATURLAND,Davert Mühle,Diverse,Naturland,8x500g,16.3496,1.0695999999999994,7
667153,Couscous Bowl Curry mit Linsen,Bauck,Diverse,100% Biozutaten,6x140g,12.5832,0.8231999999999999,7
667152,Couscous Bowl mit Linsen leicht scharf,Bauck,Diverse,100% Biozutaten,6x140g,12.5832,0.8231999999999999,7
667150,Couscous Bowl Taboulé glutenfrei,Bauck,Diverse,100% Biozutaten,6x140g,12.5832,0.8231999999999999,7
667151,Couscous Bowl Tomate glutenfrei,Bauck,Diverse,100% Biozutaten,6x140g,12.5832,0.8231999999999999,7
42096,Couscous DEMETER,Spielberger,Italien,Demeter (Deutschland),4x500g,9.844,0.6440000000000001,7
42091,Couscous,Davert Mühle,Italien,EG-Bio,8x500g,16.1784,1.0584000000000007,7
42097,Dinkel-Bulgur DEMETER,Spielberger,Deutschland,Demeter (Deutschland),4x500g,10.657200000000001,0.6972000000000005,7
525198,Dinkel-Paniermehl aus Zwieback DEMETER,Sommer,Diverse,Demeter (Deutschland),6x300g,9.951,0.6509999999999998,7
42075,Dinkel-Paniermehl,Bauck,Deutschland,100% Biozutaten,6x200g,10.7856,0.7056000000000004,7
542286,Dinkel-Vollkorn-Couscous,Spielberger,Italien,EG-Bio,4x500g,11.470400000000001,0.7504000000000008,7
42177,Dinkelgrieß BIOLAND,Davert Mühle,Deutschland,Bioland,8x500g,16.435200000000002,1.0752000000000024,7
42161,Dinkelgrieß DEMETER,Spielberger,Europäische Union,Demeter (Deutschland),4x500g,7.789600000000001,0.5096000000000007,7
42088,Dinkelkleie DEMETER,Bauck,Deutschland,Demeter (Deutschland),6x200g,7.4472000000000005,0.4872000000000005,7
542296,Dinkelkleie grob DEMETER,Spielberger,Europäische Union,Demeter (Deutschland),6x250g,5.7780000000000005,0.3780000000000001,7
42208,Dinkelvollgrieß DEMETER,Bauck,Deutschland,Demeter (Deutschland),6x500g,12.5832,0.8231999999999999,7
699458,Flohsamenschalen,Salus,Indien,EG-Bio,6x200g,45.5532,7.273199999999996,19
542285,Grünkernschrot DEMETER,Spielberger,Deutschland,Demeter (Deutschland),4x500g,11.984,0.7840000000000007,7
42085,Haferkleie BIOLAND,Davert Mühle,Deutschland,Bioland,8x500g,19.26,1.2600000000000016,7
542409,Haferkleie glutenfrei DEMETER,Bauck,Deutschland,Demeter (Deutschland),6x300g,11.9412,0.7812000000000001,7
45260,Haferkleie mit Keim DEMETER,Spielberger,Baden-Württemberg,Demeter (Deutschland),6x500g,15.600600000000002,1.0206000000000017,7
42160,Hartweizengrieß DEMETER,Spielberger,Italien,Demeter (Deutschland),4x500g,5.992,0.39200000000000035,7
42209,Hartweizengrieß DEMETER,Bauck,Italien,Demeter (Deutschland),6x500g,9.7584,0.6384000000000007,7
42128,Hirse Vollkorngrieß glutenfrei,Naturkostmühle Werz,Diverse,EG-Bio,6x250g,13.5462,0.8862000000000005,7
42166,Hirsegrieß,Spielberger,Europäische Union,EG-Bio,4x500g,9.844,0.6440000000000001,7
697653,Kornfix aus Dinkel,Erdmann Hauser,Deutschland,Demeter (Deutschland),6x500g,14.445,0.9450000000000003,7
699046,Kornfix aus Gerste,Erdmann Hauser,Deutschland,Demeter (Deutschland),6x500g,14.445,0.9450000000000003,7
542572,Mais Couscous glutenfrei,Davert Mühle,Europäische Union,EG-Bio,8x250g,16.1784,1.0584000000000007,7
542288,Mais-Couscous glutenfrei,Spielberger,Italien,EG-Bio,4x500g,13.353600000000002,0.8736000000000015,7
542072,Mais-Paniermehl glutenfrei,Bauck,Deutschland,EG-Bio,6x200g,9.63,0.6300000000000008,7
542571,Maisgrieß für Polenta glutenfrei,Davert Mühle,Italien,EG-Bio,8x500g,14.7232,0.9632000000000005,7
542420,Maisgrieß Polenta aus deutschem Anbau BIOLAND,Landmacher,Deutschland,Bioland,10x500g,19.474,1.274000000000001,7
42185,Maisgrieß-Polenta DEMETER glutenfrei,Spielberger,Italien,Demeter (Deutschland),4x500g,7.960800000000001,0.5208000000000004,7
698961,Panko Paniermehl,Arche,Diverse,98%,6x125g,9.244800000000001,0.6048000000000009,7
42126,Reis Vollkorngrieß glutenfrei,Naturkostmühle Werz,Diverse,EG-Bio,6x250g,12.647400000000001,0.8274000000000008,7
542300,Reis-Vollkorngrieß glutenfrei DEMETER,Spielberger,Italien,Demeter (Deutschland),4x500g,10.3576,0.6776,7
42076,Weizen-Paniermehl DEMETER,Bauck,Deutschland,Demeter (Deutschland),6x200g,9.63,0.6300000000000008,7
42051,Weizenkleie DEMETER,Spielberger,Baden-Württemberg,Demeter (Deutschland),6x500g,5.7780000000000005,0.3780000000000001,7
42062,Weizenvollgrieß DEMETER,Spielberger,Europäische Union,Demeter (Deutschland),4x500g,5.992,0.39200000000000035,7
5929831,Bananenscheiben gefriergetrocknet in Papierdose,Morgenland,Diverse,EG-Bio,6x45g,9.244800000000001,0.6048000000000009,7
698616,Ananas Cubes,Tarabao,Diverse,EG-Bio,6x160g,26.0652,1.7052000000000014,7
692010,Ananasstücke getrocknet,Biotropic,Diverse,EG-Bio,6x100g,14.1882,0.9282000000000004,7
92440,Ananasstücke getrocknet,Kipepeo,Tansania,EG-Bio,6x100g,17.9118,1.171800000000001,7
692011,Apfelchips getrocknet,Biotropic,Diverse,EG-Bio,6x90g,14.252400000000002,0.9324000000000012,7
692012,Apfelringe getrocknet,Biotropic,Diverse,EG-Bio,6x125g,18.7464,1.2264000000000017,7
92724,Aprikosen ganz entsteint,Naturata,Diverse,EG-Bio,5x500g,50.23650000000001,3.2865000000000038,7
701413,Aprikosen getrocknet,Bio Company,Diverse,EG-Bio,8x200g,27.3064,1.7864000000000004,7
592868,Aprikosen süß entsteint - lose,Morgenland,Türkei,EG-Bio,4kg,62.06,4.060000000000002,7
592802,Aroniabeeren getrocknet,Aronia Original,Polen,EG-Bio,6x200g,27.0924,1.772400000000001,7
592803,Aroniabeeren getrocknet,Aronia Original,Polen,EG-Bio,6x500g,54.826800000000006,3.5868000000000038,7
92441,Baby-Bananen getrocknet,Kipepeo,Tansania,EG-Bio,6x100g,17.9118,1.171800000000001,7
692014,Bananenchips getrocknet,Biotropic,Diverse,EG-Bio,6x125g,7.6398,0.49980000000000047,7
92731,Bananenchips,Naturata,Diverse,100% Biozutaten,6x250g,15.985800000000001,1.0458000000000016,7
701425,Bananenchips,Bio Company,Diverse,100% Biozutaten,8x150g,10.700000000000001,0.7000000000000011,7
592568,Berberitzenbeeren,Govinda,Deutschland,EG-Bio,6x100g,20.4798,1.3398000000000003,7
92426,Cranberries getrocknet und gesüßt,Green organics,Diverse,100% Biozutaten,12x100g,22.0848,1.4448000000000008,7
592838,Cranberries getrocknet und gesüßt,Morgenland,Diverse,100% Biozutaten,8x100g,17.548,1.1479999999999997,7
92456,Cranberries getrocknet und gesüßt,Morgenland,Diverse,100% Biozutaten,8x200g,32.4424,2.122399999999999,7
692015,Cranberries getrocknet,Biotropic,Diverse,EG-Bio,8x100g,16.435200000000002,1.0752000000000024,7
92524,Cranberries mit Apfelsaftkonzentrat gesüßt,Flores Farm,Diverse,100% Biozutaten,6x100g,15.985800000000001,1.0458000000000016,7
701426,Cranberries,Bio Company,Diverse,100% Biozutaten,8x100g,18.7464,1.2264000000000017,7
592946,Datteln Deglet Nour entsteint - lose,Morgenland,Diverse,EG-Bio,4kg,26.643,1.743000000000002,7
592945,Datteln Deglet Nour entsteint,Morgenland,Diverse,EG-Bio,6x500g,22.3416,1.4616000000000007,7
592944,Datteln Deglet Nour entsteint,Morgenland,Diverse,EG-Bio,8x200g,14.2096,0.9296000000000006,7
692016,Datteln ohne Stein getrocknet,Biotropic,Tunesien,EG-Bio,6x200g,9.951,0.6509999999999998,7
696018,Erdbeeren gefriergetrocknet,Landgarten,Diverse,100% Biozutaten,8x20g,26.878400000000003,1.7584000000000017,7
592867,Feigen geschüttet - lose,Morgenland,Türkei,EG-Bio,4kg,56.92400000000001,3.7240000000000038,7
692020,Feigen getrocknet,Biotropic,Diverse,EG-Bio,8x200g,22.1704,1.450400000000002,7
92741,Feigen Lerida,Naturata,Türkei,EG-Bio,5x500g,43.44200000000001,2.842000000000006,7
592845,Feigen natural,Morgenland,Diverse,EG-Bio,6x250g,23.433,1.5330000000000013,7
592846,Feigen natural,Morgenland,Diverse,EG-Bio,6x500g,44.61900000000001,2.919000000000004,7
701421,Feigen,Bio Company,Türkei,EG-Bio,8x200g,26.536,1.7360000000000007,7
92520,Goji-Beeren sonnengetrocknet,Flores Farm,Volksrepublik China,EG-Bio,6x100g,18.297000000000004,1.1970000000000027,7
692022,Gojibeeren getrocknet,Biotropic,Diverse,EG-Bio,6x100g,15.7932,1.0332000000000008,7
592771,Gojibeeren getrocknet,Terrasana,Volksrepublik China,EG-Bio,6x200g,30.366600000000002,1.9866000000000028,7
592847,Gojibeeren getrocknet,Morgenland,Volksrepublik China,EG-Bio,8x100g,20.2016,1.3216,7
698867,Heidelbeeren gefriergetrocknet,Landgarten,Diverse,100% Biozutaten,8x20g,26.878400000000003,1.7584000000000017,7
696019,Himbeeren gefriergetrocknet,Landgarten,Diverse,100% Biozutaten,8x20g,26.878400000000003,1.7584000000000017,7
592857,Kalifornische Pflaumen entsteint,Morgenland,USA,EG-Bio,8x200g,30.302400000000002,1.982400000000002,7
699847,Kids Schoko Fruchties Banane FairTrade,Landgarten,Diverse,100% Biozutaten,10x30g,14.445,0.9450000000000003,7
555457,Kokoschips Ananas,Morgenland,Sri Lanka-Ceylon,100% Biozutaten,9x55g,14.6376,0.9576000000000011,7
555414,Kokoschips geröstet,Morgenland,Diverse,EG-Bio,6x150g,10.849800000000002,0.7098000000000013,7
555455,Kokoschips Kakao,Morgenland,Sri Lanka-Ceylon,100% Biozutaten,9x55g,14.6376,0.9576000000000011,7
555456,Kokoschips Karamell,Morgenland,Sri Lanka-Ceylon,100% Biozutaten,9x55g,14.6376,0.9576000000000011,7
55191,Kokoschips,Naturata,Sri Lanka-Ceylon,EG-Bio,5x250g,15.087,0.9870000000000001,7
55190,Kokosraspel,Naturata,Sri Lanka-Ceylon,EG-Bio,7x200g,14.905100000000001,0.9751000000000012,7
699717,Krosse Fruchtchips Ananas,Foodloose Cool Kids,Diverse,EG-Bio,15x12g,22.309500000000003,1.459500000000002,7
592819,Mango Amelie in Scheiben & Stücken - lose,Morgenland,Burkina Faso,EG-Bio,"2,5kg",45.4643,2.9742999999999995,7
698619,Mango Cubes,Tarabao,Diverse,EG-Bio,6x160g,26.0652,1.7052000000000014,7
592964,Mangostücke getrocknet NATURLAND,Morgenland,Diverse,Naturland,6x150g,18.104400000000002,1.1844000000000001,7
701427,Mangostücke getrocknet,Bio Company,Diverse,EG-Bio,6x100g,10.849800000000002,0.7098000000000013,7
692026,Mangostücke getrocknet,Biotropic,Elfenbeinküste,EG-Bio,6x100g,11.235000000000001,0.7350000000000012,7
592439,Mangostücke getrocknet,Kipepeo,Burkina Faso,EG-Bio,6x100g,17.9118,1.171800000000001,7
592772,Maulbeeren weiß getrocknet,Terrasana,Türkei,EG-Bio,6x190g,33.5124,2.1923999999999992,7
55293,Nusskern-Mischung,Green organics,Diverse,100% Biozutaten,12x200g,34.4112,2.2512000000000043,7
92442,Papaya getrocknet,Kipepeo,Tansania,EG-Bio,6x100g,17.9118,1.171800000000001,7
592855,Pflaumen entsteint aus Kirgisistan,Morgenland,KS,EG-Bio,7x350g,31.832500000000003,2.082500000000003,7
701429,Pflaumen getrocknet entsteint,Bio Company,Frankreich,EG-Bio,10x250g,29.425,1.9250000000000007,7
92525,Physalis getrocknet,Flores Farm,Ecuador,EG-Bio,6x100g,20.223,1.3230000000000004,7
55294,Pinienkerne,Green organics,Diverse,EG-Bio,12x60g,38.391600000000004,2.5116000000000014,7
92756,Rosinen,Naturata,Argentinien,EG-Bio,5x500g,23.4865,1.5365000000000002,7
92755,Rosinen,Naturata,Argentinien,EG-Bio,7x250g,17.901100000000003,1.1711000000000027,7
592856,Sauerkirschen getrocknet,Morgenland,Türkei,EG-Bio,8x100g,18.832000000000004,1.2320000000000029,7
67270,Steinpilz-Scheiben getrocknet,Pilzgarten,BIH,EG-Bio,4x15g,14.552,0.952,7
555234,Studentenfutter,Green organics,Diverse,100% Biozutaten,12x250g,30.816000000000003,2.016000000000002,7
592823,Sultaninen geölt - lose,Morgenland,Türkei,100% Biozutaten,5kg,32.635000000000005,2.135000000000005,7
592429,Sultaninen geölt,Green organics,Türkei,100% Biozutaten,11x500g,36.8401,2.4101,7
92444,Sultaninen geölt,Green organics,Türkei,100% Biozutaten,12x200g,17.976000000000003,1.176000000000002,7
92759,Sultaninen geölt,Naturata,Türkei,100% Biozutaten,5x500g,26.6965,1.746500000000001,7
92760,Sultaninen geölt,Naturata,Türkei,100% Biozutaten,6x1kg,56.175000000000004,3.6750000000000043,7
592860,Sultaninen geölt,Morgenland,Türkei,100% Biozutaten,6x500g,22.5984,1.4784000000000006,7
92758,Sultaninen geölt,Naturata,Türkei,100% Biozutaten,7x250g,22.3951,1.4650999999999996,7
92494,Sultaninen geölt,Morgenland,Türkei,100% Biozutaten,8x1kg,56.92400000000001,3.7240000000000038,7
592859,Sultaninen geölt,Morgenland,Türkei,100% Biozutaten,8x200g,15.408000000000001,1.008000000000001,7
692032,Sultaninen getrocknet,Biotropic,Türkei,EG-Bio,6x250g,12.198,0.798,7
692033,Sultaninen getrocknet,Biotropic,Türkei,EG-Bio,6x500g,21.5712,1.411200000000001,7
592994,Süße Aprikosen entsteint,Morgenland,Türkei,EG-Bio,6x350g,33.961800000000004,2.2218000000000053,7
592995,Süße Aprikosen entsteint,Morgenland,ZU,EG-Bio,8x200g,27.6488,1.8088000000000015,7
92470,Tomaten getrocknet,Morgenland,Türkei,100% Biozutaten,6x100g,10.4646,0.6846000000000014,7
55291,Walnusskerne,Green organics,Diverse,EG-Bio,12x150g,24.781200000000002,1.6212000000000018,7
540803,Basilikumsamen,Vitaldoc,Diverse,EG-Bio,150g,11.877,0.777000000000001,7
695980,Bittere Aprikosenkerne,Vitaldoc,Diverse,EG-Bio,75g,7.265300000000001,0.4753000000000007,7
555336,Cashewkerne ganz - lose,Morgenland,Burkina Faso,EG-Bio,4kg,71.58300000000001,4.683000000000007,7
555335,Cashewkerne Großbruch - lose,Morgenland,Burkina Faso,EG-Bio,"3,5kg",55.533,3.6330000000000027,7
555405,Cashewkerne Großbruch,Morgenland,Diverse,EG-Bio,6x500g,53.2218,3.4818,7
55004,Cashewkerne Großbruch,Morgenland,Diverse,EG-Bio,8x200g,29.96,1.9600000000000009,7
701417,Cashewkerne,Bio Company,Diverse,EG-Bio,6x200g,19.195800000000002,1.2558000000000007,7
555905,Cashewkerne,Biotropic,Tansania,EG-Bio,6x250g,21.699600000000004,1.4196000000000026,7
555839,Cashewkerne,Unverpackt für Alle,Diverse,EG-Bio,6x280g,40.125,2.625,7
55017,Cashewkerne,Morgenland,Diverse,EG-Bio,8x200g,32.956,2.1560000000000024,7
701423,Datteln ohne Stein,Bio Company,Diverse,EG-Bio,6x250g,11.235000000000001,0.7350000000000012,7
85791,Erdmandeln naturell ganz,Govinda,NE,EG-Bio,6x250g,22.705199999999998,3.6251999999999995,19
55193,Erdnüsse geröstet in der Schale,Naturata,Ägypten,EG-Bio,6x330g,20.0304,1.3104000000000013,7
555908,Erdnusskerne geröstet & gesalzen,Biotropic,Deutschland,100% Biozutaten,8x125g,11.384800000000002,0.7448000000000015,7
555836,Erdnusskerne roh geschält,Unverpackt für Alle,Volksrepublik China,EG-Bio,6x325g,19.581000000000003,1.2810000000000024,7
529522,Geröstete Haselnüsse,Tarabao,Diverse,100% Biozutaten,6x140g,23.2404,1.5204000000000022,7
555337,Haselnusskerne - lose,Morgenland,Europäische Union,EG-Bio,"3,5kg",81.21300000000001,5.313000000000002,7
55290,Haselnusskerne,Green organics,Diverse,EG-Bio,12x200g,35.6952,2.3352000000000004,7
701416,Haselnusskerne,Bio Company,Diverse,EG-Bio,6x200g,25.615800000000004,1.6758000000000024,7
555837,Haselnusskerne,Unverpackt für Alle,Diverse,EG-Bio,6x290g,37.81380000000001,2.473800000000004,7
555408,Haselnusskerne,Morgenland,Europäische Union,EG-Bio,6x350g,52.002,3.402000000000001,7
555433,Haselnusskerne,Morgenland,Diverse,EG-Bio,8x200g,39.376,2.5760000000000005,7
55062,Macadamia Nüsse,Flores Farm,GCA,EG-Bio,6x75g,20.0304,1.3104000000000013,7
555417,Macadamianüsse,Morgenland,Diverse,EG-Bio,8x100g,24.396,1.596,7
555345,Mandelkerne - lose,Morgenland,Europäische Union,EG-Bio,"3,5kg",53.393,3.493000000000002,7
555420,Mandelkerne blanchiert,Morgenland,Europäische Union,EG-Bio,8x100g,18.1472,1.1872000000000007,7
555838,Mandelkerne natur,Unverpackt für Alle,Europäische Union,EG-Bio,6x290g,36.59400000000001,2.3940000000000055,7
55292,Mandelkerne,Green organics,Diverse,EG-Bio,12x200g,34.5396,2.259599999999999,7
555912,Mandelkerne,Biotropic,Diverse,EG-Bio,6x200g,19.3242,1.2642000000000024,7
555422,Mandelkerne,Morgenland,Europäische Union,EG-Bio,6x500g,50.653800000000004,3.3138000000000005,7
555435,Mandelkerne,Morgenland,Diverse,EG-Bio,8x200g,28.676000000000002,1.8760000000000012,7
701419,Mandeln braun,Bio Company,Diverse,EG-Bio,6x200g,18.618,1.218,7
555428,Maronen verzehrfertig,Morgenland,Italien,EG-Bio,10x100g,24.503,1.6030000000000015,7
701409,Paranüsse,Bio Company,Diverse,EG-Bio,8x150g,33.812000000000005,2.2120000000000033,7
555914,Paranusskerne,Biotropic,Diverse,EG-Bio,6x200g,20.1588,1.3187999999999995,7
555425,Paranusskerne,Morgenland,Bolivien,EG-Bio,8x100g,25.252000000000002,1.652000000000001,7
555427,Pekannusskern-Hälften,Morgenland,Diverse,EG-Bio,8x100g,28.3336,1.8536000000000001,7
555426,Pistazien geschält,Morgenland,Türkei,EG-Bio,8x70g,34.5824,2.2623999999999995,7
555915,Pistazienkerne geröstet & gesalzen,Biotropic,Diverse,EG-Bio,8x150g,28.5904,1.8704,7
701431,Sultaninen,Bio Company,Diverse,100% Biozutaten,6x500g,24.3318,1.5918000000000028,7
701414,Walnussbruch,Bio Company,Diverse,EG-Bio,8x200g,21.400000000000002,1.4000000000000021,7
555835,Walnußhälften,Unverpackt für Alle,Europäische Union,EG-Bio,6x200g,30.7518,2.011800000000001,7
55018,Walnusskerne Bruch,Morgenland,Diverse,EG-Bio,8x175g,24.6528,1.6128,7
55187,Walnusskerne halbe,Naturata,Republik Moldau,EG-Bio,7x100g,17.8262,1.1662,7
555332,Walnusskerne Hälften - lose,Morgenland,Diverse,EG-Bio,"2,5kg",37.182500000000005,2.4325000000000045,7
555430,Walnusskerne Hälften,Morgenland,Diverse,EG-Bio,8x100g,16.0072,1.0472000000000001,7
555918,Walnusskerne,Biotropic,Diverse,EG-Bio,6x150g,13.096800000000002,0.8568000000000016,7
555353,Wilde Erdnüsse ungeröstet - ungesalzen,Flores Farm,Indonesien,EG-Bio,6x100g,12.1338,0.793800000000001,7
555542,Zedernüsse,Morgenland,Diverse,EG-Bio,8x100g,41.088,2.6880000000000024,7
55033,Zedernusskerne ganz,Flores Farm,Russland,EG-Bio,6x80g,25.294800000000002,1.6548000000000016,7
592985,Ananas gefriergetrocknet in Papierdose,Morgenland,Diverse,EG-Bio,6x45g,26.001,1.7010000000000005,7
635760,Ananasstücke getrocknet,Tarabao,Diverse,100% Biozutaten,6x35g,23.2404,1.5204000000000022,7
697377,Apfel-Kirsche Mix,Landgarten,Diverse,100% Biozutaten,10x50g,12.947000000000001,0.8470000000000013,7
529527,Balint's Dream,Tarabao,Diverse,100% Biozutaten,6x220g,41.8584,2.7384000000000057,7
529526,Bärenmix Nussmischung,Tarabao,Diverse,100% Biozutaten,6x275g,41.8584,2.7384000000000057,7
592777,Berberitzen getrocknet,Terrasana,ZU,EG-Bio,6x140g,34.0902,2.2302000000000035,7
555440,Cashew-Cranberry-Mix,Morgenland,Diverse,100% Biozutaten,9x150g,23.112000000000002,1.5120000000000005,7
592980,Erdbeerscheiben gefriergetrocknet in Papierdose,Morgenland,Diverse,EG-Bio,6x25g,25.5516,1.6716000000000015,7
696937,Hagebutten Pulver,Sanatur,Sri Lanka - Ceylon,EG-Bio,160g,16.5636,1.0836000000000006,7
555910,Haselnusskerne,Biotropic,Deutschland,EG-Bio,6x200g,20.672400000000003,1.352400000000003,7
529529,Haselnusskerne,Kauf,Aserbaidschan,EG-Bio,8x450g,57.009600000000006,3.729600000000005,7
592986,Heidelbeeren gefriergetrocknet in Papierdose,Morgenland,Argentinien,EG-Bio,6x35g,21.1218,1.381800000000002,7
635759,Heidelbeeren gefriergetrocknet,Tarabao,Diverse,100% Biozutaten,6x35g,25.68,1.6799999999999997,7
592981,Himbeeren gefriergetrocknet in Papierdose,Morgenland,Diverse,EG-Bio,6x25g,25.5516,1.6716000000000015,7
555441,Kerniger Nuss-Mix,Morgenland,Diverse,100% Biozutaten,9x150g,29.853,1.953000000000003,7
555334,Kerniges Studentenfutter - lose,Morgenland,Diverse,100% Biozutaten,"3,5kg",39.483000000000004,2.5830000000000055,7
555437,Kerniges Studentenfutter,Morgenland,Diverse,100% Biozutaten,6x500g,37.236,2.436,7
555436,Kerniges Studentenfutter,Morgenland,Diverse,100% Biozutaten,7x250g,23.968,1.5680000000000014,7
698618,Kokos Cashews,Tarabao,Diverse,100% Biozutaten,6x275g,36.0162,2.356200000000001,7
529528,Mandeln,Kauf,Spanien,EG-Bio,8x450g,57.009600000000006,3.729600000000005,7
592984,Mangos gefriergetrocknet in Papierdose,Morgenland,Diverse,EG-Bio,6x45g,21.1218,1.381800000000002,7
701410,Nusskern Mischung,Bio Company,Diverse,100% Biozutaten,6x200g,24.396,1.596,7
555913,Nusskernmischung,Biotropic,Diverse,EG-Bio,8x200g,25.1664,1.6463999999999999,7
701411,Nussmischung,Bio Company,Diverse,100% Biozutaten,8x200g,28.1624,1.8424000000000014,7
555339,Nussmix kernig - lose,Morgenland,Diverse,100% Biozutaten,"3,5kg",67.303,4.402999999999999,7
529519,Obstsalat,Tarabao,Diverse,100% Biozutaten,6x30g,23.2404,1.5204000000000022,7
529525,Premium Nussmix,Tarabao,Diverse,100% Biozutaten,6x275g,41.8584,2.7384000000000057,7
696022,Pure Superfruit getrocknet,Landgarten,Diverse,100% Biozutaten,8x120g,26.878400000000003,1.7584000000000017,7
55185,Studentenfutter mit Sultaninen,Naturata,Diverse,100% Biozutaten,5x500g,37.3965,2.4465000000000003,7
55184,Studentenfutter mit Sultaninen,Naturata,Diverse,100% Biozutaten,7x200g,23.8931,1.5631000000000022,7
701412,Studentenfutter,Bio Company,Diverse,100% Biozutaten,6x200g,17.655,1.1550000000000011,7
555916,Studentenfutter,Biotropic,Diverse,EG-Bio,6x200g,15.0228,0.982800000000001,7
529524,Waldbeerenmix,Tarabao,Diverse,100% Biozutaten,6x30g,23.2404,1.5204000000000022,7
575547,Asia-Woknoodles hell,Natur Compagnie,Diverse,EG-Bio,10x250g,15.087,0.9870000000000001,7
685456,Bandnudeln aus Eierteig natur,Bio Gourmet,Italien,100% Biozutaten,8x250g,32.1,2.1000000000000014,7
575680,Bandnudeln breit DEMETER - 18mm,Spielberger,Italien,Demeter (Deutschland),8x500g,16.6064,1.0864000000000011,7
575727,Bandnudeln breit mit Ei,Burgermühle,Europäische Union,100% Biozutaten,8x500g,12.7544,0.8344000000000005,7
575064,Bandnudeln geschnitten,Green organics,Italien,EG-Bio,8x500g,12.7544,0.8344000000000005,7
685459,Bandnudeln mit Latschenkiefer & Bergkräuter,Bio Gourmet,Italien,100% Biozutaten,8x250g,32.1,2.1000000000000014,7
685457,Bandnudeln mit Südtiroler Schüttelbrot,Bio Gourmet,Italien,100% Biozutaten,8x250g,32.1,2.1000000000000014,7
685458,Bandnudeln mit Südtiroler Speck,Bio Gourmet,Italien,100% Biozutaten,8x250g,32.1,2.1000000000000014,7
575082,Bauernspätzle ohne Ei,Green organics,Italien,EG-Bio,15x500g,23.914500000000004,1.5645000000000024,7
75101,Buchstabennudeln bunt,Byodo,Europäische Union,100% Biozutaten,12x250g,17.334,1.1340000000000003,7
75121,Cannelloni,Byodo,Italien,EG-Bio,12x250g,21.186000000000003,1.3860000000000028,7
575297,Casarecce artigianali,San Vicario,Italien,EG-Bio,8x500g,22.256000000000004,1.456000000000003,7
75301,Cicatelli tradizionali,San Vicario,Italien,EG-Bio,12x250g,25.038,1.6380000000000017,7
575597,Drelli hell - Papiertüte,Alb Gold Alb Natur,Italien,100% Biozutaten,8x500g,12.3264,0.8064,7
575837,Farfalle al bronzo I.G.P. hell,Liguori Pastificio,Italien,EG-Bio,8x500g,12.925600000000001,0.845600000000001,7
566127,Farfalle hell - Papierverpackung,La Selva,Italien,EG-Bio,12x500g,18.618,1.218,7
575693,Farfalle hell,Green organics,Italien,EG-Bio,12x500g,11.0424,0.7224000000000004,7
695590,Farfalle semola,Byodo,Italien,EG-Bio,12x500g,21.186000000000003,1.3860000000000028,7
575596,Fusili hell - Papiertüte,Alb Gold Alb Natur,Italien,100% Biozutaten,8x500g,12.3264,0.8064,7
575831,Fusili hell I.G.P. al bronzo DEMETER,Liguori Pastificio,Italien,Demeter (Deutschland),10x400g,16.157,1.0570000000000004,7
575696,Fusili Vollkorn,Green organics,Italien,EG-Bio,12x500g,10.914,0.7140000000000004,7
575291,Fusilli artigianali,San Vicario,Italien,EG-Bio,8x500g,22.256000000000004,1.456000000000003,7
574997,Fusilli di Grano Duro Antico,Il Cerreto,Italien,Demeter (Deutschland),12x500g,35.8236,2.343600000000002,7
566126,Fusilli hell - Papierverpakung,La Selva,Italien,EG-Bio,12x500g,16.5636,1.0836000000000006,7
575691,Fusilli hell,Green organics,Italien,EG-Bio,12x500g,10.914,0.7140000000000004,7
75221,Gabelspaghetti DEMETER,Spielberger,Italien,Demeter (Deutschland),10x500g,20.758,1.3580000000000005,7
75126,Gnocchi Sardi,Byodo,Italien,EG-Bio,12x500g,21.186000000000003,1.3860000000000028,7
701384,Helle Fusilli,Bio Company,Italien,EG-Bio,12x500g,12.5832,0.8231999999999999,7
701382,Helle Penne,Bio Company,Italien,EG-Bio,12x500g,12.5832,0.8231999999999999,7
701380,Helle Spaghetti,Bio Company,Italien,EG-Bio,12x500g,12.4548,0.8148,7
75231,Hörnchen gedreht DEMETER,Spielberger,Italien,Demeter (Deutschland),8x500g,16.6064,1.0864000000000011,7
75122,Hörnchen,Byodo,Italien,EG-Bio,12x500g,21.186000000000003,1.3860000000000028,7
575409,Kid's Pasta Dinos,Alb Gold Alb Natur,Italien,EG-Bio,12x300g,13.995600000000001,0.9156000000000013,7
75223,Kindernudeln hell Huhn & Hahn DEMETER,Naturata,Italien,Demeter (Deutschland),12x250g,17.5908,1.1508000000000003,7
75087,Lasagne hell,Green organics,Italien,EG-Bio,12x250g,13.610400000000002,0.8904000000000014,7
75112,Lasagne,Byodo,Italien,EG-Bio,12x250g,21.186000000000003,1.3860000000000028,7
75119,Lasagneplatten Vollkorn,Byodo,Italien,EG-Bio,12x250g,21.828,1.4280000000000008,7
575833,Linguine hell I.G.P. al bronzo DEMETER,Liguori Pastificio,Italien,Demeter (Deutschland),15x400g,24.2355,1.5854999999999997,7
75437,Maccaroni lang hell DEMETER,Naturata,Italien,Demeter (Deutschland),10x500g,21.293,1.3930000000000007,7
566118,Mezze Penne - Papierverpackung,La Selva,Italien,EG-Bio,12x500g,16.5636,1.0836000000000006,7
575835,Mezzi Rigatoni hell I.G.P. al bronzo DEMETER,Liguori Pastificio,Italien,Demeter (Deutschland),10x400g,16.157,1.0570000000000004,7
575546,Mie-Noodles für Wok-Gerichte,Alb Gold Alb Natur,Diverse,100% Biozutaten,8x250g,10.956800000000001,0.716800000000001,7
575538,Mie-Noodles mit Ei für Wok-Gerichte,Alb Gold Alb Natur,Diverse,100% Biozutaten,8x250g,10.443200000000001,0.6832000000000011,7
685430,Morelli Calamari,Bio Gourmet,Italien,100% Biozutaten,6x500g,27.927000000000003,1.8270000000000017,7
685431,Morelli Pappardelle,Bio Gourmet,Italien,100% Biozutaten,6x500g,25.68,1.6799999999999997,7
685429,Morelli Tacconi,Bio Gourmet,Italien,100% Biozutaten,8x250g,26.536,1.7360000000000007,7
575641,Nudelreis in Papiertüte,Alb Gold Alb Natur,Deutschland,EG-Bio,12x500g,18.489600000000003,1.2096000000000018,7
575633,Orecchiette hell - Papiertüte,Alb Gold Alb Natur,Deutschland,100% Biozutaten,10x500g,15.408000000000001,1.008000000000001,7
695588,Orecchiette semola,Byodo,Italien,EG-Bio,12x500g,21.186000000000003,1.3860000000000028,7
75302,Orecchiette tradizionale,San Vicario,Italien,EG-Bio,12x250g,25.038,1.6380000000000017,7
575793,Orecchiette tricolore Tradizionali,San Vicario,Italien,100% Biozutaten,12x250g,30.174,1.9740000000000002,7
575792,Orzo Pasta - Risini Artigianali,San Vicario,Italien,100% Biozutaten,8x500g,22.1704,1.450400000000002,7
575299,Pasta Spaghetti con Peperoncini,San Vicario,Italien,100% Biozutaten,12x450g,33.2556,2.175600000000003,7
575595,Penne hell - Papiertüte,Alb Gold Alb Natur,Italien,100% Biozutaten,8x500g,12.3264,0.8064,7
566117,Penne hell - Papierverpackung,La Selva,Italien,EG-Bio,12x500g,16.5636,1.0836000000000006,7
575194,Penne hell,La Selva,Italien,EG-Bio,12x1kg,34.4112,2.2512000000000043,7
575292,Penne Rigate artigianali,San Vicario,Italien,EG-Bio,8x500g,22.256000000000004,1.456000000000003,7
575832,Penne Rigate hell I.G.P. al bronzo DEMETER,Liguori Pastificio,Italien,Demeter (Deutschland),10x400g,16.157,1.0570000000000004,7
575692,Penne Rigate hell,Green organics,Italien,EG-Bio,12x500g,10.914,0.7140000000000004,7
75130,Penne,Byodo,Italien,EG-Bio,12x500g,16.05,1.0500000000000007,7
575728,Radiatori mit Ei,Burgermühle,Europäische Union,100% Biozutaten,8x500g,12.7544,0.8344000000000005,7
75117,Rigatoni,Byodo,Italien,EG-Bio,12x500g,21.186000000000003,1.3860000000000028,7
75205,Schwäbische Bauernspätzle DEMETER,Spielberger,Italien,Demeter (Deutschland),12x500g,24.9096,1.6296,7
574998,Spaghetti - Linguine di Grano Duro,Il Cerreto,Italien,Demeter (Deutschland),12x500g,35.8236,2.343600000000002,7
575609,Spaghetti - Papierverpackung,Alb Gold Alb Natur,Italien,EG-Bio,12x500g,18.489600000000003,1.2096000000000018,7
75439,Spaghetti hell DEMETER,Naturata,Italien,Demeter (Deutschland),10x500g,21.293,1.3930000000000007,7
575830,Spaghetti hell I.G.P. al bronzo DEMETER,Liguori Pastificio,Italien,Demeter (Deutschland),15x400g,24.2355,1.5854999999999997,7
575690,Spaghetti hell,Green organics,Italien,EG-Bio,12x500g,10.143600000000001,0.6636000000000006,7
566116,Spaghetti No. 5 - Papierverpackung,La Selva,Italien,EG-Bio,12x500g,16.5636,1.0836000000000006,7
75303,Spaghetti semola,San Vicario,Italien,EG-Bio,12x500g,29.4036,1.9236000000000004,7
575695,Spaghetti Vollkorn,Green organics,Italien,EG-Bio,12x500g,10.143600000000001,0.6636000000000006,7
75125,Spaghetti,Byodo,Italien,EG-Bio,12x500g,16.05,1.0500000000000007,7
75127,Spaghettini,Byodo,Italien,EG-Bio,12x500g,18.2328,1.1928000000000019,7
575159,Spätzle hell DEMETER,Naturata,Italien,Demeter (Deutschland),9x500g,22.3416,1.4616000000000007,7
75100,Spiralen bunt,Byodo,Europäische Union,100% Biozutaten,12x500g,21.186000000000003,1.3860000000000028,7
75135,Spiralen,Byodo,Italien,EG-Bio,12x500g,16.05,1.0500000000000007,7
575433,Spirelli hell DEMETER,Naturata,Italien,Demeter (Deutschland),9x500g,20.415599999999998,1.3355999999999995,7
695589,Strozzapreti semola,Byodo,Italien,EG-Bio,12x500g,21.186000000000003,1.3860000000000028,7
574999,Tagliatelle di Grano Duro Antico,Il Cerreto,Italien,Demeter (Deutschland),12x250g,31.458000000000002,2.0580000000000034,7
75103,Tagliatelle-Nester grün,Byodo,Europäische Union,100% Biozutaten,12x250g,21.186000000000003,1.3860000000000028,7
75102,Tagliatelle-Nester,Byodo,Italien,EG-Bio,12x250g,21.186000000000003,1.3860000000000028,7
575085,Tortiglioni hell,Green organics,Italien,EG-Bio,12x500g,10.914,0.7140000000000004,7
75120,Volanti,Byodo,Italien,EG-Bio,12x500g,21.186000000000003,1.3860000000000028,7
75222,Weihnachtsnudeln Nikolini DEMETER,Naturata,Italien,Demeter (Deutschland),12x250g,17.5908,1.1508000000000003,7
575774,AKTIONSKISTE Dinkel Vollkorn Spiralen - DEMETER,Spielberger,Deutschland,Demeter (Deutschland),6x2kg,39.804,2.603999999999999,7
575533,Dinkel Bandnudeln hell Oberkulmer Rotkorn,Bodensee Biobauern,Deutschland,Demeter (Deutschland),8x500g,18.2328,1.1928000000000019,7
575651,Dinkel Penne hell - unverpackt DEMETER,Spielberger,Deutschland,Demeter (Deutschland),2kg,7.7789,0.5089000000000006,7
575531,Dinkel Penne hell Oberkulmer Rotkorn,Bodensee Biobauern,Deutschland,Demeter (Deutschland),12x500g,27.3492,1.789200000000001,7
575684,Dinkel Röhrchen hell - unverpackt DEMETER,Spielberger,Deutschland,Demeter (Deutschland),2kg,7.7789,0.5089000000000006,7
575532,Dinkel Spaghetti hell Oberkulmer Rotkorn,Bodensee Biobauern,Deutschland,Demeter (Deutschland),10x500g,22.791,1.4909999999999997,7
575657,Dinkel Spiralen hell - unverpackt DEMETER,Spielberger,Deutschland,Demeter (Deutschland),2kg,7.7789,0.5089000000000006,7
575530,Dinkel Spirelli hell Oberkulmer Rotkorn,Bodensee Biobauern,Deutschland,Demeter (Deutschland),12x500g,27.3492,1.789200000000001,7
575671,Dinkel Vollkorn Spaghetti DEMETER,Spielberger,Europäische Union,Demeter (Deutschland),12x500g,26.450400000000002,1.730400000000003,7
575682,Dinkel Vollkorn Spiralen - unverpackt DEMETER,Spielberger,Deutschland,Demeter (Deutschland),2kg,7.7789,0.5089000000000006,7
75234,Dinkel-Bandnudeln hell DEMETER 18mm,Spielberger,Europäische Union,Demeter (Deutschland),8x500g,17.6336,1.1536000000000008,7
75233,Dinkel-Bandnudeln hell DEMETER 9mm,Spielberger,Europäische Union,Demeter (Deutschland),8x500g,17.6336,1.1536000000000008,7
75426,Dinkel-Bandnudeln hell DEMETER,Naturata,Deutschland,Demeter (Deutschland),10x500g,28.034000000000002,1.8340000000000032,7
575687,Dinkel-Bauernspätzle hell DEMETER,Spielberger,Europäische Union,Demeter (Deutschland),12x500g,27.220800000000004,1.7808000000000028,7
75420,Dinkel-Buchstabennudeln hell DEMETER,Naturata,Diverse,Demeter (Deutschland),12x250g,18.3612,1.2012,7
575842,Dinkel-Buchstabennudeln hell DEMETER,Spielberger,Deutschland,Demeter (Deutschland),14x250G,18.5752,1.2151999999999994,7
75421,Dinkel-Fadennudeln hell DEMETER,Naturata,Deutschland,Demeter (Deutschland),9x250g,15.0228,0.982800000000001,7
575599,Dinkel-Fusilli hell - Papiertüte,Alb Gold Alb Natur,Deutschland,Naturland,8x500g,16.948800000000002,1.1088000000000022,7
575429,Dinkel-Hörnchen hell DEMETER,Naturata,Deutschland,Demeter (Deutschland),12x500g,30.4308,1.9908000000000001,7
575250,Dinkel-Lasagne hell DEMETER,Spielberger,Europäische Union,Demeter (Deutschland),10x250g,22.042,1.4420000000000002,7
575545,Dinkel-Lasagne hell DEMETER,Naturata,Deutschland,Demeter (Deutschland),12x250g,27.220800000000004,1.7808000000000028,7
575155,Dinkel-Lasagne Vollkorn DEMETER,Naturata,Italien,Demeter (Deutschland),12x250g,27.220800000000004,1.7808000000000028,7
75423,Dinkel-Maccaroni hell kurz DEMETER,Naturata,Deutschland,Demeter (Deutschland),12x500g,30.4308,1.9908000000000001,7
575154,Dinkel-Maccaroni lang hell DEMETER,Naturata,Deutschland,Demeter (Deutschland),10x500g,24.717000000000002,1.6170000000000009,7
575841,Dinkel-Muschelnudeln DEMETER,Spielberger,Deutschland,Demeter (Deutschland),14x250G,18.5752,1.2151999999999994,7
575598,Dinkel-Penne hell - Papiertüte,Alb Gold Alb Natur,Deutschland,Naturland,8x500g,16.948800000000002,1.1088000000000022,7
575248,Dinkel-Penne hell DEMETER,Spielberger,Europäische Union,Demeter (Deutschland),8x500g,17.6336,1.1536000000000008,7
75427,Dinkel-Penne hell DEMETER,Naturata,Deutschland,Demeter (Deutschland),9x500g,23.304600000000004,1.524600000000003,7
575249,Dinkel-Röhrchen hell DEMETER,Spielberger,Europäische Union,Demeter (Deutschland),8x500g,17.6336,1.1536000000000008,7
75428,Dinkel-Spaghetti hell DEMETER,Naturata,Deutschland,Demeter (Deutschland),10x500g,25.252000000000002,1.652000000000001,7
575247,Dinkel-Spaghetti hell DEMETER,Spielberger,Europäische Union,Demeter (Deutschland),12x500g,26.450400000000002,1.730400000000003,7
575588,Dinkel-Spaghetti hell in Papiertüte,Alb Gold Alb Natur,Deutschland,Naturland,12x500g,25.423200000000005,1.6632000000000033,7
575158,Dinkel-Spätzle hell DEMETER,Naturata,Deutschland,Demeter (Deutschland),9x500g,26.386200000000002,1.7262000000000022,7
75236,Dinkel-Spiralen hell DEMETER,Spielberger,Europäische Union,Demeter (Deutschland),8x500g,17.6336,1.1536000000000008,7
75425,Dinkel-Spirelli hell DEMETER,Naturata,Diverse,Demeter (Deutschland),9x500g,23.497200000000003,1.5372000000000021,7
75239,Dinkel-Vollkorn-Bandnudeln DEMETER 9mm,Spielberger,Europäische Union,Demeter (Deutschland),8x500g,17.6336,1.1536000000000008,7
75418,Dinkel-Vollkorn-Bandnudeln DEMETER,Naturata,Diverse,Demeter (Deutschland),10x500g,26.108,1.708000000000002,7
575281,Dinkel-Vollkorn-Fadennudeln DEMETER,Spielberger,Europäische Union,Demeter (Deutschland),12x250g,15.921600000000002,1.0416000000000007,7
75419,Dinkel-Vollkorn-Penne DEMETER,Naturata,Diverse,Demeter (Deutschland),9x500g,22.2453,1.4553000000000011,7
75240,Dinkel-Vollkorn-Röhrchen kurz DEMETER,Spielberger,Europäische Union,Demeter (Deutschland),8x500g,17.6336,1.1536000000000008,7
75422,Dinkel-Vollkorn-Spaghetti DEMETER,Naturata,Diverse,Demeter (Deutschland),10x500g,23.433,1.5330000000000013,7
75241,Dinkel-Vollkorn-Spiralen DEMETER,Spielberger,Europäische Union,Demeter (Deutschland),8x500g,17.6336,1.1536000000000008,7
75416,Dinkel-Vollkorn-Spirelli DEMETER,Naturata,Diverse,Demeter (Deutschland),9x500g,22.149,1.4490000000000016,7
575587,Dinkel-Vollkornspaghetti in Papiertüte,Alb Gold Alb Natur,Deutschland,Naturland,12x500g,25.423200000000005,1.6632000000000033,7
575210,Dinkelspaghetti hell DEMETER - lose,Naturata,Baden-Württemberg,Demeter (Deutschland),5kg,23.433,1.5330000000000013,7
575063,Dinkelspaghetti hell,Green organics,Deutschland,EG-Bio,24x500g,41.088,2.6880000000000024,7
75099,Dinkelspiralen hell,Green organics,Deutschland,EG-Bio,12x500g,20.544,1.3440000000000012,7
575211,Dinkelspirelli hell DEMETER - lose,Naturata,Baden-Württemberg,Demeter (Deutschland),5kg,23.433,1.5330000000000013,7
701388,EMMER Penne,Bio Company,Italien,EG-Bio,12x500g,19.1316,1.2515999999999998,7
701386,EMMER Spaghetti,Bio Company,Italien,EG-Bio,12x500g,19.1316,1.2515999999999998,7
575537,Mie-Noodles aus Dinkel für Wok-Gerichte,Alb Gold Alb Natur,Diverse,EG-Bio,8x250g,10.5288,0.6888000000000005,7
575539,Mie-Noodles aus Vollkorn für Wok-Gerichte,Alb Gold Alb Natur,Diverse,100% Biozutaten,8x250g,10.443200000000001,0.6832000000000011,7
75202,Schwäbische Dinkel-Vollkorn-Bauernspätzle DEMETER,Spielberger,Europäische Union,Demeter (Deutschland),12x250g,24.010800000000003,1.570800000000002,7
681242,Bifun Reisnudeln glutenfrei,Arche,Thailand,100% Biozutaten,5x250g,13.482000000000001,0.8820000000000014,7
575787,Black Bean Spaghetti,Just Taste,Diverse,100% Biozutaten,6x250g,14.059800000000001,0.9198000000000004,7
575573,Buchweizen Fusilli glutenfrei,Felicia Bio Nudeln,Italien,100% Biozutaten,10x250g,23.433,1.5330000000000013,7
75007,Buchweizen Nudeln mit Süßkartoffel glutenfrei,Terrasana,Diverse,100% Biozutaten,12x250g,33.384,2.184000000000001,7
575492,Buchweizen Vollkorn-Fusilli glutenfrei,Alb Gold Alb Natur,Diverse,EG-Bio,8x250g,17.6336,1.1536000000000008,7
575740,Cappelletti Gemüse-Vollkorn vegan,D'Angelo Pasta,Diverse,100% Biozutaten,10x250g,23.540000000000003,1.5400000000000027,7
575739,Cappelletti Kürbis-Apfel vegan,D'Angelo Pasta,Diverse,100% Biozutaten,10x250g,23.540000000000003,1.5400000000000027,7
575785,Edamame Spaghetti,Just Taste,Diverse,100% Biozutaten,6x250g,14.059800000000001,0.9198000000000004,7
75133,Emmer-Hörnchen semola,Byodo,Italien,EG-Bio,12x500g,30.6876,2.0076,7
75132,Emmer-Spaghetti semola,Byodo,Italien,EG-Bio,12x500g,30.6876,2.0076,7
75134,Emmer-Spiralen semola,Byodo,Italien,EG-Bio,12x500g,30.6876,2.0076,7
75136,Emmer-Volanti semola,Byodo,Italien,EG-Bio,12x500g,30.6876,2.0076,7
580748,Fusilli - Protein Plus,Byodo,Diverse,100% Biozutaten,12x400g,31.458000000000002,2.0580000000000034,7
681259,Glasnudeln,Arche,Diverse,EG-Bio,6x200g,13.610400000000002,0.8904000000000014,7
699360,Goodel Buchweizen Leinsaat Fusili vegan glutenfrei,Govinda,Diverse,100% Biozutaten,5x250g,13.054,0.854000000000001,7
699725,Goodel Calamarata Erbse & Vollkornreis vegan gltf,Govinda,Diverse,100% Biozutaten,5x250g,13.054,0.854000000000001,7
699727,Goodel Fusilli Tricolore Mais vegan gltf,Govinda,Diverse,100% Biozutaten,5x250g,13.054,0.854000000000001,7
699363,Goodel Kichererbsen Leinsaat Fusili vegan gltf,Govinda,Diverse,100% Biozutaten,5x250g,13.054,0.854000000000001,7
699482,Goodel Kindernudel Mais Meereswelt vegan gltf,Govinda,Diverse,100% Biozutaten,5x250g,13.054,0.854000000000001,7
699480,Goodel Kindernudel Mais Reis Bauernhof vegan gltf,Govinda,Diverse,100% Biozutaten,5x250g,10.272,0.6720000000000006,7
699481,Goodel Kindernudel Mais Safari vegan gltf,Govinda,Diverse,100% Biozutaten,5x250g,13.054,0.854000000000001,7
699726,Goodel Mafaldine Mais & Reis vegan gltf,Govinda,Diverse,100% Biozutaten,5x250g,10.325500000000002,0.6755000000000013,7
699367,Goodel Mais Quinoa Fusilli vegan glutenfrei,Govinda,Diverse,100% Biozutaten,5x250g,12.037500000000001,0.7875000000000014,7
699369,Goodel Mais Reis Amaranth Conchiglie vegan gltf,Govinda,Diverse,100% Biozutaten,5x250g,13.054,0.854000000000001,7
699362,Goodel Mais Reis Paccheri vegan glutenfrei,Govinda,Diverse,100% Biozutaten,5x250g,10.272,0.6720000000000006,7
699368,Goodel Mais Teff Ditali vegan glutenfrei,Govinda,Diverse,100% Biozutaten,5x250g,13.054,0.854000000000001,7
699364,Goodel Rote Linsen Leinsaat Fusilli vegan gltf,Govinda,Diverse,100% Biozutaten,5x250g,12.037500000000001,0.7875000000000014,7
699365,Goodel Vollkornreis Conchiglie vegan glutenfrei,Govinda,Diverse,100% Biozutaten,5x250g,12.037500000000001,0.7875000000000014,7
699366,Goodel Vollkornreis Mezze Penne vegan glutenfrei,Govinda,Diverse,100% Biozutaten,5x250g,12.037500000000001,0.7875000000000014,7
575699,Hafer Buchstaben Nudeln glutenfrei DEMETER,Spielberger,Europäische Union,Demeter (Deutschland),4x250g,7.2332,0.4732000000000003,7
575659,Hafer Rigatoni glutenfrei DEMETER,Spielberger,Europäische Union,Demeter (Deutschland),6x250g,10.849800000000002,0.7098000000000013,7
575658,Hafer Spiralen glutenfrei DEMETER,Spielberger,Europäische Union,Demeter (Deutschland),6x250g,10.849800000000002,0.7098000000000013,7
575786,Kichererbsen Fettuccuine,Just Taste,Diverse,100% Biozutaten,6x250g,14.059800000000001,0.9198000000000004,7
575536,Kichererbsen Fusilli glutenfrei,Alb Gold Alb Natur,Diverse,100% Biozutaten,8x250g,15.151200000000001,0.991200000000001,7
575723,Lenti Love Cappelletti pikante Linse vegan,D'Angelo Pasta,Diverse,100% Biozutaten,10x250g,23.540000000000003,1.5400000000000027,7
575788,Lila Süßkartoffel Fettuccine,Just Taste,Diverse,100% Biozutaten,6x250g,14.059800000000001,0.9198000000000004,7
575559,Mais Reis Fusilli glutenfrei,Felicia Bio Nudeln,Italien,100% Biozutaten,10x250g,21.186000000000003,1.3860000000000028,7
575560,Mais-Reis Lasagne-Platten glutenfrei,Felicia Bio Nudeln,Italien,100% Biozutaten,12x250g,35.8236,2.343600000000002,7
575586,Mais-Reis-Spaghetti glutenfrei in Papiertüte,Alb Gold Alb Natur,Deutschland,100% Biozutaten,12x500g,25.5516,1.6716000000000015,7
580746,Makkaroni - Protein Plus,Byodo,Diverse,100% Biozutaten,12x400g,31.458000000000002,2.0580000000000034,7
575003,Naturreisnudeln mit Kürbis & Ingwer glutenfrei,Terrasana,Diverse,100% Biozutaten,12x250g,33.384,2.184000000000001,7
575791,Ramen Nudeln,Just Taste,Volksrepublik China,99%,7x300g,15.3545,1.0045000000000002,7
575741,Ravioli Käse-Spinat,D'Angelo Pasta,Diverse,100% Biozutaten,10x250g,23.540000000000003,1.5400000000000027,7
575742,Ravioli Tomate-Käse,D'Angelo Pasta,Diverse,100% Biozutaten,10x250g,23.540000000000003,1.5400000000000027,7
575558,Reis Fusili Tricolore glutenfrei,Felicia Bio Nudeln,Italien,100% Biozutaten,10x250g,23.433,1.5330000000000013,7
575449,Reis-Vollkorn-Penne glutenfrei,Naturata,Diverse,EG-Bio,12x250g,22.213200000000004,1.4532000000000025,7
575444,Reis-Vollkorn-Spaghetti glutenfrei,Naturata,Diverse,EG-Bio,12x250g,21.699600000000004,1.4196000000000026,7
575448,Reis-Vollkorn-Spirelli glutenfrei,Naturata,Diverse,EG-Bio,12x250g,22.213200000000004,1.4532000000000025,7
75004,Reisnudeln aus Naturreis glutenfrei,Terrasana,Diverse,100% Biozutaten,12x250g,33.384,2.184000000000001,7
575025,Reisnudeln aus Naturreis mit Wakame,Terrasana,Diverse,100% Biozutaten,12x250g,33.384,2.184000000000001,7
75005,Reisnudeln aus Thai-Reis glutenfrei,Terrasana,Diverse,100% Biozutaten,12x250g,25.1664,1.6463999999999999,7
75006,Reisnudeln aus Thai-Reis schwarz glutenfrei,Terrasana,Diverse,100% Biozutaten,12x250g,39.162000000000006,2.5620000000000047,7
75445,Reisnudeln Tricolore glutenfrei,Naturata,Italien,100% Biozutaten,12x250g,28.119600000000002,1.8396000000000008,7
575535,Rote Linsen Fusilli glutenfrei,Alb Gold Alb Natur,Diverse,100% Biozutaten,8x250g,15.151200000000001,0.991200000000001,7
575714,Rustico Dinkel Strozzapreti ungefüllt vegan,D'Angelo Pasta,Diverse,100% Biozutaten,10x250g,20.330000000000002,1.3300000000000018,7
575789,Süßkartoffel Spaghetti,Just Taste,Diverse,100% Biozutaten,6x250g,14.059800000000001,0.9198000000000004,7
575718,Tortellini Champignon vegan,D'Angelo Pasta,Diverse,100% Biozutaten,10x250g,23.540000000000003,1.5400000000000027,7
575709,Tortellini Gemüse vegan,D'Angelo Pasta,Diverse,100% Biozutaten,10x250g,23.540000000000003,1.5400000000000027,7
575708,Tortellini Käse,D'Angelo Pasta,Diverse,100% Biozutaten,10x250g,23.540000000000003,1.5400000000000027,7
575719,Tortellini mit Steinpilzfüllung vegan,D'Angelo Pasta,Diverse,100% Biozutaten,10x250g,23.540000000000003,1.5400000000000027,7
580747,Trottole - Protein Plus,Byodo,Diverse,100% Biozutaten,12x400g,31.458000000000002,2.0580000000000034,7
575790,Udon Nudeln,Just Taste,Volksrepublik China,99%,7x300g,15.3545,1.0045000000000002,7
575721,Veganissimo Ravioli mit veganem Schmelz vegan,D'Angelo Pasta,Diverse,100% Biozutaten,10x250g,23.540000000000003,1.5400000000000027,7
635136,Vollkorn-Emmerlinge BIOLAND,Kornkreis,Baden-Württemberg,Bioland,8x400g,28.1624,1.8424000000000014,7
695988,Casarecce Reis Mais Nudeln,Byodo,Europäische Union,100% Biozutaten,6x250g,11.491800000000001,0.7518000000000011,7
695986,Cellentani - grüne Erbsen Nudeln,Byodo,Europäische Union,EG-Bio,6x250g,15.408000000000001,1.008000000000001,7
699771,Fusilli glutenfrei,Schnitzer,Diverse,95%,8x400g,14.98,0.9800000000000004,7
699274,Glasnudeln Vermicelli,Terrasana,Diverse,EG-Bio,6x200g,13.995600000000001,0.9156000000000013,7
699908,Instant Nudel Miso Shiitake,Terrasana,Diverse,100% Biozutaten,6x90g,8.346,0.5460000000000003,7
699907,Instant Nudel Miso Wakame,Terrasana,Diverse,100% Biozutaten,6x90g,8.346,0.5460000000000003,7
698969,Instant Wok Nudeln,Arche,Diverse,EG-Bio,10x250g,13.482000000000001,0.8820000000000014,7
699041,Konjac Rice glutenfrei,Terrasana,Diverse,99%,6x250g,11.8128,0.7728000000000002,7
697647,Konjac Spaghetti glutenfrei,Terrasana,Diverse,99%,6x250g,11.8128,0.7728000000000002,7
697648,Konjac Tagliatelle glutenfrei,Terrasana,Diverse,99%,6x250g,11.8128,0.7728000000000002,7
695594,Mais-Reis Lasagne glutenfrei,Byodo,Diverse,100% Biozutaten,12x250g,28.119600000000002,1.8396000000000008,7
685143,Pad Thai Naturreisnudeln,Terrasana,Vietnam,100% Biozutaten,12x250g,35.31,2.3100000000000023,7
698060,Ramen Nudeln aus Buchweizen mit Shiitake glf.,Terrasana,Diverse,100% Biozutaten,6x280g,28.248,1.8480000000000025,7
698058,Ramen Nudeln aus Naturreis glutenfrei,Terrasana,Diverse,EG-Bio,6x280g,26.193600000000004,1.7136000000000031,7
698059,Ramen Nudeln aus schwarzem Reis glutenfrei,Terrasana,Diverse,100% Biozutaten,6x280g,32.421,2.1209999999999987,7
698967,Ramen Nudeln,Arche,Diverse,100% Biozutaten,8x250g,10.7856,0.7056000000000004,7
699408,Reis Ramen Thai Curry Instant Nudel Suppe,Arche,Diverse,100% Biozutaten,8x72g,12.7544,0.8344000000000005,7
699407,Reis Ramen Tom Yum Instant Nudel Suppe,Arche,Diverse,100% Biozutaten,8x72g,12.7544,0.8344000000000005,7
681254,Reispapier für Frühlingsrollen,Arche,Vietnam,EG-Bio,10x150g,26.108,1.708000000000002,7
695593,Rote Linsen Volanti glutenfrei,Byodo,Diverse,EG-Bio,6x250g,15.985800000000001,1.0458000000000016,7
695987,Sedani Reis Mais Nudeln,Byodo,Europäische Union,100% Biozutaten,6x250g,11.491800000000001,0.7518000000000011,7
690475,Shirataki Spaghetti Konjak Nudeln glutenfrei,Arche,Japan,100% Biozutaten,6x294g,16.5636,1.0836000000000006,7
690515,Soba Noodles,Arche,Diverse,100% Biozutaten,6x250g,15.5364,1.0164000000000009,7
699770,Spaghetti glutenfrei,Schnitzer,Diverse,95%,9x400g,16.852500000000003,1.1025000000000027,7
695985,Spirelli - Kichererbsen Nudeln,Byodo,Europäische Union,EG-Bio,6x250g,15.408000000000001,1.008000000000001,7
690514,Udon Hartweizennudeln,Arche,Europäische Union,EG-Bio,6x250g,12.519,0.8190000000000008,7
698127,Vietnamesisches Reispapier,Terrasana,Diverse,100% Biozutaten,10x150g,19.688,1.2880000000000003,7
699660,Vorgekochte Ramen Nudeln,Terrasana,Diverse,100% Biozutaten,6x300g,15.857400000000002,1.0374000000000017,7
699661,Vorgekochte Udon Nudeln,Terrasana,Diverse,100% Biozutaten,6x300g,15.857400000000002,1.0374000000000017,7
698968,Wok Nudeln,Arche,Diverse,EG-Bio,10x250g,14.766000000000002,0.9660000000000011,7
615119,Aroniamark,Maintal,Diverse,EG-Bio,6x190g,11.491800000000001,0.7518000000000011,7
698170,Concentrato di Pomodoro - Tomatenmark 20-22%,La Selva,Italien,EG-Bio,6x200g,10.143600000000001,0.6636000000000006,7
701904,Gehackte Tomaten,Bio Company,Italien,EG-Bio,12x400g,11.4276,0.7476000000000003,7
701906,Geschälte Tomaten,Bio Company,Italien,EG-Bio,12x400g,11.556000000000001,0.7560000000000002,7
702046,Lebkuchen in Vollmilchschokolade,Bio Company,Diverse,100% Biozutaten,12x175g,49.04880000000001,3.2088000000000036,7
702045,Lebkuchen in Zartbitterschokolade,Bio Company,Diverse,100% Biozutaten,12x175g,47.3796,3.0996000000000024,7
95899,Passata di Pomodoro - passierte Tomaten,La Selva,Italien,EG-Bio,12x425g,18.618,1.218,7
695793,Passata di Pomodoro - passierte Tomaten,La Selva,Italien,EG-Bio,12x690g,24.524400000000004,1.6044000000000018,7
575001,Passata di Pomodoro Basilico - stückige Tomaten,Il Cerreto,Italien,Demeter (Deutschland),12x690g,29.4036,1.9236000000000004,7
701910,Passierte Tomaten mit Basilikum,Bio Company,Italien,100% Biozutaten,6x400g,7.832400000000001,0.5124000000000004,7
701908,Passierte Tomaten,Bio Company,Italien,EG-Bio,12X680G,17.334,1.1340000000000003,7
695506,Pizza-Tomaten - Dose,Green organics,Italien,EG-Bio,12x400g,9.244800000000001,0.6048000000000009,7
95872,Polpa di Pomodoro - stückige Tomaten,La Selva,Italien,EG-Bio,12x425g,18.489600000000003,1.2096000000000018,7
95132,Polpa di Pomodoro - stückige Tomaten,La Selva,Italien,EG-Bio,12x690g,24.524400000000004,1.6044000000000018,7
575000,Polpa di Pomodoro - stückige Tomaten,Il Cerreto,Italien,Demeter (Deutschland),12x690g,29.4036,1.9236000000000004,7
95134,Polpa di Pomodoro - stückige Tomaten,La Selva,Italien,EG-Bio,6x340g,8.025,0.5250000000000004,7
575002,Polpa di Pomodoro Arrabbiata - stückige Tomaten,Il Cerreto,Italien,Demeter (Deutschland),12x340g,30.816000000000003,2.016000000000002,7
615057,Polpa di Pomodoro con Basilico - stückige Tomaten,La Selva,Italien,100% Biozutaten,6x425g,8.988000000000001,0.588000000000001,7
695791,Polpa fine di Pomodoro - feinstückige Tomaten,La Selva,Italien,EG-Bio,12x690g,24.524400000000004,1.6044000000000018,7
575172,Pomi doro - stückige Tomaten gelb,La Selva,Italien,EG-Bio,12x425g,22.983600000000003,1.5036000000000023,7
514947,Pomodori pelati - geschälte Tomaten,La Selva,Italien,EG-Bio,6x550g,14.252400000000002,0.9324000000000012,7
95119,Pomodoro cubettato - gewürfelte Tomaten,La Selva,Italien,EG-Bio,6x340g,10.0794,0.6593999999999998,7
695872,Pomodoro cubettato - gewürfelte Tomaten,La Selva,Italien,EG-Bio,6x520g,12.262200000000002,0.8022000000000009,7
695505,Tomaten geschält - Dose,Green organics,Italien,EG-Bio,12x400g,9.244800000000001,0.6048000000000009,7
635668,Tomaten geschält DEMETER,Internationale Biobauern,Spanien,Demeter (Deutschland),6x660ml,16.820400000000003,1.1004000000000023,7
598957,Tomaten geschält im eigenen Saft DEMETER,Naturata,Spanien,Demeter (Deutschland),6x420g,13.482000000000001,0.8820000000000014,7
95420,Tomaten geschält im eigenen Saft DEMETER,Naturata,Spanien,Demeter (Deutschland),6x660g,19.581000000000003,1.2810000000000024,7
95358,Tomaten gewürfelt - Dose,Byodo,Italien,EG-Bio,"2,55kg",7.800300000000001,0.5103000000000009,7
695584,Tomaten-Gemüse-Mark Doppelfrucht - Tube,Byodo,Italien,100% Biozutaten,12x200g,23.6256,1.5456000000000003,7
695538,Tomaten-Paprika-Mark Doppelfrucht - Tube,Byodo,Italien,100% Biozutaten,12x200g,23.6256,1.5456000000000003,7
695558,Tomatenmark - Dose,Byodo,Italien,EG-Bio,"4,5kg",26.6965,1.746500000000001,7
95412,Tomatenmark 22% DEMETER,Naturata,Italien,Demeter (Deutschland),12x200g,28.119600000000002,1.8396000000000008,7
95411,Tomatenmark 22% DEMETER,Naturata,Spanien,Demeter (Deutschland),6x125g,9.501600000000002,0.6216000000000008,7
701900,Tomatenmark 22%,Bio Company,Italien,EG-Bio,12x100g,13.738800000000001,0.8988000000000014,7
95520,Tomatenmark 22%,Green organics,Italien,EG-Bio,12x100g,10.0152,0.6552000000000007,7
695534,Tomatenmark 22%,Green organics,Italien,EG-Bio,12x200g,14.766000000000002,0.9660000000000011,7
95650,Tomatenmark 22%,Zwergenwiese,Italien,EG-Bio,6x130g,8.153400000000001,0.5334000000000012,7
95649,Tomatenmark 22%,Zwergenwiese,Italien,EG-Bio,6x200g,10.849800000000002,0.7098000000000013,7
701902,Tomatenmark 28% Tube,Bio Company,Italien,EG-Bio,12x200g,17.462400000000002,1.142400000000002,7
635665,Tomatenmark DEMETER,Internationale Biobauern,Spanien,Demeter (Deutschland),6x125ml,9.3732,0.6132000000000009,7
695529,Tomatenmark Doppelfrucht - Tube,Byodo,Italien,EG-Bio,12x200g,21.828,1.4280000000000008,7
695224,Tomatenmark zweifach konzentriert - Tube,Naturata,Italien,EG-Bio,12x200g,21.699600000000004,1.4196000000000026,7
698669,Tomatenmus,San Vicario,Italien,100% Biozutaten,6x550g,19.902,1.3019999999999996,7
95414,Tomatenpassata DEMETER,Naturata,Italien,Demeter (Deutschland),12x700g,31.971600000000002,2.0916000000000032,7
695228,Tomatenpolpa DEMETER,Naturata,Italien,Demeter (Deutschland),6x500g,13.995600000000001,0.9156000000000013,7
95421,Tomatenpüree DEMETER,Naturata,Spanien,Demeter (Deutschland),6x400g,14.445,0.9450000000000003,7
695507,Tomatenstücke - Dose,Green organics,Italien,EG-Bio,"6x2,55kg",29.339400000000005,1.919400000000003,7
598963,Arrabbiata Tomatensauce DEMETER,Naturata,Spanien,Demeter (Deutschland),6x330ml,17.2698,1.1297999999999995,7
598964,Basilikum Tomatensauce DEMETER,Naturata,Spanien,Demeter (Deutschland),6x330ml,15.3438,1.0038,7
566289,Bolognese Sauce vegetarisch,Swema,Diverse,100% Biozutaten,6x300g,11.491800000000001,0.7518000000000011,7
95659,Bolognese vegetarisch glutenfrei,Zwergenwiese,Europäische Union,100% Biozutaten,6x350g,12.005400000000002,0.785400000000001,7
695533,Bolognese vegetarisch,Green organics,Diverse,100% Biozutaten,12x340g,24.6528,1.6128,7
194079,Bratensauce Gemüse vegan,Ökoland,Deutschland,100% Biozutaten,6x320ml,17.0772,1.1172000000000004,7
194077,Bratensauce Huhn,Ökoland,Deutschland,100% Biozutaten,6x320ml,17.0772,1.1172000000000004,7
194075,Bratensauce Rind,Ökoland,Deutschland,100% Biozutaten,6x320ml,17.0772,1.1172000000000004,7
194236,Champignon Rahmsauce,Ökoland,Diverse,100% Biozutaten,6x320ml,19.195800000000002,1.2558000000000007,7
598962,Classico Tomatensauce DEMETER,Naturata,Spanien,Demeter (Deutschland),6x330ml,15.3438,1.0038,7
698107,Emils Sauce Hollandaise vegan BIOLAND,Emils,Europäische Union,Bioland,6x125g,12.005400000000002,0.785400000000001,7
698482,Grüne Thai Curry Paste,Terrasana,Diverse,99%,6x120g,15.985800000000001,1.0458000000000016,7
194094,Hühnerfleisch in Brühe,Ökoland,Deutschland,100% Biozutaten,6x320ml,25.615800000000004,1.6758000000000024,7
529349,Hummus Kichererbsencreme,Terrasana,Diverse,100% Biozutaten,6x190g,17.2698,1.1297999999999995,7
598961,Kinder-Tomatensauce DEMETER,Naturata,Spanien,Demeter (Deutschland),6x330ml,15.087,0.9870000000000001,7
95666,Kinder-Tomatensauce glutenfrei,Zwergenwiese,Europäische Union,100% Biozutaten,6x350g,14.059800000000001,0.9198000000000004,7
586872,Nuss Carbonara vegan FairTrade,Fairfood,Diverse,100% Biozutaten,6x120g,20.4798,1.3398000000000003,7
516098,Perfetto Tomatensauce Kinder,Byodo,Diverse,100% Biozutaten,6x340ML,14.445,0.9450000000000003,7
516097,Perfetto Tomatensauce Klassik,Byodo,Diverse,100% Biozutaten,6x340ML,14.445,0.9450000000000003,7
516096,Perfetto Tomatensauce Linsen Bolognese,Byodo,Diverse,100% Biozutaten,6x340ML,15.087,0.9870000000000001,7
98321,Pfiffikuss Dunkle Sauce Champignon,Pfiffikus,Diverse,100% Biozutaten,6x125g,34.668,2.2680000000000007,7
98320,Pfiffikuss Dunkle Sauce Classic,Pfiffikus,Diverse,100% Biozutaten,6x150g,34.668,2.2680000000000007,7
695531,Pizza Tomaten Sauce,Green organics,Diverse,100% Biozutaten,12x340g,20.544,1.3440000000000012,7
95126,Pomodoro al basilico - Tomaten mit Basilikum,La Selva,Italien,100% Biozutaten,6x340g,11.235000000000001,0.7350000000000012,7
95662,Ratatouille glutenfrei,Zwergenwiese,Europäische Union,100% Biozutaten,6x350g,14.059800000000001,0.9198000000000004,7
95079,Remoulade eifrei,Bio Vita,Diverse,95%,6x250ml,14.252400000000002,0.9324000000000012,7
698483,Rote Thai Curry Paste,Terrasana,Diverse,99%,6x120g,13.803,0.9030000000000005,7
697217,Salsa Baharat - Tomatensauce mit orient. Gewürzen,La Selva,Italien,100% Biozutaten,6x280g,13.2894,0.8694000000000006,7
592012,Salsa con Capperi - Tomatensauce mit Kapern,La Selva,Italien,100% Biozutaten,6x280g,13.2894,0.8694000000000006,7
592008,Salsa con Carciofi - Tomatensauce mit Artischocken,La Selva,Italien,100% Biozutaten,6x280g,13.2894,0.8694000000000006,7
95775,Salsa con Funghi porcini - Tomatensauce m. Steinp.,La Selva,Italien,100% Biozutaten,6x280g,15.087,0.9870000000000001,7
697215,Salsa con Melanzane - Tomatensauce mit Auberginen,La Selva,Italien,100% Biozutaten,6x280g,13.2894,0.8694000000000006,7
596273,Salsa con Olive - Tomatensauce mit Oliven,La Selva,Italien,100% Biozutaten,6x280g,13.2894,0.8694000000000006,7
697216,Salsa con Pecorino - Tomatensauce mit Schafskäse,La Selva,Italien,100% Biozutaten,6x280g,13.2894,0.8694000000000006,7
575173,Salsa Contadina - Tomatensauce Basilikum +Olivenöl,La Selva,Italien,100% Biozutaten,6x520g,15.408000000000001,1.008000000000001,7
95885,Salsa dei Piccoli - Kinder Tomatensauce,La Selva,Italien,100% Biozutaten,6x340g,11.235000000000001,0.7350000000000012,7
592014,Salsa Ortolana - Tomatensauce mit Gemüse,La Selva,Italien,100% Biozutaten,6x280g,13.2894,0.8694000000000006,7
95128,Salsa piccante - Tomatensauce leicht pikant,La Selva,Italien,100% Biozutaten,6x340g,11.235000000000001,0.7350000000000012,7
592011,Salsa Pomarola - Tomatensauce klassisch,La Selva,Italien,100% Biozutaten,6x280g,13.2894,0.8694000000000006,7
95133,Salsa pronta - Tomatensauce mit Gemüse,La Selva,Italien,100% Biozutaten,6x340g,11.235000000000001,0.7350000000000012,7
695873,Salsa pronta - Tomatensauce mit Gemüse,La Selva,Italien,100% Biozutaten,6x520g,15.408000000000001,1.008000000000001,7
694988,Sauce a la Hollandaise - Glas,Natur Compagnie,Diverse,100% Biozutaten,6x230ml,13.803,0.9030000000000005,7
695205,"Sauce à la Hollandaise feinkörnig für 0,25l",Natur Compagnie,Diverse,95%,12Tüten,8.731200000000001,0.571200000000001,7
695204,"Sauce dunkel feinkörnig für 0,25l",Natur Compagnie,Diverse,95%,12Tüten,8.731200000000001,0.571200000000001,7
695958,Soul Kitchen Bangkok Curry,Zwergenwiese,Diverse,100% Biozutaten,6x370g,14.124,0.9240000000000013,7
695963,Soul Kitchen BBQ Beans,Zwergenwiese,Diverse,100% Biozutaten,6x370g,14.124,0.9240000000000013,7
695959,Soul Kitchen Chili sin Carne,Zwergenwiese,Diverse,100% Biozutaten,6x370g,14.124,0.9240000000000013,7
695960,Soul Kitchen Gemüse Curry,Zwergenwiese,Diverse,100% Biozutaten,6x370g,12.1338,0.793800000000001,7
695961,Soul Kitchen Gemüse Käse,Zwergenwiese,Diverse,100% Biozutaten,6x370g,14.124,0.9240000000000013,7
695962,Soul Kitchen Tikka Masala,Zwergenwiese,Diverse,100% Biozutaten,6x370g,12.1338,0.793800000000001,7
695530,Spaghettisauce,Green organics,Diverse,100% Biozutaten,12x340g,22.0848,1.4448000000000008,7
566234,Sugo al Pomodoro- Tomatensauce,Mamma Natur,Italien,100% Biozutaten,6x300g,12.7758,0.8358000000000008,7
566237,Sugo all Arrabbiata,Mamma Natur,Italien,100% Biozutaten,6x300g,12.7758,0.8358000000000008,7
566236,Sugo alla Bolognese,Mamma Natur,Italien,100% Biozutaten,6x300g,12.7758,0.8358000000000008,7
566233,Sugo alle Melanzane - Tomatensauce Aubergine,Mamma Natur,Italien,100% Biozutaten,6x280g,12.7758,0.8358000000000008,7
566232,Sugo alle Verdure - Tomatensauce gegrilltes Gemüse,Mamma Natur,Italien,100% Biozutaten,6x280g,12.7758,0.8358000000000008,7
566229,Sugo dei Bambini - Kinder Tomatensauce,Mamma Natur,Italien,100% Biozutaten,6x280g,12.7758,0.8358000000000008,7
566231,Sugo Olive Capperi - Tomatensauce Olive und Kapern,Mamma Natur,Italien,100% Biozutaten,6x280g,12.7758,0.8358000000000008,7
695259,Tomaten-Passata WIR.,WIR. Bio Power Bodensee,Regional,Demeter (Deutschland),8x340ml,16.264,1.064,7
95514,Tomatenpassata,Green organics,Italien,EG-Bio,12x700ml,15.151200000000001,0.991200000000001,7
695275,Tomatensauce - Tomatina,Eden Reform,Diverse,100% Biozutaten,6x375g,13.161000000000001,0.8610000000000007,7
695276,Tomatensauce - Veggie Bolognese,Eden Reform,Diverse,100% Biozutaten,6x375g,13.161000000000001,0.8610000000000007,7
95652,Tomatensauce Arrabbiata glutenfrei,Zwergenwiese,Europäische Union,100% Biozutaten,6x340g,12.005400000000002,0.785400000000001,7
599299,Tomatensauce aus Kirschtomaten all'arrabbiata,Il Cesto,Italien,100% Biozutaten,6x250g,16.435200000000002,1.0752000000000024,7
599168,Tomatensauce aus Kirschtomaten natur,Il Cesto,Italien,100% Biozutaten,6x250g,16.371000000000002,1.0710000000000015,7
599334,Tomatensauce aus Kirschtomaten Oliven& Kapern,Il Cesto,Italien,100% Biozutaten,6x250g,16.435200000000002,1.0752000000000024,7
95653,Tomatensauce Basilikum glutenfrei,Zwergenwiese,Europäische Union,100% Biozutaten,6x350g,12.005400000000002,0.785400000000001,7
695545,Tomatensauce Classico,Sanchon,Diverse,100% Biozutaten,6x330ml,11.491800000000001,0.7518000000000011,7
566291,Tomatensauce gegrilltes Gemüse,Swema,Diverse,100% Biozutaten,6x300g,11.877,0.777000000000001,7
695258,Tomatensauce Gemüse und Kräutern WIR.,WIR. Bio Power Bodensee,Regional,Demeter (Deutschland),8x340ml,18.832000000000004,1.2320000000000029,7
566293,Tomatensauce Kinder - Sugo dei Bambini,Swema,Diverse,100% Biozutaten,6x300g,11.491800000000001,0.7518000000000011,7
566287,Tomatensauce klassisch - Sugo di pomodoro,Swema,Diverse,100% Biozutaten,6x300g,11.235000000000001,0.7350000000000012,7
695969,Tomatensauce Kurkuma,Zwergenwiese,Diverse,100% Biozutaten,6x340ML,14.059800000000001,0.9198000000000004,7
695971,Tomatensauce Mascarpone,Zwergenwiese,Diverse,100% Biozutaten,6x340ML,14.059800000000001,0.9198000000000004,7
695260,Tomatensauce mit Basilikum WIR.,WIR. Bio Power Bodensee,Regional,Demeter (Deutschland),8x340ml,18.832000000000004,1.2320000000000029,7
695261,Tomatensauce mit Peperoni WIR.,WIR. Bio Power Bodensee,Regional,Demeter (Deutschland),8x340ml,18.832000000000004,1.2320000000000029,7
95116,Tomatensauce Napoli glutenfrei,Zwergenwiese,Europäische Union,100% Biozutaten,6x350g,14.059800000000001,0.9198000000000004,7
566292,Tomatensauce Olive Kapern,Swema,Diverse,100% Biozutaten,6x300g,11.877,0.777000000000001,7
95665,Tomatensauce Papaya-Chili glutenfrei,Zwergenwiese,Europäische Union,100% Biozutaten,6x350g,14.059800000000001,0.9198000000000004,7
695532,Tomatensauce provencal,Green organics,Diverse,99%,12x340g,22.0848,1.4448000000000008,7
95670,Tomatensauce Ricotta glutenfrei,Zwergenwiese,Europäische Union,100% Biozutaten,6x350g,14.059800000000001,0.9198000000000004,7
695547,Tomatensauce Ricotta,Sanchon,Diverse,100% Biozutaten,6x330ml,14.059800000000001,0.9198000000000004,7
566288,Tomatensauce scharf - Sugo all arrabiata,Swema,Diverse,100% Biozutaten,6x300g,11.235000000000001,0.7350000000000012,7
695972,Tomatensauce vegane Linsen Bolognese,Zwergenwiese,Diverse,100% Biozutaten,6x340ML,14.059800000000001,0.9198000000000004,7
695548,Tomatensauce Vegetarische Bolognese - Erbsenprot.,Sanchon,Diverse,100% Biozutaten,6x330ml,12.1338,0.793800000000001,7
698670,Tomatensugo all' arrabbiata,San Vicario,Italien,100% Biozutaten,6x280g,18.553800000000003,1.2138000000000027,7
698693,Tomatensugo Basilico,San Vicario,Italien,100% Biozutaten,6x330ml,16.435200000000002,1.0752000000000024,7
698695,Tomatensugo della Mamma,San Vicario,Italien,100% Biozutaten,6x330ml,16.435200000000002,1.0752000000000024,7
698694,Tomatensugo di Casa,San Vicario,Italien,100% Biozutaten,6x330ml,16.435200000000002,1.0752000000000024,7
98677,Tomatensugo mit Auberginen,San Vicario,Italien,100% Biozutaten,6x280g,18.553800000000003,1.2138000000000027,7
98679,Tomatensugo mit Basilikum,San Vicario,Italien,100% Biozutaten,6x280g,18.553800000000003,1.2138000000000027,7
98678,Tomatensugo mit Paprika,San Vicario,Italien,100% Biozutaten,6x280g,18.553800000000003,1.2138000000000027,7
98674,Tomatensugo Pugliese,San Vicario,Italien,100% Biozutaten,6x280g,18.553800000000003,1.2138000000000027,7
697200,Vegetarische Bolognese mit Seitan,La Selva,Italien,100% Biozutaten,6x350g,16.692,1.0920000000000005,7
695830,Zwergensauce glutenfrei,Zwergenwiese,Diverse,100% Biozutaten,6x340ML,14.059800000000001,0.9198000000000004,7
620073,Apfel Rotkohl DEMETER,Schweizer,Deutschland,Demeter (Deutschland),6x720ml,11.6202,0.7602000000000011,7
580988,Artischocken in Olivenöl - Theke,La Selva,Italien,100% Biozutaten,1kg,20.758,1.3580000000000005,7
95857,Artischocken in Olivenöl,La Selva,Italien,100% Biozutaten,6x280g,38.455799999999996,2.5157999999999987,7
580986,Auberginen gegrillt in Öl,La Selva,Italien,100% Biozutaten,1kg,13.161000000000001,0.8610000000000007,7
95788,Auberginen gegrillt in Öl,La Selva,Italien,100% Biozutaten,6x280g,27.413400000000003,1.7934000000000019,7
567787,Baked Beans,Davert Mühle,Diverse,100% Biozutaten,6x400g,8.217600000000001,0.5376000000000012,7
699241,Bambussprossen,Arche,Thailand,EG-Bio,6x350g,17.0772,1.1172000000000004,7
566075,Bambussprossen,Marschland,Thailand,EG-Bio,6x370ml,19.195800000000002,1.2558000000000007,7
67373,Bohnen rot - Kidneybohnen - Dose,Green organics,Volksrepublik China,EG-Bio,12x400g,10.400400000000001,0.6804000000000006,7
67367,Bohnen rot - Kidneybohnen,Green organics,Volksrepublik China,EG-Bio,6x350g,6.42,0.41999999999999993,7
67323,Bohnen rot Kidneybohnen,De Rit,Diverse,EG-Bio,6x350g,7.832400000000001,0.5124000000000004,7
567292,Bohnen weiß in Tomatensauce,De Rit,Diverse,100% Biozutaten,6x360g,9.886800000000001,0.6468000000000007,7
567783,Bohnen-Mix - Dose,Davert Mühle,Diverse,100% Biozutaten,6x400g,6.997800000000001,0.45780000000000065,7
566290,Bohnen-Mix bunt - aus 7 Hülsenfrüchten,Nur Puur,Diverse,100% Biozutaten,6x350g,9.951,0.6509999999999998,7
566200,Brechbohnen DEMETER,Nur Puur,Niederlande,Demeter (Deutschland),6x340g,9.309,0.609,7
620019,Brechbohnen DEMETER,Schweizer,Niederlande,Demeter (Deutschland),6x370ml,8.7954,0.5754000000000001,7
566206,Brechbohnen DEMETER,Nur Puur,Niederlande,Demeter (Deutschland),6x690g,14.059800000000001,0.9198000000000004,7
567494,Brechbohnen,De Rit,Diverse,EG-Bio,6x680g,14.316600000000001,0.9366000000000003,7
567381,Brechbohnen,Green organics,Niederlande,EG-Bio,6x680g,9.886800000000001,0.6468000000000007,7
566189,Bunter Krautsalat,Lutz,Österreich,100% Biozutaten,9x580ml,27.2529,1.7829000000000015,7
620072,Burger Gurken DEMETER,Schweizer,Diverse,Demeter (Deutschland),6x370ml,13.225200000000001,0.8652000000000015,7
567798,Butter Beans,Davert Mühle,Diverse,100% Biozutaten,6x400g,6.933600000000001,0.45360000000000067,7
67368,Champignons in Scheiben,Green organics,Niederlande,99%,6x330g,15.664800000000001,1.0248000000000008,7
566080,China-Gemüse,Marschland,Deutschland,100% Biozutaten,6x370ml,12.519,0.8190000000000008,7
620001,Cornichons DEMETER,Schweizer,Diverse,Demeter (Deutschland),6x370ml,16.1784,1.0584000000000007,7
701218,Cornichons ohne Zuckerzusatz,Bio Company,Deutschland,100% Biozutaten,6x330g,16.306800000000003,1.0668000000000024,7
567377,Cornichons,Green organics,Diverse,100% Biozutaten,6x350g,13.6746,0.8946000000000005,7
566115,Cornichons,Marschland,Deutschland,100% Biozutaten,6x370ml,19.195800000000002,1.2558000000000007,7
566103,Cornichons,Marschland,Deutschland,Bioland,6x540ml,30.7518,2.011800000000001,7
566210,Dicke Bohnen DEMETER,Nur Puur,Niederlande,Demeter (Deutschland),6x350g,10.4646,0.6846000000000014,7
566216,Erbsen & Möhren DEMETER,Nur Puur,Niederlande,Demeter (Deutschland),6x350g,9.5658,0.6257999999999999,7
566221,Erbsen & Möhren DEMETER,Nur Puur,Niederlande,Demeter (Deutschland),6x680g,15.2154,0.9954000000000001,7
701211,Erbsen & Möhren,Bio Company,Niederlande,100% Biozutaten,12x350g,14.3808,0.9408000000000012,7
566225,Erbsen DEMETER,Nur Puur,Niederlande,Demeter (Deutschland),6x200g,8.410200000000001,0.5502000000000011,7
566230,Erbsen DEMETER,Nur Puur,Niederlande,Demeter (Deutschland),6x350g,9.951,0.6509999999999998,7
620015,Erbsen DEMETER,Schweizer,Niederlande,Demeter (Deutschland),6x370ml,10.5288,0.6888000000000005,7
566235,Erbsen DEMETER,Nur Puur,Niederlande,Demeter (Deutschland),6x680g,15.2154,0.9954000000000001,7
667136,Erbsen fein,De Rit,Diverse,100% Biozutaten,6x350g,9.886800000000001,0.6468000000000007,7
67361,Erbsen fein,Green organics,Europäische Union,EG-Bio,6x350g,7.832400000000001,0.5124000000000004,7
620017,Erbsen mit Möhrchen DEMETER,Schweizer,Niederlande,Demeter (Deutschland),6x370ml,10.849800000000002,0.7098000000000013,7
567435,Erbsen mit Möhren,Green organics,Europäische Union,100% Biozutaten,6x660g,12.84,0.8399999999999999,7
701213,Erbsen,Bio Company,Europäische Union,EG-Bio,12x340g,16.692,1.0920000000000005,7
620002,Gewürzgurken DEMETER,Schweizer,Diverse,Demeter (Deutschland),6x370ml,15.3438,1.0038,7
620000,Gewürzgurken DEMETER,Schweizer,Diverse,Demeter (Deutschland),6x720ml,18.0402,1.1801999999999992,7
620154,Gewürzgurken ISAR MOOS,Biohof Laurer,Bayern,EG-Bio,12x670g,34.5396,2.259599999999999,7
566208,Gewürzgurken ohne Zuckerzusatz,Marschland,Deutschland,100% Biozutaten,6x720ml,24.3318,1.5918000000000028,7
566331,Gewürzgurken süß-sauer,Nur Puur,Niederlande,EG-Bio,6x350g,16.6278,1.0878000000000014,7
566326,Gewürzgurken süß-sauer,Nur Puur,Niederlande,100% Biozutaten,6x680g,20.672400000000003,1.352400000000003,7
67363,Gewürzgurken,Green organics,Diverse,100% Biozutaten,6x670g,14.059800000000001,0.9198000000000004,7
566172,Gewürzgurken,Marschland,Deutschland,100% Biozutaten,6x720ml,24.3318,1.5918000000000028,7
567786,Gigantes Riesenbohnen in Tomatensoße,Davert Mühle,Diverse,100% Biozutaten,6x400g,8.217600000000001,0.5376000000000012,7
701217,Grüne Brechbohnen,Bio Company,Diverse,100% Biozutaten,12x340g,12.4548,0.8148,7
701112,Hühner Nudel Eintopf,Bio Company,Diverse,100% Biozutaten,6x400g,12.198,0.798,7
566193,Jausen-Gurkerl,Lutz,Österreich,100% Biozutaten,9x580ml,30.816000000000003,2.016000000000002,7
566176,Kapern in Lake,Marschland,Türkei,100% Biozutaten,6x105ml,13.2894,0.8694000000000006,7
95795,Kapern in Meersalz,La Selva,Italien,100% Biozutaten,6x140g,17.9118,1.171800000000001,7
697228,Kapern in Weißweinessig,La Selva,Italien,100% Biozutaten,6x150g,12.005400000000002,0.785400000000001,7
566113,Karotten nach Kimchi-Art fermentiert BIOLAND,Marschland,Deutschland,Bioland,6x370ml,11.877,0.777000000000001,7
566187,Karotten-Selleriesalat,Lutz,Österreich,100% Biozutaten,9x580ml,27.2529,1.7829000000000015,7
67375,Kichererbsen - Dose,Green organics,Italien,EG-Bio,12x400g,10.400400000000001,0.6804000000000006,7
567784,Kichererbsen - Dose,Davert Mühle,Diverse,100% Biozutaten,6x400g,6.997800000000001,0.45780000000000065,7
566302,Kichererbsen DEMETER,Nur Puur,Diverse,Demeter (Deutschland),6x200g,7.383000000000001,0.48300000000000054,7
566300,Kichererbsen DEMETER,Nur Puur,Ägypten,Demeter (Deutschland),6x350g,8.7954,0.5754000000000001,7
701200,Kichererbsen Dose,Bio Company,Italien,EG-Bio,12x400g,11.4276,0.7476000000000003,7
566295,Kichererbsen in Tomatensauce,Nur Puur,Diverse,100% Biozutaten,6x350g,11.235000000000001,0.7350000000000012,7
567294,Kichererbsen,De Rit,Diverse,EG-Bio,6x350g,9.3732,0.6132000000000009,7
566095,Kichererbsen,Marschland,Diverse,100% Biozutaten,6x370ml,7.126200000000001,0.4662000000000006,7
566102,Kichererbsen,Marschland,Deutschland,99%,6x540ml,12.968399999999999,0.8483999999999998,7
566305,Kidney-Bohnen rot,Nur Puur,Diverse,EG-Bio,6x350g,8.7954,0.5754000000000001,7
701204,Kidneybohnen Dose,Bio Company,Volksrepublik China,EG-Bio,12x400g,13.353600000000002,0.8736000000000015,7
566101,Kidneybohnen,Marschland,Deutschland,99%,6x540ml,13.995600000000001,0.9156000000000013,7
529488,Kimchi fermentiertes Gemüse,Arche,Diverse,100% Biozutaten,6x270g,18.8748,1.2348,7
620006,Knoblauchgurken DEMETER,Schweizer,Diverse,Demeter (Deutschland),6x720ml,18.4254,1.205400000000001,7
695303,Kürbispüree,Georg Thalhammer,Bayern,EG-Bio,6x350ml,14.252400000000002,0.9324000000000012,7
566310,Linsen braun DEMETER,Nur Puur,Diverse,Demeter (Deutschland),6x360g,9.886800000000001,0.6468000000000007,7
701202,Linsen Dose,Bio Company,Italien,EG-Bio,12x400g,11.556000000000001,0.7560000000000002,7
67374,Linsen grün - Dose,Green organics,Türkei,EG-Bio,12x400g,10.400400000000001,0.6804000000000006,7
701116,Linseneintopf,Bio Company,Deutschland,100% Biozutaten,6x400g,10.272,0.6720000000000006,7
566070,Maiskölbchen,Marschland,Thailand,EG-Bio,6x240ml,20.4798,1.3398000000000003,7
566240,Mix Mexicana DEMETER,Nur Puur,Diverse,Demeter (Deutschland),6x350g,12.0696,0.7896000000000001,7
566245,Möhren,Nur Puur,Niederlande,EG-Bio,6x350g,9.244800000000001,0.6048000000000009,7
566470,Mungbohnen Keimlinge,Arche,Europäische Union,EG-Bio,6x330g,11.235000000000001,0.7350000000000012,7
566085,Mungbohnen-Sprossen,Marschland,Diverse,100% Biozutaten,6x370ml,12.519,0.8190000000000008,7
95858,Paprika gegrillt in Öl,La Selva,Italien,100% Biozutaten,6x280g,27.413400000000003,1.7934000000000019,7
580983,Paprika gegrillt in Olivenöl - Theke,La Selva,Italien,100% Biozutaten,1kg,13.3215,0.871500000000001,7
95781,Peperoni grün mild in Weinessig,La Selva,Italien,Naturland,6x270g,16.8846,1.1045999999999996,7
566120,Peperoni mild,Marschland,Europäische Union,100% Biozutaten,6x370ml,15.087,0.9870000000000001,7
566191,Pfefferoni scharf,Lutz,Diverse,Bio Austria,9x580ml,30.816000000000003,2.016000000000002,7
566260,Rote Bete geschnitten DEMETER,Nur Puur,Niederlande,Demeter (Deutschland),6x340g,8.410200000000001,0.5502000000000011,7
566265,Rote Bete geschnitten DEMETER,Nur Puur,Niederlande,Demeter (Deutschland),6x680g,12.0696,0.7896000000000001,7
567493,Rote Bete geschnitten,De Rit,Niederlande,EG-Bio,6x340g,9.052200000000001,0.5922000000000001,7
620014,Rote Bete in Scheiben DEMETER,Schweizer,Diverse,Demeter (Deutschland),6x370ml,8.410200000000001,0.5502000000000011,7
701220,Rote Bete in Scheiben,Bio Company,Deutschland,100% Biozutaten,6x330g,6.42,0.41999999999999993,7
566125,Rote Bete in Scheiben,Marschland,Deutschland,100% Biozutaten,6x370ml,8.2818,0.5418000000000003,7
566160,Rote Bete in Scheiben,Marschland,Deutschland,100% Biozutaten,6x720ml,11.2992,0.7392000000000003,7
566111,Rote Bete nach Kimchi-Art fermentiert BIOLAND,Marschland,Deutschland,Bioland,6x370ml,12.519,0.8190000000000008,7
67364,Rote Bete,Green organics,Niederlande,100% Biozutaten,6x340g,6.42,0.41999999999999993,7
567782,Rote Kidneybohnen - Dose,Davert Mühle,Diverse,100% Biozutaten,6x400g,6.997800000000001,0.45780000000000065,7
566188,Roter Rübensalat,Lutz,Österreich,100% Biozutaten,9x580ml,27.2529,1.7829000000000015,7
566250,Rotkohl DEMETER,Nur Puur,Niederlande,Demeter (Deutschland),6x350g,8.410200000000001,0.5502000000000011,7
566255,Rotkohl DEMETER,Nur Puur,Niederlande,Demeter (Deutschland),6x680g,12.0696,0.7896000000000001,7
620009,Rotkohl DEMETER,Schweizer,Diverse,Demeter (Deutschland),6x720ml,10.849800000000002,0.7098000000000013,7
566112,Rotkohl nach Kimchi-Art fermentiert BIOLAND,Marschland,Diverse,Bioland,6x370ml,12.7758,0.8358000000000008,7
567378,Rotkohl,Green organics,Deutschland,100% Biozutaten,6x680g,8.5386,0.5586000000000002,7
620005,Salz-Dillgurken DEMETER,Schweizer,Diverse,Demeter (Deutschland),6x720ml,18.4254,1.205400000000001,7
566114,Salzgurken nach Kimchi-Art fermentiert BIOLAND,Marschland,Deutschland,Bioland,6x370ml,19.195800000000002,1.2558000000000007,7
566270,Sauerkraut DEMETER,Nur Puur,Niederlande,Demeter (Deutschland),6x350g,8.410200000000001,0.5502000000000011,7
566275,Sauerkraut DEMETER,Nur Puur,Niederlande,Demeter (Deutschland),6x680g,12.0696,0.7896000000000001,7
620007,Sauerkraut DEMETER,Schweizer,Deutschland,Demeter (Deutschland),6x720ml,8.5386,0.5586000000000002,7
567437,Sauerkraut,Green organics,Deutschland,100% Biozutaten,6x680ml,8.474400000000001,0.5544000000000011,7
567781,Schwarze Bohnen - Dose,Davert Mühle,Diverse,100% Biozutaten,6x400g,6.997800000000001,0.45780000000000065,7
566314,Schwarze Bohnen,Nur Puur,Diverse,100% Biozutaten,6x350g,8.025,0.5250000000000004,7
566135,Selleriesalat süßsauer,Marschland,Deutschland,100% Biozutaten,6x370ml,9.309,0.609,7
566261,Silberzwiebeln DEMETER,Nur Puur,Diverse,Demeter (Deutschland),6x340g,12.198,0.798,7
566090,Sojabohnen-Sprossen,Marschland,Diverse,100% Biozutaten,6x370ml,12.519,0.8190000000000008,7
566170,Spargelabschnitte,Marschland,Volksrepublik China,EG-Bio,6x370ml,21.828,1.4280000000000008,7
567677,Spargelstangen weiß - Glas,Naturata,Deutschland,EG-Bio,6x280g,26.0652,1.7052000000000014,7
581395,Sushi Ingwer,Terrasana,Diverse,100% Biozutaten,6x190g,17.334,1.1340000000000003,7
690462,Sushi Ingwer,Arche,Japan,100% Biozutaten,6x50g,20.0304,1.3104000000000013,7
566202,Süßlupinen DEMETER,Nur Puur,Niederlande,Demeter (Deutschland),6x340g,10.7856,0.7056000000000004,7
514890,Thunfischsalat Mexico pikant mit Bio-Gemüse,Pan do Mar,Spanien,S#,6x250g,19.195800000000002,1.2558000000000007,7
514990,Thunfischsalat mit Bio-Gemüse,Pan do Mar,Spanien,S#,6x250g,19.195800000000002,1.2558000000000007,7
95814,Tomaten getrocknet in Olivenöl,La Selva,Italien,100% Biozutaten,6x280g,32.0358,2.0958000000000006,7
567780,Weiße Bohnen - Dose,Davert Mühle,Diverse,100% Biozutaten,6x400g,6.997800000000001,0.45780000000000065,7
566320,Weiße Bohnen DEMETER,Nur Puur,Diverse,Demeter (Deutschland),6x350g,8.7954,0.5754000000000001,7
697238,Weiße Bohnen gekocht,La Selva,Italien,EG-Bio,6x340g,15.151200000000001,0.991200000000001,7
566315,Weiße Bohnen in Tomatensauce,Nur Puur,Diverse,100% Biozutaten,6x350g,9.5658,0.6257999999999999,7
701208,Weiße Bohnen,Bio Company,Italien,100% Biozutaten,12x400g,12.84,0.8399999999999999,7
701206,Weiße Riesenbohnen,Bio Company,Diverse,EG-Bio,12x400g,12.5832,0.8231999999999999,7
580987,Zucchini gegrillt in Olivenöl - Theke,La Selva,Italien,100% Biozutaten,1kg,13.3215,0.871500000000001,7
620021,Zuckermais DEMETER,Schweizer,Niederlande,Demeter (Deutschland),6x370ml,10.5288,0.6888000000000005,7
566281,Zuckermais,Nur Puur,Diverse,100% Biozutaten,6x200g,7.062,0.46200000000000063,7
701214,Zuckermais,Bio Company,Niederlande,EG-Bio,6x330g,8.025,0.5250000000000004,7
67366,Zuckermais,Green organics,Diverse,EG-Bio,6x330g,6.805200000000001,0.4452000000000007,7
667135,Zuckermais,De Rit,Diverse,100% Biozutaten,6x340g,10.143600000000001,0.6636000000000006,7
567865,Zuckermais,Green organics,Diverse,100% Biozutaten,6x340g,7.3188,0.47880000000000056,7
566286,Zuckermais,Nur Puur,Niederlande,EG-Bio,6x350g,8.0892,0.5292000000000003,7
566171,Zuckermais,Marschland,Deutschland,EG-Bio,6x370ml,8.667,0.5670000000000002,7
566104,Zuckermais,Marschland,Deutschland,100% Biozutaten,6x540ml,14.124,0.9240000000000013,7
566100,Champignonköpfe,Marschland,Deutschland,100% Biozutaten,6x370ml,19.195800000000002,1.2558000000000007,7
685634,DISPLAY - Trüffelprodukte,Bio Gourmet,Diverse,95%,Display,156.0595,10.20950000000002,7
685633,Sommertrüffel,Bio Gourmet,Diverse,95%,6x18g,42.757200000000005,2.7972000000000037,7
67211,Ananasringe im eigenen Saft,Morgenland,Sri Lanka-Ceylon,EG-Bio,6x350g,18.297000000000004,1.1970000000000027,7
567850,Ananasscheiben in Ananassaft,Biotropic,Sri Lanka-Ceylon,100% Biozutaten,6x370ml,16.435200000000002,1.0752000000000024,7
567150,Ananasstücke im eigenen Saft,Morgenland,Sri Lanka-Ceylon,EG-Bio,6x350g,17.5266,1.1465999999999994,7
567154,Ananasstücke im eigenen Saft,Morgenland,Sri Lanka-Ceylon,EG-Bio,6x685g,24.075000000000003,1.5750000000000028,7
567851,Ananasstücke in Ananassaft,Biotropic,Sri Lanka-Ceylon,100% Biozutaten,6x370ml,16.306800000000003,1.0668000000000024,7
15818,Apfel-Aprikosenmus gesüßt,Bauck,Europäische Union,100% Biozutaten,12x360g,22.213200000000004,1.4532000000000025,7
15822,Apfel-Bananenmark ungesüßt,Bauck,Diverse,100% Biozutaten,12x360g,22.213200000000004,1.4532000000000025,7
615083,Apfel-Bananenmark,Green organics,Diverse,100% Biozutaten,6x360g,8.0892,0.5292000000000003,7
515201,Apfel-Birnenmark ungesüßt,Bauck,Diverse,100% Biozutaten,12x360g,22.213200000000004,1.4532000000000025,7
15824,Apfel-Mangomark ungesüßt,Bauck,Diverse,100% Biozutaten,12x360g,22.213200000000004,1.4532000000000025,7
615082,Apfel-Mangomark,Green organics,Diverse,100% Biozutaten,6x360g,8.410200000000001,0.5502000000000011,7
515202,Apfel-Rhabarbermus gesüßt,Bauck,Deutschland,100% Biozutaten,12x360g,22.213200000000004,1.4532000000000025,7
15821,Apfel-Sanddornmus gesüßt,Bauck,Deutschland,100% Biozutaten,12x360g,22.213200000000004,1.4532000000000025,7
514082,Apfelmark 100% Frucht im Glas,Zwergenwiese,Deutschland,EG-Bio,8x360g,9.7584,0.6384000000000007,7
566345,Apfelmark ungesüßt DEMETER,Nur Puur,Deutschland,Demeter (Deutschland),6x360g,8.8596,0.579600000000001,7
566350,Apfelmark ungesüßt DEMETER,Nur Puur,Deutschland,Demeter (Deutschland),6x700g,12.7758,0.8358000000000008,7
566355,Apfelmark ungesüßt mit Banane DEMETER,Nur Puur,Diverse,Demeter (Deutschland),6x360g,10.4646,0.6846000000000014,7
566360,Apfelmark ungesüßt mit Mango DEMETER,Nur Puur,Diverse,Demeter (Deutschland),6x360g,10.4646,0.6846000000000014,7
15826,Apfelmark ungesüßt,Bauck,Deutschland,EG-Bio,12x360g,22.213200000000004,1.4532000000000025,7
15825,Apfelmark ungesüßt,Bauck,Deutschland,EG-Bio,12x700g,28.119600000000002,1.8396000000000008,7
615080,Apfelmark ungesüßt,Green organics,Europäische Union,EG-Bio,6x360g,7.704000000000001,0.5040000000000004,7
615141,Apfelmark ungesüßt,Green organics,Europäische Union,EG-Bio,6x700g,10.7856,0.7056000000000004,7
566335,Apfelmus DEMETER,Nur Puur,Diverse,Demeter (Deutschland),6x360g,9.309,0.609,7
566340,Apfelmus DEMETER,Nur Puur,Diverse,Demeter (Deutschland),6x700g,13.482000000000001,0.8820000000000014,7
15829,Apfelmus gesüßt,Bauck,Diverse,100% Biozutaten,12x360g,22.213200000000004,1.4532000000000025,7
15823,Apfelmus gesüßt,Bauck,Diverse,100% Biozutaten,12x700g,28.119600000000002,1.8396000000000008,7
615081,Apfelmus gesüßt,Green organics,Diverse,100% Biozutaten,6x360g,7.704000000000001,0.5040000000000004,7
615142,Apfelmus gesüßt,Green organics,Diverse,100% Biozutaten,6x700g,11.6844,0.7644000000000002,7
566366,Aprikosen halbiert gesüßt,Nur Puur,Spanien,100% Biozutaten,6x500g,21.314400000000003,1.394400000000001,7
514079,Aprikosen halbiert im Glas,Zwergenwiese,Europäische Union,100% Biozutaten,6x325g,16.2426,1.0625999999999998,7
566369,Birnen halbiert gesüßt,Nur Puur,Diverse,100% Biozutaten,6x550g,20.223,1.3230000000000004,7
514087,Birnen im Glas,Zwergenwiese,Diverse,100% Biozutaten,12x340g,32.4852,2.1251999999999995,7
698110,Emils Apfelmus vom Bodensee BIOLAND,Emils,Regional,Bioland,6x270g,9.5658,0.6257999999999999,7
514086,Fruchtmix im Glas,Zwergenwiese,Diverse,100% Biozutaten,12x340g,32.4852,2.1251999999999995,7
615069,Hagebuttenmark,Maintal,Diverse,EG-Bio,6x190g,11.491800000000001,0.7518000000000011,7
620038,Heidelbeeren,Schweizer,Europäische Union,100% Biozutaten,6x370ml,22.8552,1.4952000000000005,7
530742,Kokosmilch 100%,Dr. Goerg,Philippinen,EG-Bio,"6x1,0l",27.285,1.7850000000000001,7
567149,Kokosmilch 22% Fett - Dose,Morgenland,Sri Lanka-Ceylon,100% Biozutaten,"4x2,95kg",57.352000000000004,3.7520000000000024,7
67224,Kokosmilch 22% Fett NATURLAND,Morgenland,Sri Lanka-Ceylon,Naturland,12x200ml,15.408000000000001,1.008000000000001,7
67223,Kokosmilch 22% Fett NATURLAND,Morgenland,Sri Lanka-Ceylon,Naturland,6x400ml,10.657200000000001,0.6972000000000005,7
567860,Kokosmilch 22% Fett,Biotropic,Sri Lanka-Ceylon,100% Biozutaten,6x200ml,7.254600000000001,0.4746000000000006,7
567861,Kokosmilch 22% Fett,Biotropic,Sri Lanka-Ceylon,100% Biozutaten,6x400ml,11.556000000000001,0.7560000000000002,7
67299,Kokosmilch 22% Fett,Terrasana,Sri Lanka-Ceylon,100% Biozutaten,6x400ml,13.161000000000001,0.8610000000000007,7
67297,Kokosmilch 22% Fett,Terrasana,Sri Lanka-Ceylon,100% Biozutaten,8x200ml,12.4976,0.8176000000000005,7
567089,Kokosmilch DEMETER,Morgenland,Sri Lanka-Ceylon,Demeter (Deutschland),6x400ml,12.0696,0.7896000000000001,7
698998,Kokosmilch fettreduziert vegan,Terrasana,Diverse,100% Biozutaten,6x400ml,10.721400000000001,0.7014000000000014,7
667107,Kokosmilch Lemongrass,Vegan Pete,Sri Lanka-Ceylon,100% Biozutaten,6x400ml,9.1164,0.5964000000000009,7
667130,Kokosmilch NATURLAND Tetra,Morgenland,Sri Lanka-Ceylon,Naturland,12x250ml,16.1784,1.0584000000000007,7
701946,Kokosmilch,Bio Company,Sri Lanka-Ceylon,100% Biozutaten,12x200ml,13.995600000000001,0.9156000000000013,7
701948,Kokosmilch,Bio Company,Sri Lanka-Ceylon,100% Biozutaten,12x400ml,21.186000000000003,1.3860000000000028,7
555434,Kokosraspel NATURLAND,Morgenland,Diverse,Naturland,6x200g,14.509200000000002,0.9492000000000012,7
516099,Mango Püree,Govinda,Indien,EG-Bio,6x210ml,15.408000000000001,1.008000000000001,7
567853,Mangostücke in Ananassaft,Biotropic,Sri Lanka-Ceylon,100% Biozutaten,6x370ml,15.087,0.9870000000000001,7
567151,Mangostücke ungesüßt,Morgenland,Sri Lanka-Ceylon,100% Biozutaten,6x350g,15.921600000000002,1.0416000000000007,7
567068,Maronen geschält,Danival,Frankreich,EG-Bio,6x200g,27.5418,1.8018,7
567461,Maronen geschält,Danival,Frankreich,EG-Bio,6x320g,38.6484,2.528400000000005,7
701490,Maronen,Bio Company,Italien,EG-Bio,24x150g,60.348,3.9480000000000004,7
566985,Maronenpüree mit Vanille,Danival,Diverse,100% Biozutaten,6x380g,26.643,1.743000000000002,7
567852,Papayastücke in Ananassaft,Biotropic,Sri Lanka-Ceylon,100% Biozutaten,6x370ml,15.087,0.9870000000000001,7
566060,Pfirsiche halbe Frucht,Marschland,Diverse,100% Biozutaten,6x720ml,25.615800000000004,1.6758000000000024,7
615071,Pfirsiche halbe Früchte,Green organics,Diverse,100% Biozutaten,6x720ml,18.618,1.218,7
514081,Pfirsiche halbiert im Glas,Zwergenwiese,Europäische Union,100% Biozutaten,12x340g,32.4852,2.1251999999999995,7
567483,Pfirsiche Schnitten - Glas,Morgenland,Türkei,100% Biozutaten,6x350g,13.225200000000001,0.8652000000000015,7
566374,Pfirsiche stückig,Nur Puur,Spanien,100% Biozutaten,6x550g,22.405800000000003,1.4658000000000015,7
566376,Pfirsiche stückig,Nur Puur,Diverse,100% Biozutaten,6x550g,20.223,1.3230000000000004,7
514080,Pflaumen halbiert im Glas,Zwergenwiese,Europäische Union,100% Biozutaten,8x360g,21.6568,1.416800000000002,7
566371,Pflaumen halbiert,Nur Puur,Spanien,100% Biozutaten,6x540g,19.195800000000002,1.2558000000000007,7
525392,Quetschi Banane Kakao DEMETER,Mogli,Diverse,Demeter (Deutschland),10x100g,8.025,0.5250000000000004,7
525388,Quetschi Blaubeere Apfel Banane DEMETER,Mogli,Diverse,Demeter (Deutschland),10x100g,8.025,0.5250000000000004,7
525387,Quetschi Erdbeer DEMETER,Mogli,Diverse,Demeter (Deutschland),10x100g,8.025,0.5250000000000004,7
525390,Quetschi Himbeere DEMETER,Mogli,Diverse,Demeter (Deutschland),10x100g,8.025,0.5250000000000004,7
525389,Quetschi Mango Guave DEMETER,Mogli,Diverse,Demeter (Deutschland),10x100g,8.025,0.5250000000000004,7
566030,Rote Grütze,Marschland,Diverse,100% Biozutaten,6x370ml,21.828,1.4280000000000008,7
615064,Sanddornmark,Maintal,Diverse,EG-Bio,6x180g,11.491800000000001,0.7518000000000011,7
566361,Sauerkirschen entsteint gesüßt,Nur Puur,Diverse,100% Biozutaten,6x560g,22.149,1.4490000000000016,7
514978,Sauerkirschen entsteint im Glas,Zwergenwiese,Europäische Union,100% Biozutaten,8x360g,19.174400000000002,1.2544000000000004,7
620036,Sauerkirschen entsteint,Schweizer,Europäische Union,100% Biozutaten,6x370ml,14.894400000000001,0.974400000000001,7
620037,Sauerkirschen entsteint,Schweizer,Europäische Union,100% Biozutaten,6x720ml,23.6898,1.5498000000000012,7
81236,Umeboshi Aprikosen milchsauer,Arche,Japan,100% Biozutaten,6x125g,41.088,2.6880000000000024,7
667131,Vegane Schlagcreme Kokos NATURLAND Tetra,Morgenland,Sri Lanka-Ceylon,Naturland,12x250ml,19.3884,1.2683999999999997,7
566162,Waldheidelbeeren,Marschland,Diverse,100% Biozutaten,6x370ml,24.3318,1.5918000000000028,7
15292,Wildpreiselbeeren Auslese,Maintal,Diverse,99%,6x250g,15.729000000000001,1.0290000000000017,7
695262,WIR. Apfelmus Duett Topaz - Jonagold DEMETER,Delikat essen,Regional,Demeter (Deutschland),8x250g,12.412,0.8120000000000012,7
295931,WHEATY Chili Snacker vegan,Wheaty,Diverse,100% Biozutaten,12x40g,12.3264,0.8064,7
295621,WHEATY Chorizo Snacker vegan,Wheaty,Diverse,100% Biozutaten,12x40g,12.711600000000002,0.8316000000000017,7
295622,WHEATY Merguez Snacker vegan,Wheaty,Diverse,95%,12x30g,9.501600000000002,0.6216000000000008,7
295582,WHEATY Salami Style Snacker Vegan,Wheaty,Diverse,95%,12x30g,9.501600000000002,0.6216000000000008,7
295623,WHEATY Sucuk Snacker vegan,Wheaty,Diverse,95%,12x30g,9.501600000000002,0.6216000000000008,7
291722,WHEATY Weenie Snacker vegan,Wheaty,Diverse,100% Biozutaten,12x30g,9.501600000000002,0.6216000000000008,7
1962041,Hopsala Geflügelleberkäse zum Aufbacken,Freilandputen Fahrenzhausen,Diverse,100% Biozutaten,200g,1.9795000000000003,0.12950000000000017,7
15006,Aufstrich Makrelen-Paprika-Pastete - Glas,Pan do Mar,Spanien,S#,6x125g,14.7018,0.9618000000000002,7
15018,Aufstrich Sardinen-Petersilie-Pastete - Glas,Pan do Mar,Spanien,S#,6x125g,14.7018,0.9618000000000002,7
514988,Aufstrich Thunfisch-Creme natur,Followfish,Diverse,S#,6x120g,19.581000000000003,1.2810000000000024,7
514962,Aufstrich Thunfisch-Creme Olive,Followfish,Diverse,S#,6x110g,19.581000000000003,1.2810000000000024,7
514989,Aufstrich Thunfisch-Creme Olive,Followfish,Diverse,S#,6x120g,19.581000000000003,1.2810000000000024,7
15000,Aufstrich Thunfisch-Oliven-Pastete - Glas,Pan do Mar,Spanien,S#,6x125g,14.059800000000001,0.9198000000000004,7
15039,Bratheringsfilets in Bio-Marinade,Fontaine,Diverse,S#,6x325g,19.195800000000002,1.2558000000000007,7
15083,Bücklingsfilets in Bio-SB-Öl,Fontaine,Diverse,S#,6x190g,15.408000000000001,1.008000000000001,7
514846,Heller Thunfisch naturell,Pan do Mar,Diverse,S#,10x120g,23.754,1.554000000000002,7
514812,Heringsfilets in Paprika-Chilli-Creme,Fontaine,Diverse,S#,6x200g,14.059800000000001,0.9198000000000004,7
514810,Heringsfilets in Senf-Dill-Creme,Fontaine,Diverse,S#,6x200g,14.059800000000001,0.9198000000000004,7
514915,Heringsfilets in Senfsauce,Followfish,Europäische Union,S#,10x200g,23.005000000000003,1.5050000000000026,7
514920,Heringsfilets in Tomatensauce,Followfish,Europäische Union,S#,10x200g,23.005000000000003,1.5050000000000026,7
15038,Heringsplatte mit Gemüse,Fontaine,Diverse,S#,6x200g,14.059800000000001,0.9198000000000004,7
514865,Makrelenfilets in Bio-Olivenöl - Glas,Pan do Mar,Spanien,S#,6x220g,38.455799999999996,2.5157999999999987,7
574114,Makrelenfilets in Bio-Olivenöl,Pan do Mar,Spanien,S#,10x120g,35.203,2.3030000000000044,7
15004,Makrelenfilets in Bio-Tomatensauce,Pan do Mar,Spanien,S#,10x120g,35.203,2.3030000000000044,7
15032,Makrelenfilets in Tomaten-Curry-Creme,Fontaine,Diverse,S#,10x125g,20.758,1.3580000000000005,7
15036,Makrelenfilets ohne Haut & Gräten,Fontaine,Diverse,S#,10x120g,21.935000000000002,1.4350000000000023,7
15019,Miesmuscheln in Bio-Marinade,Pan do Mar,Spanien,S#,10x115g,31.993000000000002,2.0930000000000035,7
514851,Miesmuscheln in Bio-Tomatensauce,Pan do Mar,Diverse,S#,10x120g,31.993000000000002,2.0930000000000035,7
514800,Miesmuscheln in würziger Bio-Marinade,Fontaine,Spanien,S#,10x120g,25.68,1.6799999999999997,7
685504,Miesmuscheln mariniert,Bio Gourmet,Diverse,95%,12x111g,42.2436,2.763600000000004,7
514966,Pasta Sauce Tonno Arrabiata MSC,Followfish,Diverse,S#,6x200g,21.1218,1.381800000000002,7
514968,Pasta Sauce Tonno Puttanesca MSC,Followfish,Diverse,S#,6x200g,22.149,1.4490000000000016,7
15041,Sardellenfilets in Bio-Olivenöl,Pan do Mar,Spanien,S#,10x50g,29.853,1.953000000000003,7
513060,Sardellenfilets in Olivenöl - Glas,Compagna Maritima,Italien,S#,90g,4.0553,0.26529999999999987,7
513062,Sardellenfilets mit Kapern in Olivenöl - Glas,Compagna Maritima,Italien,S#,90g,4.1623,0.2723,7
514860,Sardinen gebraten in Bio-Olivenöl - Glas,Pan do Mar,Spanien,S#,6x220g,29.4678,1.9278000000000013,7
514849,Sardinen in Bio-Olivenöl mit Bio-Zitrone,Pan do Mar,Diverse,S#,10x120g,23.005000000000003,1.5050000000000026,7
514848,Sardinen in Bio-Tomatensauce,Pan do Mar,Diverse,S#,10x120g,23.005000000000003,1.5050000000000026,7
15009,Sardinen klein in Bio-Olivenöl,Pan do Mar,Spanien,S#,10x120g,23.433,1.5330000000000013,7
15034,Sardinen mit Haut & Gräten in Bio-Olivenöll,Fontaine,Spanien,S#,10x120g,24.503,1.6030000000000015,7
15049,Sardinen ohne Haut & Gräten in Bio-SB-Öl,Fontaine,Spanien,S#,10x120g,23.433,1.5330000000000013,7
15001,Sardinenfilets in Bio-Olivenöl,Pan do Mar,Spanien,S#,10x120g,35.203,2.3030000000000044,7
515066,Thunfisch Bonito in Bio-Olivenöl,Fontaine,Spanien,S#,10x120g,26.215,1.7149999999999999,7
515064,Thunfisch Bonito in Bio-SB-Öl,Fontaine,Spanien,S#,10x120g,24.503,1.6030000000000015,7
515060,Thunfisch Bonito naturell,Fontaine,Spanien,S#,10x120g,23.754,1.554000000000002,7
515072,"Thunfisch für Pasta - mit Oliven, Kapern & Tomate",Fontaine,Diverse,S#,8x200g,26.964000000000002,1.764000000000003,7
515073,Thunfisch für Pasta - mit Tomate,Fontaine,Diverse,S#,8x200g,25.594400000000004,1.674400000000002,7
514855,Thunfisch hell im eigenen Saft - Glas,Pan do Mar,Diverse,S#,6x220g,30.7518,2.011800000000001,7
15054,Thunfisch hell in Bio-Olivenöl,Fontaine,Spanien,S#,10x120g,26.643,1.743000000000002,7
15013,Thunfisch hell in Bio-Olivenöl,Pan do Mar,Spanien,S#,10x120g,27.285,1.7850000000000001,7
15053,Thunfisch hell in Bio-SB-Öl,Fontaine,Spanien,S#,10x120g,25.252000000000002,1.652000000000001,7
15084,Thunfisch hell naturell,Fontaine,Spanien,S#,10x120g,24.610000000000003,1.610000000000003,7
515057,Thunfisch in Bio-Olivenöl,Pan do Mar,Spanien,S#,10x120g,25.145000000000003,1.6450000000000031,7
15051,Thunfisch in Bio-Sonnenblumenöl,Pan do Mar,Spanien,S#,10x120g,24.075000000000003,1.5750000000000028,7
514922,Thunfisch MSC weiß in Olivenöl,Followfish,Diverse,S#,6x165g,36.208800000000004,2.3688000000000002,7
574113,Thunfisch naturell,Pan do Mar,Diverse,S#,10x120g,21.935000000000002,1.4350000000000023,7
15031,Thunfisch weiß in Bio-Olivenöl - Glas,Pan do Mar,Diverse,S#,6x220g,38.455799999999996,2.5157999999999987,7
514950,Thunfisch-Salat Gusto Mexico,Followfish,Diverse,S#,8x160g,24.396,1.596,7
514946,Thunfisch-Salat Indian Curry,Followfish,Diverse,S#,8x160g,24.396,1.596,7
514928,Thunfischfilet MSC in Olivenöl,Followfood / Followfish,Diverse,S#,8x160g,23.8824,1.5624000000000002,7
513066,Thunfischfilets in Olivenöl - Glas,Compagna Maritima,Italien,S#,200g,6.730300000000001,0.4403000000000006,7
513058,Thunfischfilets in Salzlake - Glas,Compagna Maritima,Italien,S#,200g,5.874300000000001,0.38430000000000053,7
514909,Thunfischfilets MSC im eigenen Saft - Doppelpack,Followfood / Followfish,Diverse,S#,12x112g,35.8236,2.343600000000002,7
514914,Thunfischfilets MSC im eigenen Saft - Doppelpack,Followfood / Followfish,Diverse,S#,9x160g,26.8677,1.7576999999999998,7
514913,Thunfischfilets MSC in Olivenöl - Doppelpack,Followfood / Followfish,Diverse,S#,9x160g,27.830700000000004,1.8207000000000022,7
514910,Thunfischfilets MSC in Sonnenblumen-Öl,Followfood / Followfish,Diverse,S#,8x185g,23.026400000000002,1.5064000000000028,7
514900,Thunfischfilets MSC natur,Followfood / Followfish,Diverse,S#,8x185g,21.7424,1.4223999999999997,7
514906,Thunfischfilets Premium MSC in eigenem Saft,Followfood / Followfish,Diverse,S#,10x115g,28.783,1.8830000000000027,7
514907,Thunfischfilets Premium MSC in Olivenöl,Followfood / Followfish,Diverse,S#,10x115g,30.923000000000002,2.0230000000000032,7
15076,Thunfischsalat Asia,Fontaine,Diverse,S#,8x200g,25.594400000000004,1.674400000000002,7
15075,Thunfischsalat Texas,Fontaine,Diverse,S#,8x200g,25.594400000000004,1.674400000000002,7
15012,Tintenfischstücke in Bio-Olivenöl,Pan do Mar,Spanien,S#,10x120g,28.783,1.8830000000000027,7
15020,Tintenfischstücke in galizischer Bio-Sauce,Pan do Mar,Spanien,S#,10x120g,28.783,1.8830000000000027,7
514820,Wildlachs-Salat Alaska in hellem Bio-Dressing,Fontaine,Diverse,S#,8x200g,28.248,1.8480000000000025,7
514818,Wildlachs-Salat Mexico in Bio-Tomatendressing,Fontaine,Diverse,S#,8x200g,28.248,1.8480000000000025,7
514823,Wildlachs-Suppe mit feinem Bio-Gartengemüse,Fontaine,Diverse,S#,6x400g,23.2404,1.5204000000000022,7
515059,Wildlachsfilet in Senf-Honig-Creme,Fontaine,Diverse,S#,6x200g,21.7638,1.4238,7
515058,Wildlachsfilet in Tomaten-Basilikum-Creme,Fontaine,Diverse,S#,6x200g,21.7638,1.4238,7
15050,Zarte Heringsfilets in Bio-Tomatencreme,Fontaine,Diverse,S#,6x200g,14.059800000000001,0.9198000000000004,7
194805,Bauernfrühstück BIOLAND - Glas,Ökoland,Diverse,Bioland,6x160g,19.195800000000002,1.2558000000000007,7
19398,Bockwürstchen 6St,Ökoland,Diverse,100% Biozutaten,12x180g,38.391600000000004,2.5116000000000014,7
686474,Bohneneintopf vegan,Fairfood,Diverse,100% Biozutaten,6x500g,24.9738,1.6338000000000008,7
686476,Erdnuss Curry vegan,Fairfood,Diverse,100% Biozutaten,6x500g,24.9738,1.6338000000000008,7
193995,Frankfurter 6St,Ökoland,Diverse,100% Biozutaten,12x250g,51.23160000000001,3.351600000000005,7
193858,Geflügel Frühstücksfleisch BIOKREIS - Glas,Ökoland,Deutschland,Biokreis,6x160g,19.195800000000002,1.2558000000000007,7
194784,Geflügel Leberpastete in Gourmet Qualität,Ökoland,Deutschland,Bioland,6x100g,12.7758,0.8358000000000008,7
19405,Geflügel-Bockwürstchen BIOKREIS 6St,Ökoland,Diverse,Biokreis,12x180g,38.391600000000004,2.5116000000000014,7
193895,Geflügelwürstchen BIOKREIS 6St,Ökoland,Diverse,Biokreis,6x180g,21.378600000000002,1.3986000000000018,7
686475,Gulasch vegan,Fairfood,Diverse,100% Biozutaten,6x500g,24.9738,1.6338000000000008,7
196204,Hopsala Geflügelleberkäse zum Aufbacken,Freilandputen Fahrenzhausen,Diverse,100% Biozutaten,6x200g,23.6898,1.5498000000000012,7
196202,Hopsala Geflügelleberkäse zum Aufbacken,Freilandputen Fahrenzhausen,Diverse,100% Biozutaten,6x380g,38.455799999999996,2.5157999999999987,7
193935,Jagdwurst BIOLAND - Glas,Ökoland,Diverse,Bioland,6x160g,17.0772,1.1172000000000004,7
199921,Jagdwurst BIOLAND glutenfrei - Dose,Kornkreis,Baden-Württemberg,Bioland,6x190g,22.470000000000002,1.4700000000000024,7
19401,Kräuterleberwurst BIOLAND - Dose,Ökoland,Diverse,Bioland,10x50g,9.309,0.609,7
19400,Leberwurst fein BIOLAND - Dose,Ökoland,Diverse,Bioland,10x50g,9.309,0.609,7
193915,Leberwurst nach Hausmacher Art BIOLAND - Glas,Ökoland,Diverse,Bioland,6x160g,17.0772,1.1172000000000004,7
199901,Lyoner BIOLAND glutenfrei - Dose,Kornkreis,Baden-Württemberg,Bioland,6x190g,22.470000000000002,1.4700000000000024,7
193955,Mettwurst gekocht BIOLAND - Glas,Ökoland,Diverse,Bioland,6x160g,17.0772,1.1172000000000004,7
19381,Mini-Wiener ca.20St,Ökoland,Diverse,100% Biozutaten,6x180g,25.615800000000004,1.6758000000000024,7
193905,Pfälzer Leberwurst BIOLAND - Glas,Ökoland,Diverse,Bioland,6x160g,17.0772,1.1172000000000004,7
194060,Putenleberwurst BIOKREIS - Dose,Ökoland,Diverse,Biokreis,10x50g,10.807,0.7070000000000007,7
19404,Putenlyoner BIOKREIS - Dose,Ökoland,Diverse,Biokreis,10x50g,10.807,0.7070000000000007,7
98754,Rindfleisch mit Brühe BIOLAND,Gut Krauscha,Diverse,Bioland,6x320g,46.80180000000001,3.061800000000005,7
19397,Rindswürstchen 6St,Ökoland,Diverse,100% Biozutaten,6x180g,21.378600000000002,1.3986000000000018,7
19402,Schinkenwurst BIOLAND - Dose,Ökoland,Diverse,Bioland,10x50g,9.309,0.609,7
199911,Schinkenwurst BIOLAND glutenfrei - Dose,Kornkreis,Baden-Württemberg,Bioland,6x190g,22.470000000000002,1.4700000000000024,7
67090,Seitan in Tamari,Terrasana,Diverse,100% Biozutaten,6x350g,17.398200000000003,1.1382000000000012,7
67094,Seitanscheiben in Sojasoße,Arche,Diverse,99%,6x650g,32.421,2.1209999999999987,7
629209,Soja Streifen,Sobo,Europäische Union,EG-Bio,6x110g,9.501600000000002,0.6216000000000008,7
567773,Soja-Schnetzel fein,Davert Mühle,Frankreich,EG-Bio,6x200g,14.1882,0.9282000000000004,7
67526,Soja-Schnetzel fein,Sobo,Europäische Union,EG-Bio,6x200g,11.491800000000001,0.7518000000000011,7
67525,Soja-Schnetzel grob,Sobo,Europäische Union,EG-Bio,6x150g,10.207799999999999,0.6677999999999997,7
629208,Soja-Schnetzel medium,Sobo,Europäische Union,EG-Bio,6x250g,13.225200000000001,0.8652000000000015,7
699334,Tempeh,Arche,Diverse,100% Biozutaten,6x320g,15.985800000000001,1.0458000000000016,7
514902,ThunVisch vegan - Thunfisch Alt. in Tomatensauce,Followfood / Followfish,Deutschland,100% Biozutaten,6x180g,17.9118,1.171800000000001,7
514901,ThunVisch vegan - Thunfisch Alternative in Öl,Followfood / Followfish,Deutschland,100% Biozutaten,6x180g,17.9118,1.171800000000001,7
567881,Veggie Chunks auf Erbsenproteinbasis,Davert Mühle,Europäische Union,100% Biozutaten,6x100g,12.3264,0.8064,7
567880,Veggie Granulat auf Erbsenproteinbasis,Davert Mühle,Diverse,100% Biozutaten,6x100g,12.3264,0.8064,7
193965,Wiener 6St,Ökoland,Diverse,100% Biozutaten,6x180g,21.378600000000002,1.3986000000000018,7
19384,Würstchen vegetarisch 5St,Ökoland,Diverse,100% Biozutaten,6x200g,19.195800000000002,1.2558000000000007,7
193845,Würstchen vegetarisch pikant 5St,Ökoland,Diverse,100% Biozutaten,6x200g,19.195800000000002,1.2558000000000007,7
193925,Zwiebelwurst gekocht BIOLAND - Glas,Ökoland,Diverse,Bioland,6x160g,17.0772,1.1172000000000004,7
95784,Artischocken Creme,La Selva,Italien,100% Biozutaten,6x180g,24.1392,1.5792000000000002,7
697222,Artischocken gegrillt mit Knoblauch & Peper. in Öl,La Selva,Italien,100% Biozutaten,6x180g,30.7518,2.011800000000001,7
699616,Artischocken in Olivenöl,Terrasana,Diverse,100% Biozutaten,6x170g,14.3808,0.9408000000000012,7
701013,Artischockenherzen in Öl,Bio Company,Ägypten,100% Biozutaten,6x200g,24.075000000000003,1.5750000000000028,7
95373,Artischockenherzen mit frischen Kräutern in Öl,Isana,Italien,100% Biozutaten,6x200g,25.2306,1.6506000000000007,7
29330,Bärlauch-Pesto vegan,Isana,Europäische Union,100% Biozutaten,6x125ml,13.738800000000001,0.8988000000000014,7
29333,Basilikum-Pesto vegan,Isana,Europäische Union,100% Biozutaten,6x125ml,13.738800000000001,0.8988000000000014,7
514955,Bruschetta Artischocke,La Selva,Italien,7,6x135g,19.195800000000002,1.2558000000000007,7
615056,Bruschetta frische Tomaten,La Selva,Italien,100% Biozutaten,6x180g,15.857400000000002,1.0374000000000017,7
685636,Bruschetta mit Tomaten,Bio Gourmet,Diverse,100% Biozutaten,6x190g,12.519,0.8190000000000008,7
15377,Bruschetta Tomate,La Selva,Italien,100% Biozutaten,6x150g,14.252400000000002,0.9324000000000012,7
566253,Caponata Siciliana - Gemüsegericht aus Sizilien,San Vicario,Italien,100% Biozutaten,6x190g,29.853,1.953000000000003,7
698953,Cocktail mediterran in Olivenöl,Mani Bläuel,Diverse,100% Biozutaten,6x190g,22.791,1.4909999999999997,7
701011,Getrocknete Tomaten in Öl,Bio Company,Diverse,100% Biozutaten,6x200g,10.0794,0.6593999999999998,7
566224,Grüne & Kalamata Oliven al nat. mit Rosmarin o.St.,Mani Bläuel,Griechenland,NF,6x175g,15.985800000000001,1.0458000000000016,7
698815,Grüne & Kalamata Oliven al natur. Chili & Kräutern,Mani Bläuel,Griechenland,NF,6x205g,18.297000000000004,1.1970000000000027,7
699058,Grüne Oliven al nat.- Scheiben NATURLAND+FAIR,Mani Bläuel,Griechenland,NF,6x120g,14.059800000000001,0.9198000000000004,7
698814,Grüne Oliven al naturale Korianders. & rosa Pfeffe,Mani Bläuel,Griechenland,Naturland,6x205g,15.985800000000001,1.0458000000000016,7
701006,Grüne Oliven entsteint,Bio Company,Griechenland,100% Biozutaten,6x180g,12.519,0.8190000000000008,7
566274,Grüne&Kalamata Oliven al nat.- med. Kräuter o.St.,Mani Bläuel,Griechenland,NF,6x175g,15.985800000000001,1.0458000000000016,7
575062,Habanero in Olivenöl DEMETER,Tennental,Diverse,Demeter (Deutschland),6x170g,28.825800000000005,1.8858000000000033,7
685433,Hagebutten Pesto,Bio Gourmet,Deutschland,100% Biozutaten,6x120g,23.433,1.5330000000000013,7
580984,Halbgetrocknete Tomaten in Olivenöl - Theke,La Selva,Italien,100% Biozutaten,970G,17.323300000000003,1.133300000000002,7
699044,Kalamata Oliven al nat.- Scheiben NATURLAND+FAIR,Mani Bläuel,Griechenland,NF,6x120g,14.059800000000001,0.9198000000000004,7
701008,Kalamata Oliven entsteint,Bio Company,Griechenland,100% Biozutaten,6x180g,14.894400000000001,0.974400000000001,7
76011,Kapern in Essigsud,Isana,Türkei,100% Biozutaten,6x180g,13.2894,0.8694000000000006,7
598805,Kapern in Olivenöl,Mani Bläuel,Griechenland,100% Biozutaten,6x180g,22.791,1.4909999999999997,7
76012,Kapernäpfel in Essigsud,Isana,Türkei,100% Biozutaten,6x180g,14.1882,0.9282000000000004,7
566273,Knoblauch mit Kräutern in Olivenöl,Mani Bläuel,Griechenland,100% Biozutaten,6x185g,22.470000000000002,1.4700000000000024,7
698795,MANI Tomatenpaste,Mani Bläuel,Griechenland,100% Biozutaten,6x180g,19.26,1.2600000000000016,7
280228,Oliven Amphissa grün mit Kräuter und entsteint,Il Cesto,Griechenland,99%,6x170g,20.544,1.3440000000000012,7
629436,Oliven Condite - Oliven mit Kräutern,La Selva,Italien,100% Biozutaten,6x150g,15.729000000000001,1.0290000000000017,7
95811,Oliven Creme schwarz,La Selva,Italien,100% Biozutaten,6x180g,17.655,1.1550000000000011,7
599004,Oliven gemischt entsteint al nat. NATURLAND+FAIR,Mani Bläuel,Griechenland,NF,6x175g,18.297000000000004,1.1970000000000027,7
629432,Oliven gemischt entsteint Rohkost,Epikouros,Griechenland,100% Biozutaten,6x170g,16.6278,1.0878000000000014,7
95794,Oliven gemischt in Scheiben in Lake,La Selva,Italien,100% Biozutaten,6x210g,15.729000000000001,1.0290000000000017,7
598744,Oliven gemischt mit Kr. in Olivenöl NATURLAND+FAIR,Mani Bläuel,Griechenland,NF,6x280g,22.7268,1.4868000000000023,7
698800,Oliven grün al naturale NATURLAND+FAIR,Mani Bläuel,Griechenland,NF,6x205g,18.297000000000004,1.1970000000000027,7
98147,Oliven grün entsteint in Lake,La Selva,Italien,100% Biozutaten,6x295g,18.0402,1.1801999999999992,7
95405,Oliven grün entsteint in Lake,Epikouros,Griechenland,100% Biozutaten,6x315g,16.692,1.0920000000000005,7
698143,Oliven grün entsteint in Lake,Il Cesto,Griechenland,100% Biozutaten,6x315g,20.865000000000002,1.365000000000002,7
95805,Oliven grün extra groß in Lake,La Selva,Italien,100% Biozutaten,6x310g,20.094600000000003,1.3146000000000022,7
698960,Oliven grün in Lake,San Vicario,Italien,100% Biozutaten,5x180g,13.1075,0.8574999999999999,7
95780,Oliven grün in Lake,La Selva,Italien,100% Biozutaten,6x310g,15.729000000000001,1.0290000000000017,7
698142,Oliven grün in Lake,Il Cesto,Griechenland,100% Biozutaten,6x320g,20.9292,1.3692000000000029,7
698799,Oliven Kalamata al naturale Naturland+Fair,Mani Bläuel,Griechenland,NF,6x205g,18.297000000000004,1.1970000000000027,7
95364,Oliven Kalamata entsteint & gekräutert,Isana,Griechenland,100% Biozutaten,6x200g,23.304600000000004,1.524600000000003,7
599006,Oliven Kalamata entsteint al nat. NATURLAND+FAIR,Mani Bläuel,Griechenland,NF,6x175g,18.297000000000004,1.1970000000000027,7
95392,Oliven Kalamata entsteint in Lake DEMETER,Epikouros,Griechenland,Demeter (Deutschland),6x315g,20.4798,1.3398000000000003,7
698138,Oliven Kalamata entsteint in Lake DEMETER,Il Cesto,Griechenland,Demeter (Deutschland),6x315g,20.865000000000002,1.365000000000002,7
598802,Oliven Kalamata entsteint in Lake NATURLAND+FAIR,Mani Bläuel,Griechenland,NF,6x280g,19.195800000000002,1.2558000000000007,7
95401,Oliven Kalamata entsteint in Lake,Epikouros,Griechenland,100% Biozutaten,6x315g,19.581000000000003,1.2810000000000024,7
280226,Oliven Kalamata entsteint mit Kräuter DEMETER,Il Cesto,Griechenland,Demeter (Deutschland),6x170g,20.544,1.3440000000000012,7
95391,Oliven Kalamata in Lake DEMETER,Epikouros,Griechenland,Demeter (Deutschland),6x320g,19.195800000000002,1.2558000000000007,7
698137,Oliven Kalamata in Lake DEMETER,Il Cesto,Griechenland,Demeter (Deutschland),6x320g,21.0576,1.377600000000001,7
598741,Oliven Kalamata in Lake NaturlandFair,Mani Bläuel,Griechenland,Naturland,6x300g,18.8106,1.2306000000000026,7
95400,Oliven Kalamata in Lake,Epikouros,Griechenland,100% Biozutaten,6x320g,17.9118,1.171800000000001,7
698157,Oliven Kalamata in Olivenöl DEMETER,Il Cesto,Griechenland,Demeter (Deutschland),6x310g,28.3764,1.8564000000000007,7
598801,Oliven Kalamata in Olivenöl NaturlandFair,Mani Bläuel,Griechenland,Naturland,6x280g,22.7268,1.4868000000000023,7
701016,Oliven Mix Kräuter entsteint,Bio Company,Griechenland,100% Biozutaten,6x180g,14.252400000000002,0.9324000000000012,7
280234,Oliven Mix mit Kräuter und entsteint,Il Cesto,Griechenland,99%,6x170g,20.544,1.3440000000000012,7
638503,Oliven schwarz Condite mit Knoblauch & Peperoncini,San Vicario,Italien,100% Biozutaten,6x180g,24.9738,1.6338000000000008,7
698962,Oliven schwarz in Lake,San Vicario,Italien,100% Biozutaten,5x180g,13.1075,0.8574999999999999,7
95779,Oliven schwarz in Lake,La Selva,Italien,100% Biozutaten,6x310g,15.729000000000001,1.0290000000000017,7
629433,Olivenöl nativ extra DEMETER,Epikouros,Griechenland,Demeter (Deutschland),6x1l,83.13900000000001,5.439000000000007,7
629437,Pesto al Limone - Zitronen Pesto,La Selva,Italien,100% Biozutaten,6x130g,15.2796,0.9996000000000009,7
95773,Pesto al pomodore - Tomatenpesto mit Ricotta,La Selva,Italien,100% Biozutaten,6x140g,15.3438,1.0038,7
695792,Pesto al tartufo - Pesto mit Trüffeln,La Selva,Italien,100% Biozutaten,6x130g,15.3438,1.0038,7
514916,Pesto alla Genovese - cremig,Byodo,Diverse,100% Biozutaten,6x125g,14.445,0.9450000000000003,7
95790,Pesto alla rucola - Rucola-Pesto,La Selva,Italien,100% Biozutaten,6x130g,15.3438,1.0038,7
92222,Pesto Bärlauch DEMETER,Tennental,Europäische Union,Demeter (Deutschland),6x170g,30.7518,2.011800000000001,7
695333,Pesto Bärlauch-Tomate,Georg Thalhammer,Europäische Union,Biokreis,6x140g,22.405800000000003,1.4658000000000015,7
695332,Pesto Bärlauch,Georg Thalhammer,Europäische Union,Biokreis,6x140g,22.405800000000003,1.4658000000000015,7
695764,Pesto basilico - mit Pecorino in 100% Olivenöl,La Selva,Italien,100% Biozutaten,6x130g,15.3438,1.0038,7
695796,Pesto basilico - mit Pecorino,La Selva,Italien,100% Biozutaten,6x130g,13.4178,0.8778000000000006,7
701983,Pesto Basilico,Bio Company,Diverse,99%,12x130g,22.213200000000004,1.4532000000000025,7
92220,Pesto Basilikum DEMETER,Tennental,Europäische Union,Demeter (Deutschland),6x170g,30.7518,2.011800000000001,7
695334,Pesto Basilikum-Bärlauch,Georg Thalhammer,Europäische Union,Biokreis,6x140g,22.405800000000003,1.4658000000000015,7
514918,Pesto Calabrese - cremig,Byodo,Diverse,100% Biozutaten,6x125g,14.445,0.9450000000000003,7
566132,Pesto Calabrese - Paprika und Ricotta,La Selva,Italien,100% Biozutaten,6x135g,15.408000000000001,1.008000000000001,7
98179,Pesto con petali & peperoncini - m. Blüten & Chili,La Selva,Italien,100% Biozutaten,6x130g,15.3438,1.0038,7
98178,Pesto con petalii e curry - mit Blüten & Curry,La Selva,Italien,100% Biozutaten,6x130g,15.3438,1.0038,7
29308,Pesto di Pomodori,Terrasana,Italien,100% Biozutaten,6x180g,27.028200000000002,1.7682000000000002,7
695336,Pesto Kürbiskerne-Bärlauch,Georg Thalhammer,Europäische Union,Biokreis,6x140g,30.109800000000003,1.9698000000000029,7
92221,Pesto Peperoni DEMETER,Tennental,Europäische Union,Demeter (Deutschland),6x170g,30.7518,2.011800000000001,7
701984,Pesto Pomodori Secchi,Bio Company,Diverse,99%,12x130g,21.956400000000002,1.4364000000000026,7
514917,Pesto Rosso - cremig,Byodo,Diverse,100% Biozutaten,6x125g,14.445,0.9450000000000003,7
95884,Pesto rosso - Tomatenpesto,La Selva,Italien,100% Biozutaten,6x130g,11.491800000000001,0.7518000000000011,7
29339,Pesto Rosso,Terrasana,Italien,100% Biozutaten,6x180g,21.2502,1.3902,7
95789,Pesto toscano - Basilikumpesto mit Knoblauch,La Selva,Italien,100% Biozutaten,6x180g,21.378600000000002,1.3986000000000018,7
95164,Pesto Tradizionale vegan,Terrasana,Italien,100% Biozutaten,6x180g,22.791,1.4909999999999997,7
95791,Pesto vegan - Basilikumpesto mit Knobl. ohne Käse,La Selva,Italien,100% Biozutaten,6x180g,21.442800000000002,1.4028000000000027,7
95783,Pesto verde - Basilikumpesto ohne Knoblauch,La Selva,Italien,100% Biozutaten,6x130g,11.491800000000001,0.7518000000000011,7
95163,Pesto Verde,Terrasana,Italien,100% Biozutaten,6x180g,21.892200000000003,1.4322000000000017,7
695335,Pesto Waldfrüchte,Georg Thalhammer,Europäische Union,Biokreis,6x140g,30.109800000000003,1.9698000000000029,7
95810,Pikante Auberginen Creme,La Selva,Italien,Naturland,6x180g,17.655,1.1550000000000011,7
95173,Riesenbohnen Gigantes in Tomatensauce,Isana,Griechenland,100% Biozutaten,6x190g,15.729000000000001,1.0290000000000017,7
566284,Snack Oliven Kalamata al naturale entsteint,Mani Bläuel,Griechenland,100% Biozutaten,3x24x30g,49.3056,3.2256,7
680206,Tomaten getrocknet in Öl - Theke,San Vicario,Italien,100% Biozutaten,2X960g,31.6506,2.0706000000000024,7
598797,Tomaten getrocknet in Olivenöl,Mani Bläuel,Griechenland,100% Biozutaten,6x180g,22.791,1.4909999999999997,7
698686,Tomaten getrocknet in Olivenöl,San Vicario,Italien,100% Biozutaten,6x180g,27.5418,1.8018,7
95883,Tomaten halbgetrocknet in Olivenöl,La Selva,Italien,Naturland,6x180g,25.615800000000004,1.6758000000000024,7
95372,Tomaten sonnengetrocknet in Öl- Marinade,Isana,Türkei,100% Biozutaten,6x200g,19.6452,1.2851999999999997,7
29331,Tomaten-Pesto vegan,Isana,Europäische Union,100% Biozutaten,6x125ml,13.738800000000001,0.8988000000000014,7
697221,"Tris mediterraneo - Tomaten, Oliven & Kapern in Öl",La Selva,Italien,100% Biozutaten,6x180g,25.615800000000004,1.6758000000000024,7
95171,Weinblätter Dolmades gefüllt mit Reis,Isana,Europäische Union,100% Biozutaten,6x190g,17.1414,1.1214000000000013,7
685502,Wildkräuter Pesto,Bio Gourmet,Deutschland,95%,6x120g,20.608200000000004,1.348200000000002,7
95585,Oliven grün entsteint in Öl - Theke,Isana,Griechenland,100% Biozutaten,"4,55kg",58.72160000000001,3.841600000000007,7
95576,Oliven Kalamata entsteint in Öl - Theke,Isana,Griechenland,100% Biozutaten,"4,55kg",63.3226,4.142600000000002,7
95594,Oliven-Mix entsteint in Öl - Theke,Isana,Deutschland,100% Biozutaten,"4,55kg",60.647600000000004,3.9676000000000045,7
95082,Balsamico-Senf DEMETER - Tube,Naturata,Diverse,Demeter (Deutschland),8x100ml,11.213600000000001,0.7336000000000009,7
698770,Biersenf BIOLAND,Münchner Kindl,Diverse,Bioland,6x125ml,13.096800000000002,0.8568000000000016,7
698752,Burger- & Sandwich Senf,Münchner Kindl,Diverse,100% Biozutaten,6x200ml,12.005400000000002,0.785400000000001,7
95085,Delikatess-Senf DEMETER - Tube,Naturata,Diverse,Demeter (Deutschland),8x100ml,11.213600000000001,0.7336000000000009,7
95474,Dijon Senf,Arche,Kanada,100% Biozutaten,6x200ml,16.1784,1.0584000000000007,7
698775,Dijon-Senf BIOLAND,Münchner Kindl,Diverse,Bioland,6x125ml,11.877,0.777000000000001,7
96070,Dijon-Senf DEMETER - Tube,Naturata,Diverse,Demeter (Deutschland),8x100ml,12.2408,0.8008000000000006,7
95457,Dijonsenf scharf,Byodo,Diverse,100% Biozutaten,6x125ml,13.803,0.9030000000000005,7
695650,Dressing Sylter Art,Byodo,Diverse,100% Biozutaten,6x245ml,19.195800000000002,1.2558000000000007,7
698100,Emils Französische Vinaigrette vegan BIOLAND,Emils,Diverse,Bioland,6x250ml,15.985800000000001,1.0458000000000016,7
98091,Emils Honig-Senf Dressing glutenfrei,Emils,Diverse,Bioland,6x250ml,15.985800000000001,1.0458000000000016,7
698109,Emils mittelscharfer Senf vegan BIOLAND,Emils,Deutschland,Bioland,6x150ml,10.143600000000001,0.6636000000000006,7
698101,Emils Sylter Dressing mit Balsamico vegan BIOLAND,Emils,Diverse,Bioland,6x250ml,15.985800000000001,1.0458000000000016,7
695237,Feigen-Senf - Tube,Naturata,Diverse,100% Biozutaten,8x100ml,10.700000000000001,0.7000000000000011,7
95439,Feigensenf,Byodo,Diverse,100% Biozutaten,6x125ml,13.482000000000001,0.8820000000000014,7
698766,Feigensenf,Münchner Kindl,Diverse,100% Biozutaten,6x125ml,13.161000000000001,0.8610000000000007,7
695714,Feiner Senf,Zwergenwiese,Diverse,100% Biozutaten,6x160ml,9.1806,0.6006,7
695716,Ganzkorn-Senf,Zwergenwiese,Diverse,100% Biozutaten,6x160ml,9.1806,0.6006,7
95408,Grill- und Fondue-Senf,Byodo,Diverse,100% Biozutaten,6x200ml,11.6844,0.7644000000000002,7
95456,Körniger Senf,Byodo,Diverse,100% Biozutaten,6x125ml,10.400400000000001,0.6804000000000006,7
695715,Kräuter-Senf,Zwergenwiese,Diverse,100% Biozutaten,6x160ml,9.1806,0.6006,7
626148,Lazzaris Feigensenf Sauce,Lazzaris,Italien,100% Biozutaten,18x40g,38.327400000000004,2.507400000000004,7
626142,Lazzaris Orangen-Chili-Sauce,Lazzaris,Italien,100% Biozutaten,18x40g,38.327400000000004,2.507400000000004,7
95436,Mango-Balsamicosenf,Byodo,Diverse,100% Biozutaten,6x125ml,13.482000000000001,0.8820000000000014,7
698768,Mangosenf,Münchner Kindl,Diverse,100% Biozutaten,6x125ml,13.096800000000002,0.8568000000000016,7
696010,Milder Senf,Byodo,Deutschland,100% Biozutaten,6x200ml,12.1338,0.793800000000001,7
695459,Mittelscharfer Senf - Eimer,Byodo,Diverse,100% Biozutaten,5kg,18.7785,1.2285000000000004,7
695598,Mittelscharfer Senf - Quetschflasche,Byodo,Diverse,100% Biozutaten,6x300ml,13.803,0.9030000000000005,7
95561,Mittelscharfer Senf - Tube,Byodo,Diverse,100% Biozutaten,8x100ml,10.272,0.6720000000000006,7
95461,Mittelscharfer Senf - Vorrat,Byodo,Diverse,100% Biozutaten,kg,3.9483,0.2583000000000002,7
695718,Mittelscharfer Senf,Zwergenwiese,Diverse,100% Biozutaten,6x160ml,9.1806,0.6006,7
701950,Mittelscharfer Senf,Bio Company,Diverse,100% Biozutaten,6x200ml,9.309,0.609,7
95454,Mittelscharfer Senf,Byodo,Diverse,100% Biozutaten,6x200ml,8.9238,0.5838000000000001,7
695514,Mittelscharfer Senf,Green organics,Diverse,100% Biozutaten,6x200ml,8.474400000000001,0.5544000000000011,7
698738,Mittelscharfer Senf,Münchner Kindl,Diverse,100% Biozutaten,6x200ml,9.5658,0.6257999999999999,7
95438,Orangensenf,Byodo,Diverse,100% Biozutaten,6x125ml,13.482000000000001,0.8820000000000014,7
580677,PommSo - Pommes Sauce,Frank Erhardt,Deutschland,100% Biozutaten,6x200ml,15.3438,1.0038,7
95563,Scharfer Senf extrascharf - Tube,Byodo,Diverse,100% Biozutaten,8x100ml,12.7544,0.8344000000000005,7
95453,Scharfer Senf extrascharf,Byodo,Diverse,100% Biozutaten,6x125ml,11.6844,0.7644000000000002,7
695717,Scharfer Senf,Zwergenwiese,Diverse,100% Biozutaten,6x160ml,9.1806,0.6006,7
698963,Scharfer Senf,Münchner Kindl,Diverse,100% Biozutaten,6x200ml,13.096800000000002,0.8568000000000016,7
95136,Senf & Meerrettich extra DEMETER,Frank Erhardt,Baden-Württemberg,Demeter (Deutschland),6x125ml,11.6844,0.7644000000000002,7
695651,Senf Dressing,Byodo,Deutschland,100% Biozutaten,6x245ml,19.195800000000002,1.2558000000000007,7
95109,Senf medium DEMETER - Tube,Frank Erhardt,Baden-Württemberg,Demeter (Deutschland),8x100ml,10.1864,0.6664000000000012,7
566400,Senf mittelscharf DEMETER,Nur Puur,Diverse,Demeter (Deutschland),6x175ml,11.9412,0.7812000000000001,7
95644,Senf-Dillsauce,Byodo,Diverse,100% Biozutaten,6x125ml,12.7758,0.8358000000000008,7
698754,Senfsauce Feige nach Tessiner Art,Münchner Kindl,Diverse,100% Biozutaten,6x125ml,19.902,1.3019999999999996,7
698739,Süßer Hausmacher Senf,Münchner Kindl,Diverse,100% Biozutaten,6x200ml,10.914,0.7140000000000004,7
95562,Süßer Senf - Tube,Byodo,Diverse,100% Biozutaten,8x100ml,12.7544,0.8344000000000005,7
695720,Süßer Senf,Zwergenwiese,Diverse,100% Biozutaten,6x160ml,9.1164,0.5964000000000009,7
95450,Süßer Senf,Byodo,Diverse,100% Biozutaten,6x200ml,11.491800000000001,0.7518000000000011,7
695236,Süßer-Senf DEMETER - Tube,Naturata,Diverse,Demeter (Deutschland),8x100ml,10.5288,0.6888000000000005,7
698829,Trüffel Senf,Münchner Kindl,Deutschland,100% Biozutaten,6x125ml,13.4178,0.8778000000000006,7
695719,Wiking Senf,Zwergenwiese,Diverse,100% Biozutaten,6x160ml,9.951,0.6509999999999998,7
514085,Zwenf in der Tube,Zwergenwiese,Diverse,100% Biozutaten,6x175ml,7.960800000000001,0.5208000000000004,7
695404,Aioli glutenfrei,Byodo,Diverse,100% Biozutaten,6x250ml,15.729000000000001,1.0290000000000017,7
695469,Delikatess Mayonnaise 80% - Eimer,Byodo,Diverse,100% Biozutaten,5kg,36.3265,2.3765,7
695597,Delikatess Mayonnaise 80% - Quetschflasche,Byodo,Diverse,100% Biozutaten,6x300ml,16.8846,1.1045999999999996,7
95560,Delikatess Mayonnaise 80% - Tube,Byodo,Diverse,100% Biozutaten,8x100ml,11.984,0.7840000000000007,7
95640,Delikatess Mayonnaise 80%,Byodo,Diverse,100% Biozutaten,6x250ml,15.729000000000001,1.0290000000000017,7
695515,Delikatess Mayonnaise,Green organics,Diverse,100% Biozutaten,6x250ml,11.556000000000001,0.7560000000000002,7
95069,Delikatess-Mayonnaise DEMETER - Tube,Naturata,Diverse,Demeter (Deutschland),8x185ml,20.800800000000002,1.3608000000000011,7
566365,Delikatess-Mayonnaise,Nur Puur,Diverse,100% Biozutaten,6x250ml,15.472200000000003,1.0122000000000018,7
698095,Emils vegane Mayo glutenfrei BIOLAND,Emils,Europäische Union,Bioland,6x125g,12.005400000000002,0.785400000000001,7
698096,Emils vegane Mayo mit Knoblauch glutenfrei BIOLAND,Emils,Europäische Union,Bioland,6x125g,12.005400000000002,0.785400000000001,7
698098,Emils vegane Remoulade glutenfrei BIOLAND,Emils,Europäische Union,Bioland,6x125g,12.005400000000002,0.785400000000001,7
695226,Kräuter Mayo DEMETER -Tube,Naturata,Diverse,Demeter (Deutschland),8x190ml,20.800800000000002,1.3608000000000011,7
95641,"Kräuterremoulade mit Gewürzgurken, 50% Fett",Byodo,Diverse,100% Biozutaten,6x250ml,15.729000000000001,1.0290000000000017,7
698862,Mayonnaise vegan,Münchner Kindl,Diverse,100% Biozutaten,6x250ml,12.1338,0.793800000000001,7
701952,Mayonnaise,Bio Company,Diverse,100% Biozutaten,6x250ml,12.519,0.8190000000000008,7
566375,Oliven-Mayonnaise,Nur Puur,Diverse,100% Biozutaten,6x250ml,19.902,1.3019999999999996,7
95061,Remoulade DEMETER - Tube,Naturata,Diverse,Demeter (Deutschland),8x190ml,20.800800000000002,1.3608000000000011,7
698861,Remoulade vegan,Münchner Kindl,Diverse,100% Biozutaten,6x250ml,11.877,0.777000000000001,7
695158,Tomatenketchup DEMETER,Naturata,Diverse,Demeter (Deutschland),6x300ml,17.2698,1.1297999999999995,7
598997,Vegane Aioli DEMETER - Tube,Naturata,Diverse,Demeter (Deutschland),8x190ml,19.174400000000002,1.2544000000000004,7
695225,Vegane Chili Mayo DEMETER -Tube,Naturata,Diverse,Demeter (Deutschland),8x190ml,19.174400000000002,1.2544000000000004,7
695233,Vegane Curry Mayo mit Rapsöl -Tube,Naturata,Diverse,100% Biozutaten,6x60ml,8.025,0.5250000000000004,7
695232,Vegane Mayonnaise mit Rapsöl -Tube,Naturata,Diverse,100% Biozutaten,6x60ml,8.025,0.5250000000000004,7
598941,Vegane Remoulade DEMETER - Tube,Naturata,Diverse,Demeter (Deutschland),8x190ml,19.773600000000002,1.2936000000000014,7
695234,Vegane Remoulade mit Rapsöl -Tube,Naturata,Diverse,100% Biozutaten,6x60ml,8.025,0.5250000000000004,7
95055,Vegane Salat Mayo DEMETER -Tube,Naturata,Diverse,Demeter (Deutschland),8x190ml,17.6336,1.1536000000000008,7
695405,Vegane Salatmayonnaise ohne Ei,Byodo,Diverse,100% Biozutaten,6x250ml,15.729000000000001,1.0290000000000017,7
695227,Zitronen Mayo DEMETER -Tube,Naturata,Diverse,Demeter (Deutschland),8x190ml,20.800800000000002,1.3608000000000011,7
699711,Zitronen Mayonnaise,Münchner Kindl,Europäische Union,100% Biozutaten,6x250ml,13.096800000000002,0.8568000000000016,7
695826,Zwemoulade im Glas,Zwergenwiese,Diverse,100% Biozutaten,6x230ml,11.491800000000001,0.7518000000000011,7
695828,Zwergannaise im Glas,Zwergenwiese,Diverse,100% Biozutaten,6x230ml,11.491800000000001,0.7518000000000011,7
514084,Zwergannaise in der Tube,Zwergenwiese,Diverse,100% Biozutaten,6x170ml,8.9238,0.5838000000000001,7
95638,Curry Ketchup glutenfrei,Byodo,Diverse,100% Biozutaten,6x500ml,19.581000000000003,1.2810000000000024,7
95361,Curryketchup,Zwergenwiese,Diverse,100% Biozutaten,6x500ml,16.5636,1.0836000000000006,7
698103,Emils Red-Curry-Ketchup glutenfrei vegan,Emils,Diverse,Naturland,6x250ml,13.995600000000001,0.9156000000000013,7
698102,Emils Tomaten-Ketchup glutenfrei vegan,Emils,Diverse,Naturland,6x250ml,13.995600000000001,0.9156000000000013,7
95674,Gewürz Ketchup glutenfrei,Byodo,Diverse,100% Biozutaten,6x500ml,19.581000000000003,1.2810000000000024,7
95636,Hot Ketchup glutenfrei,Byodo,Diverse,100% Biozutaten,6x500ml,19.581000000000003,1.2810000000000024,7
697235,Ketchup di Pomodoro - Tomatenketchup mit Balsamico,La Selva,Italien,100% Biozutaten,6x340g,15.408000000000001,1.008000000000001,7
701954,Ketchup,Bio Company,Diverse,100% Biozutaten,6x450ml,15.087,0.9870000000000001,7
695509,Ketchup,Green organics,Diverse,100% Biozutaten,6x450ml,13.482000000000001,0.8820000000000014,7
695595,Kinder Ketchup - Quetschflasche,Byodo,Diverse,100% Biozutaten,6x300ml,15.729000000000001,1.0290000000000017,7
95370,Kinderketchup mit Apfelsüße,Zwergenwiese,Diverse,100% Biozutaten,6x500ml,16.5636,1.0836000000000006,7
695302,Kürbisketchup Chili glutenfrei,Georg Thalhammer,Diverse,100% Biozutaten,6x450ml,18.2328,1.1928000000000019,7
695300,Kürbisketchup Original glutenfrei,Georg Thalhammer,Diverse,100% Biozutaten,6x450ml,18.2328,1.1928000000000019,7
516084,Pesto Calabrese,Zwergenwiese,Diverse,100% Biozutaten,6x125g,9.951,0.6509999999999998,7
516082,Pesto Rosso,Zwergenwiese,Diverse,100% Biozutaten,6x125g,9.951,0.6509999999999998,7
516083,Pesto Verde,Zwergenwiese,Diverse,100% Biozutaten,6x125g,9.951,0.6509999999999998,7
695468,Tomaten Ketchup - Eimer,Byodo,Diverse,100% Biozutaten,5kg,26.322000000000003,1.7220000000000013,7
95639,Tomaten Ketchup glutenfrei,Byodo,Diverse,100% Biozutaten,6x500ml,17.9118,1.171800000000001,7
95673,Tomaten Ketchup ohne Kristallzucker glutenfrei,Byodo,Diverse,100% Biozutaten,6x500ml,19.902,1.3019999999999996,7
695596,Tomatenketchup - Quetschflasche,Byodo,Diverse,100% Biozutaten,6x300ml,15.729000000000001,1.0290000000000017,7
95362,Tomatenketchup,Zwergenwiese,Diverse,100% Biozutaten,6x500ml,16.5636,1.0836000000000006,7
580780,Zwergen Ketchup,Zwergenwiese,Europäische Union,100% Biozutaten,6x200ml,10.336200000000002,0.6762000000000015,7
566020,Ajvar mild,Marschland,Diverse,100% Biozutaten,6x210ml,17.2698,1.1297999999999995,7
67002,Ajvar pikant DEMETER,Frank Erhardt,Baden-Württemberg,Demeter (Deutschland),6x125g,11.9412,0.7812000000000001,7
566025,Ajvar scharf,Marschland,Diverse,100% Biozutaten,6x210ml,17.2698,1.1297999999999995,7
695408,Asia-Sauce,Byodo,Diverse,100% Biozutaten,6x250ml,15.7932,1.0332000000000008,7
592053,Asiasauce Thai Chili,Sanchon,Diverse,100% Biozutaten,6x210ml,11.235000000000001,0.7350000000000012,7
592054,Asiasauce Thai Mango,Sanchon,Diverse,100% Biozutaten,6x210ml,11.235000000000001,0.7350000000000012,7
695409,Barbecue-Sauce,Byodo,Diverse,100% Biozutaten,6x250ml,15.7932,1.0332000000000008,7
92224,Basilikum in Olivenöl DEMETER,Tennental,Europäische Union,Demeter (Deutschland),6x170g,27.5418,1.8018,7
98195,Basilikum in Olivenöl,La Selva,Italien,100% Biozutaten,6x130g,15.5364,1.0164000000000009,7
685451,Bruschetta mit Oliven,Bio Gourmet,Italien,100% Biozutaten,6x200g,13.610400000000002,0.8904000000000014,7
596130,Chili-Paprika Sauce,Byodo,Diverse,100% Biozutaten,6x250ml,15.7932,1.0332000000000008,7
98597,Chutney Mango,Sanchon,Diverse,100% Biozutaten,6x200g,13.4178,0.8778000000000006,7
596121,Cocktail-Sauce,Byodo,Diverse,100% Biozutaten,6x250ml,15.7932,1.0332000000000008,7
592133,Cocktailsauce vegan,Sanchon,Diverse,100% Biozutaten,6x210ml,12.3264,0.8064,7
596129,Curry-Mango-Sauce,Byodo,Diverse,100% Biozutaten,6x250ml,15.7932,1.0332000000000008,7
98592,Currypaste Green Thai,Sanchon,Diverse,100% Biozutaten,6x190g,14.124,0.9240000000000013,7
98587,Currypaste Korma,Sanchon,Diverse,100% Biozutaten,6x190g,15.3438,1.0038,7
98591,Currypaste Red Thai,Sanchon,Diverse,100% Biozutaten,6x190g,14.124,0.9240000000000013,7
98590,Currypaste Tandoori,Sanchon,Diverse,100% Biozutaten,6x190g,15.3438,1.0038,7
695521,Currypaste Yellow Thai,Sanchon,Diverse,100% Biozutaten,6x190g,14.059800000000001,0.9198000000000004,7
695433,Currysauce Palak,Sanchon,Diverse,100% Biozutaten,6x330ml,14.445,0.9450000000000003,7
695431,Currysauce Red Thai,Sanchon,Diverse,100% Biozutaten,6x320ml,13.161000000000001,0.8610000000000007,7
695434,Currysauce Rogan Josh,Sanchon,Diverse,100% Biozutaten,6x330ml,14.5734,0.9534000000000002,7
695429,Currysauce Tikka Masala,Sanchon,Diverse,100% Biozutaten,6x320ml,14.5734,0.9534000000000002,7
698722,Dirty Harry BBQ BIOLAND,Münchner Kindl,Diverse,Bioland,6x250ml,23.433,1.5330000000000013,7
695430,Erdnusssauce Saté,Sanchon,Diverse,100% Biozutaten,6x320ml,12.7758,0.8358000000000008,7
699912,Geröstetes Sesam Dressing,Terrasana,Diverse,100% Biozutaten,6x210ml,16.6278,1.0878000000000014,7
695580,Grill & Burger-Sauce glutenfrei - Quetschflasche,Byodo,Diverse,100% Biozutaten,6x300ml,17.5908,1.1508000000000003,7
580776,Grill und Dip Barbecue,Zwergenwiese,Diverse,100% Biozutaten,6x200ml,12.7758,0.8358000000000008,7
580778,Grill und Dip Burger,Zwergenwiese,Diverse,100% Biozutaten,6x200ml,12.7758,0.8358000000000008,7
580779,Grill und Dip Cocktail,Zwergenwiese,Diverse,100% Biozutaten,6x200ml,12.7758,0.8358000000000008,7
580773,Grill und Dip Curry-Mango,Zwergenwiese,Diverse,100% Biozutaten,6x200ml,12.7758,0.8358000000000008,7
580774,Grill und Dip Knoblauch,Zwergenwiese,Europäische Union,100% Biozutaten,6x200ml,12.7758,0.8358000000000008,7
580777,Grill und Dip Paprika-Chili,Zwergenwiese,Europäische Union,100% Biozutaten,6x200ml,12.7758,0.8358000000000008,7
580775,Grill und Dip Sweet Chili,Zwergenwiese,Europäische Union,100% Biozutaten,6x200ml,12.7758,0.8358000000000008,7
695215,Grill-Würzsauce African Spirit,Naturata,Diverse,100% Biozutaten,6x210ml,14.8302,0.9702000000000002,7
695217,Grill-Würzsauce Brazilian Fire,Naturata,Diverse,100% Biozutaten,6x210ml,16.820400000000003,1.1004000000000023,7
695212,Grill-Würzsauce Burger & Sandwich Sauce,Naturata,Diverse,100% Biozutaten,6x210ml,15.985800000000001,1.0458000000000016,7
695211,Grill-Würzsauce Curry Mango,Naturata,Diverse,100% Biozutaten,6x210ml,15.985800000000001,1.0458000000000016,7
695221,Grill-Würzsauce Honig-Senf,Naturata,Diverse,100% Biozutaten,6x210ml,15.2796,0.9996000000000009,7
695210,Grill-Würzsauce Knoblauch,Naturata,Diverse,100% Biozutaten,6x210ml,15.985800000000001,1.0458000000000016,7
695216,Grill-Würzsauce süß-sauer asiatisch,Naturata,Diverse,100% Biozutaten,6x210ml,15.985800000000001,1.0458000000000016,7
695214,Grill-Würzsauce Sweet Chili,Naturata,Diverse,100% Biozutaten,6x210ml,13.995600000000001,0.9156000000000013,7
592047,Grillsauce Barbecue,Sanchon,Diverse,100% Biozutaten,6x210ml,12.3264,0.8064,7
592050,Grillsauce Cajun Island,Sanchon,Diverse,100% Biozutaten,6x210ml,12.3264,0.8064,7
695523,Grillsauce Curry Mango,Sanchon,Diverse,100% Biozutaten,6x210ml,12.3264,0.8064,7
592048,Grillsauce Höllenfeuer,Sanchon,Diverse,100% Biozutaten,6x210ml,12.3264,0.8064,7
592052,Grillsauce Louisiana,Sanchon,Diverse,100% Biozutaten,6x210ml,12.3264,0.8064,7
592049,Grillsauce Mexican Salsa,Sanchon,Diverse,100% Biozutaten,6x210ml,12.3264,0.8064,7
67000,Harissa scharf DEMETER,Frank Erhardt,Baden-Württemberg,Demeter (Deutschland),6x125g,11.9412,0.7812000000000001,7
580678,Harissa Tube DEMETER,Frank Erhardt,Deutschland,Demeter (Deutschland),8x70g,13.268,0.8680000000000003,7
95558,Hot Pepper Sauce,Isana,Italien,100% Biozutaten,6x100ml,16.306800000000003,1.0668000000000024,7
695544,Hot Pot - Chili sin Carne,Sanchon,Diverse,100% Biozutaten,6x330ml,14.5734,0.9534000000000002,7
596124,Knoblauch-Sauce,Byodo,Diverse,100% Biozutaten,6x250ml,15.7932,1.0332000000000008,7
592119,Knoblauchsauce vegan,Sanchon,Diverse,100% Biozutaten,6x210ml,12.7758,0.8358000000000008,7
556298,Lupinenwürze Lupinello Ersatz für Sojasauce vegan,Biolandhof Kelly,Baden-Württemberg,Bioland,100ml,4.5475,0.2975000000000003,7
695230,Mango-Chutney glutenfrei,Naturata,Diverse,100% Biozutaten,6x140g,13.995600000000001,0.9156000000000013,7
695579,Mexico Salsa Sauce,Byodo,Diverse,100% Biozutaten,6x250ml,15.7932,1.0332000000000008,7
596169,Paprika-Chili Confit,La Selva,Italien,100% Biozutaten,6x140g,16.8846,1.1045999999999996,7
92223,Peperoni in Olivenöl DEMETER,Tennental,Europäische Union,Demeter (Deutschland),6x170g,27.5418,1.8018,7
695794,Pommes Sauce,Byodo,Diverse,100% Biozutaten,6x300ml,17.013,1.1130000000000013,7
699469,Sambal Oelek,Arche,Diverse,100% Biozutaten,6x125g,13.161000000000001,0.8610000000000007,7
592043,Sauce Hollandaise - Glas,Sanchon,Diverse,100% Biozutaten,6x170ml,13.4178,0.8778000000000006,7
699911,Sriracha Sauce,Terrasana,Diverse,100% Biozutaten,6x250g,18.618,1.218,7
695788,Steak und Pfeffer Sauce,Byodo,Diverse,100% Biozutaten,6x250ml,15.729000000000001,1.0290000000000017,7
695977,Süss-Sauer Sauce Thai Style glutenfrei,Arche,Diverse,100% Biozutaten,6x130ml,12.005400000000002,0.785400000000001,7
699459,Thai Sweet Chili Sauce glutenfrei,Arche,Diverse,100% Biozutaten,6x130ml,12.005400000000002,0.785400000000001,7
695519,V! Musterpaket Neuheiten 2025,Sanchon,Diverse,100% Biozutaten,Stück,0,0,7
695526,Vegane Bratensauce,Sanchon,Diverse,100% Biozutaten,6x330ml,14.7018,0.9618000000000002,7
695520,Veganes Gulasch,Sanchon,Diverse,100% Biozutaten,6x330ml,14.7018,0.9618000000000002,7
98586,Würzsauce Habanero hot,Sanchon,Diverse,100% Biozutaten,6x140ml,14.445,0.9450000000000003,7
598497,Würzsauce Mojo Rojo,Sanchon,Diverse,100% Biozutaten,6x125g,12.4548,0.8148,7
598495,Würzsauce Mojo Verde,Sanchon,Diverse,100% Biozutaten,6x125g,12.4548,0.8148,7
98593,Würzsauce Sambal Oelek,Sanchon,Diverse,100% Biozutaten,6x125g,12.647400000000001,0.8274000000000008,7
98585,Würzsauce Worcestershire,Sanchon,Diverse,100% Biozutaten,6x140ml,15.2154,0.9954000000000001,7
98188,Arrabbiata di Peperoncini - Chili Würzcreme,La Selva,Italien,Naturland,6x130g,19.709400000000002,1.2894000000000005,7
699268,Dulse Meeresalgen,Arche,Frankreich,EG-Bio,6x30g,21.2058,3.3857999999999997,19
81193,Genmai Miso,Arche,Japan,100% Biozutaten,6x300g,33.5124,2.1923999999999992,7
685068,Hatcho Miso strong,Terrasana,Japan,100% Biozutaten,8x300g,40.3176,2.637599999999999,7
81195,Hatcho Miso,Arche,Japan,100% Biozutaten,6x300g,32.1,2.1000000000000014,7
81263,Hatcho Miso,Lima,Diverse,100% Biozutaten,6x300g,30.109800000000003,1.9698000000000029,7
699906,Indisches Sambal Oelek,Terrasana,Diverse,99%,6x125g,13.4178,0.8778000000000006,7
81164,Instant Wakame,Arche,Japan,konventionell,6x50g,29.773799999999998,4.753799999999998,19
699375,Kelpamare Speisewürze - KONVENTIONELL,A Vogel,Diverse,konventionell,12x85ml,35.952000000000005,2.352000000000004,7
699376,Kelpamare Speisewürze - KONVENTIONELL,A Vogel,Diverse,konventionell,6x500ml,59.06400000000001,3.8640000000000043,7
686514,Ketjap Manis,Terrasana,Diverse,100% Biozutaten,6x250ml,15.664800000000001,1.0248000000000008,7
695475,Klare Gemüsebrühe glutenfrei - Brühwürfel,Cenovis,Diverse,100% Biozutaten,12x12Stück,18.7464,1.2264000000000017,7
581406,Kombu Algen,Terrasana,Diverse,EG-Bio,6x50g,26.7714,1.7514000000000003,7
699638,Meeressalat,Arche,Diverse,100% Biozutaten,6x30g,19.992,3.192,19
699339,Meeresspaghetti,Arche,Frankreich,Naturland,6x30g,13.565999999999999,2.1659999999999986,19
690477,Meerrettichpaste Wasabi Art,Arche,Diverse,EG-Bio,8x50g,21.828,1.4280000000000008,7
81137,Mugi Miso unpasteurisiert,Terrasana,Japan,100% Biozutaten,6x350g,33.1914,2.171400000000002,7
581255,Mugi Miso,Arche,Japan,100% Biozutaten,6x300g,29.853,1.953000000000003,7
81138,Natto Miso,Terrasana,Diverse,konventionell,6x300g,35.4384,2.318400000000004,7
698875,Nori Flocken,Arche,Europäische Union,EG-Bio,6x20g,19.992,3.192,19
699756,Nori Snack Chili,Kulau,ROK,98%,16x4g,24.1392,1.5792000000000002,7
699755,Nori Snack Sea Salt,Kulau,ROK,98%,16x4g,23.112000000000002,1.5120000000000005,7
699757,Nori Snack Teriyaki,Kulau,ROK,98%,16x4g,24.1392,1.5792000000000002,7
698136,Olivenpaste aus grünen Oliven,Il Cesto,Griechenland,100% Biozutaten,6x100g,15.2796,0.9996000000000009,7
698135,Olivenpaste aus schwarzen Kalamata-Oliven DEMETER,Il Cesto,Griechenland,Demeter (Deutschland),6x100g,15.2796,0.9996000000000009,7
81233,Ramen Soup japanische Nudelsuppe mit Ingwer vegan,Arche,Japan,100% Biozutaten,6x108g,15.857400000000002,1.0374000000000017,7
81270,Salade du Pêcheur Meeresalgen getrock. - Streuglas,Lima,Frankreich,100% Biozutaten,6x40g,24.524400000000004,1.6044000000000018,7
698827,Schwarze Knoblauchpaste DEMETER,Münchner Kindl,Europäische Union,Demeter (Deutschland),6x125ml,36.273,2.3730000000000047,7
695991,Sea Mix Meeresalgen,Arche,Spanien,100% Biozutaten,6x30g,19.992,3.192,19
681255,Shiro Miso,Arche,Japan,100% Biozutaten,6x300g,39.7398,2.599800000000002,7
581208,Shoyu - Tischflasche,Arche,Japan,100% Biozutaten,6x150ml,19.067400000000003,1.2474000000000025,7
699275,Shoyu - Tischflasche,Terrasana,Diverse,100% Biozutaten,6x150ml,19.581000000000003,1.2810000000000024,7
81253,Shoyu mild,Lima,USA,100% Biozutaten,"6x1,0l",53.607000000000006,3.507000000000005,7
81249,Shoyu mild,Lima,USA,100% Biozutaten,6x145ml,14.059800000000001,0.9198000000000004,7
81251,Shoyu mild,Lima,USA,100% Biozutaten,6x250ml,20.0304,1.3104000000000013,7
81175,Shoyu mild,Terrasana,Japan,100% Biozutaten,6x250ml,19.581000000000003,1.2810000000000024,7
81252,Shoyu mild,Lima,USA,100% Biozutaten,6x500ml,29.788800000000002,1.948800000000002,7
81176,Shoyu mild,Terrasana,Japan,100% Biozutaten,6x500ml,34.347,2.247,7
699059,Shoyu salzreduziert,Arche,USA,100% Biozutaten,6x250ml,19.9662,1.3062000000000005,7
581690,Shoyu salzreduziert,Lima,USA,100% Biozutaten,6x250ml,23.8824,1.5624000000000002,7
581691,Shoyu salzreduziert,Lima,USA,100% Biozutaten,6x500ml,34.989000000000004,2.2890000000000015,7
592156,Shoyu Sojasauce,Sanchon,Diverse,100% Biozutaten,6x140ml,11.491800000000001,0.7518000000000011,7
81191,Shoyu,Arche,Japan,100% Biozutaten,6x250ml,19.1316,1.2515999999999998,7
701956,Shoyu,Bio Company,Niederlande,100% Biozutaten,6x250ml,17.013,1.1130000000000013,7
81209,Shoyu,Arche,Japan,100% Biozutaten,6x500ml,28.7616,1.8816000000000024,7
699850,Smoked Shoyu,Arche,Diverse,100% Biozutaten,6x100ml,23.433,1.5330000000000013,7
699024,Sushi Nori Blätter 10Stk,Terrasana,Volksrepublik China,EG-Bio,12x25g,42.757200000000005,2.7972000000000037,7
695898,Sushi Nori geröstet 10St,Arche,Volksrepublik China,EG-Bio,6x25g,21.956400000000002,1.4364000000000026,7
81269,Tamari 25% salzreduziert glutenfrei,Lima,USA,100% Biozutaten,6x250ml,29.853,1.953000000000003,7
81259,Tamari 25% salzreduziert glutenfrei,Lima,USA,100% Biozutaten,6x500ml,46.80180000000001,3.061800000000005,7
81192,Tamari Cedarwood,Arche,Japan,100% Biozutaten,6x250ml,27.927000000000003,1.8270000000000017,7
81258,Tamari strong glutenfrei,Lima,USA,100% Biozutaten,"6x1,0l",67.731,4.430999999999997,7
81254,Tamari strong glutenfrei,Lima,USA,100% Biozutaten,6x145ml,17.655,1.1550000000000011,7
81256,Tamari strong glutenfrei,Lima,USA,100% Biozutaten,6x250ml,25.359,1.6590000000000025,7
81257,Tamari strong glutenfrei,Lima,USA,100% Biozutaten,6x500ml,37.557,2.4570000000000007,7
81180,Tamari strong,Terrasana,Japan,100% Biozutaten,"6x1,0l",79.8006,5.220600000000005,7
81178,Tamari strong,Terrasana,Japan,100% Biozutaten,6x250ml,21.7638,1.4238,7
81179,Tamari strong,Terrasana,Japan,100% Biozutaten,6x500ml,43.591800000000006,2.8518000000000043,7
698790,Tamari,Arche,Japan,100% Biozutaten,6x250ml,22.020599999999998,1.4405999999999999,7
701958,Tamari,Bio Company,Niederlande,100% Biozutaten,6x250ml,17.2698,1.1297999999999995,7
581414,Tamari,Arche,Japan,100% Biozutaten,6x500ml,33.961800000000004,2.2218000000000053,7
592134,Teriyaki Sauce,Sanchon,Diverse,100% Biozutaten,6x210ml,12.3264,0.8064,7
581495,Teriyaki süß-sauer,Lima,Diverse,100% Biozutaten,6x250ml,21.186000000000003,1.3860000000000028,7
699023,Teriyaki Woksauce,Terrasana,Diverse,100% Biozutaten,6x240ml,19.3884,1.2683999999999997,7
581501,Teriyaki,Arche,Japan,98%,6x155ml,13.995600000000001,0.9156000000000013,7
690487,Thai Chilipaste,Arche,Diverse,100% Biozutaten,8x50g,16.7776,1.0976,7
81246,Thai Curry Paste,Arche,Diverse,100% Biozutaten,8x50g,17.12,1.120000000000001,7
699040,Umami Sauce,Terrasana,Diverse,100% Biozutaten,6x145ml,17.013,1.1130000000000013,7
690474,Umeboshi Paste,Arche,Japan,100% Biozutaten,6x140g,40.0608,2.6208000000000027,7
699404,Wakame,Arche,Spanien,EG-Bio,6x25g,14.994,2.394,19
699905,Wasabi Style Paste,Terrasana,Diverse,99%,8x50g,31.5864,2.0664000000000016,7
690526,Wok Up Würzpaste,Arche,Diverse,100% Biozutaten,8x50g,16.7776,1.0976,7
6990291,DISPLAY - Bio Fix,Lebensbaum,Diverse,100% Biozutaten,Display,70.62,4.6200000000000045,7
6994341,DISPLAY - Grillen,Lebensbaum,Diverse,100% Biozutaten,Display,96.30000000000001,6.300000000000011,7
6988721,Hummus Gewürzzubereitung für Dip,Lebensbaum,Diverse,100% Biozutaten,12x10g,4.8792,0.3192000000000004,7
567869,Airfryer Falafel Bifteki Style,Bohlsener Mühle,Diverse,100% Biozutaten,7x165g,10.411100000000001,0.6811000000000007,7
567867,Airfryer Falafel Classic,Bohlsener Mühle,Diverse,100% Biozutaten,7x165g,10.411100000000001,0.6811000000000007,7
567868,Airfryer Falafel Gemüse,Bohlsener Mühle,Diverse,100% Biozutaten,7x165g,10.411100000000001,0.6811000000000007,7
567696,Bulgur-Salat mit roten Linsen,Davert Mühle,Diverse,100% Biozutaten,6x170g,12.3264,0.8064,7
567987,Couscous Bohnen Salat,Bohlsener Mühle,Diverse,100% Biozutaten,7x165g,11.1601,0.7301000000000002,7
567978,Couscous Curry Salat,Bohlsener Mühle,Diverse,100% Biozutaten,7x165g,12.1338,0.793800000000001,7
567988,Couscous Garten Salat,Bohlsener Mühle,Diverse,100% Biozutaten,7x165g,12.1338,0.793800000000001,7
567980,Couscous Linsen Salat,Bohlsener Mühle,Diverse,100% Biozutaten,7x165g,12.1338,0.793800000000001,7
567981,Couscous Taboulé Salat,Bohlsener Mühle,Diverse,100% Biozutaten,7x165g,12.1338,0.793800000000001,7
567979,Couscous Tomaten Salat,Bohlsener Mühle,Diverse,100% Biozutaten,7x165g,12.1338,0.793800000000001,7
567719,Dinkel-Nuss Burger Mischung DEMETER,Bauck,Diverse,Demeter (Deutschland),6x150g,9.951,0.6509999999999998,7
567951,Falafel Burger,Bauck,Diverse,100% Biozutaten,6x160g,9.951,0.6509999999999998,7
567936,Falafel glutenfrei,Spielberger,Diverse,100% Biozutaten,4x160g,5.2216000000000005,0.34160000000000057,7
67596,Falafel-Mischung glutenfrei,Bauck,Diverse,100% Biozutaten,6x160g,9.951,0.6509999999999998,7
567933,Gemüse Bratlinge,Spielberger,Diverse,100% Biozutaten,4x160g,6.4628000000000005,0.4228000000000005,7
567958,Gemüse Burger-Mischung glutenfrei DEMETER,Bauck,Diverse,Demeter (Deutschland),6x160g,9.951,0.6509999999999998,7
567697,Golden Pearl Salat,Davert Mühle,Diverse,100% Biozutaten,6x170g,12.3264,0.8064,7
567935,Grünkern Bratling,Spielberger,Diverse,100% Biozutaten,4x160g,5.2216000000000005,0.34160000000000057,7
567718,Grünkern Burger-Mischung,Bauck,Diverse,100% Biozutaten,6x160g,9.951,0.6509999999999998,7
567957,Hafer BBQ Burger glutenfrei,Bauck,Diverse,100% Biozutaten,6x150g,12.519,0.8190000000000008,7
635288,Harissa Falafel-Mischung glutenfrei,Bauck,Diverse,100% Biozutaten,6x160g,9.951,0.6509999999999998,7
567492,Kartoffel-Knödel,Burgermühle,Diverse,100% Biozutaten,10x2x115g,19.581000000000003,1.2810000000000024,7
567491,Kartoffel-Puffer,Burgermühle,Diverse,100% Biozutaten,10x170g,17.12,1.120000000000001,7
567490,Kartoffel-Püree,Burgermühle,Diverse,100% Biozutaten,10x2x80g,16.264,1.064,7
667017,Kartoffelknödel halb & halb - 2x4St,Eden Reform,Diverse,100% Biozutaten,10x2x115g,23.326,1.5259999999999998,7
575779,Kartoffelknödel halb & halb - 2x4St,Eden Reform,Diverse,100% Biozutaten,8x2x110g,18.660800000000002,1.2208000000000006,7
667015,Kartoffelpüree - 2x3 Portionen,Eden Reform,Diverse,100% Biozutaten,10x2x80g,19.795,1.2950000000000017,7
575778,Kartoffelpüree - 2x3 Portionen,Eden Reform,Diverse,100% Biozutaten,8x2x80g,15.836000000000002,1.0360000000000014,7
567983,Kichererbsen Falafel,Bohlsener Mühle,Diverse,100% Biozutaten,7x165g,10.935400000000001,0.7154000000000007,7
567946,Linsen Burger,Bauck,Diverse,100% Biozutaten,6x150g,12.519,0.8190000000000008,7
629429,Mein veganer Speck-Ersatz,Biovegan,Diverse,100% Biozutaten,10x10g,15.515,1.0150000000000006,7
629428,Mein veganes Rührei mit Speck-Ersatz,Biovegan,Diverse,100% Biozutaten,10x50g,15.515,1.0150000000000006,7
67545,Pfiffikuss Bratlinge Dinkel-Hafer-Gemüse,Pfiffikus,Europäische Union,100% Biozutaten,8x160g,27.82,1.8200000000000003,7
567799,Protein Couscous Salat,Davert Mühle,Diverse,100% Biozutaten,6x160g,10.849800000000002,0.7098000000000013,7
685465,Ratatouille,Bio Gourmet,Diverse,100% Biozutaten,6x675g,27.927000000000003,1.8270000000000017,7
567934,Rote Linsen Bratlinge,Spielberger,Diverse,100% Biozutaten,4x160g,6.4628000000000005,0.4228000000000005,7
685462,Semmelknödel mit Kräutern,Bio Gourmet,Diverse,100% Biozutaten,5x140g,14.445,0.9450000000000003,7
685464,Semmelknödel mit Pfifferlingen,Bio Gourmet,Diverse,100% Biozutaten,5x140g,17.3875,1.1374999999999993,7
701980,Sojagranulat fein,Bio Company,Diverse,EG-Bio,7x150g,9.737,0.6370000000000005,7
701982,Sojagranulat grob,Bio Company,Diverse,EG-Bio,6x150g,9.052200000000001,0.5922000000000001,7
567959,Süßkartoffel Falafel,Bauck,Diverse,100% Biozutaten,6x160g,9.951,0.6509999999999998,7
567693,Taboulé-Salat mit aromatischer Minze,Davert Mühle,Diverse,100% Biozutaten,6x170g,10.207799999999999,0.6677999999999997,7
567695,Thai-Curry mit Kokos,Davert Mühle,Diverse,100% Biozutaten,6x170g,12.3264,0.8064,7
567653,Tomaten Burger-Mischung glutenfrei,Bauck,Diverse,100% Biozutaten,6x140g,9.951,0.6509999999999998,7
698326,V! Hanfbratling Gemüse-Amaranth,Chiron,Europäische Union,100% Biozutaten,6x300g,19.195800000000002,1.2558000000000007,7
567882,Veggie Chicken Curry auf Erbsenproteinbasis,Davert Mühle,Diverse,100% Biozutaten,6x120g,12.3264,0.8064,7
567954,VeggieMix Frikadelle,Bauck,Diverse,100% Biozutaten,6x150g,12.519,0.8190000000000008,7
567966,VeggieMix Gold Nuggets Gemüse,Bauck,Diverse,100% Biozutaten,6x160g,12.519,0.8190000000000008,7
567967,VeggieMix Köfte,Bauck,Diverse,100% Biozutaten,6x110g,12.519,0.8190000000000008,7
567955,VeggieMix Köttbullar,Bauck,Diverse,100% Biozutaten,6x180g,12.519,0.8190000000000008,7
626866,4-Korn Brösel Paniermehl Vollkorn,Naturkostmühle Werz,Diverse,100% Biozutaten,6x200g,15.664800000000001,1.0248000000000008,7
698870,Aioli Gewürzzubereitung für Dip,Lebensbaum,Diverse,100% Biozutaten,12x8g,9.7584,0.6384000000000007,7
514981,Asia Noodles - Hot + Spicy Chili,Followfood / Followfish,Diverse,100% Biozutaten,10x159g,26.215,1.7149999999999999,7
514979,Asia Noodles - Sweet + Tasty Teriyaki,Followfood / Followfish,Diverse,100% Biozutaten,10x161g,26.215,1.7149999999999999,7
695014,Asia-Gemüsesuppe mit Nudeln - Becher,Natur Compagnie,Diverse,97%,8Becher,8.474400000000001,0.5544000000000011,7
695291,Bauernhof Klare Suppe,Erntesegen,Diverse,96%,8Tüten,7.276,0.476,7
98401,biofix Broccoli-Gratin,Beltane,Diverse,100% Biozutaten,10Stück,12.84,0.8399999999999999,7
98408,biofix Chicken Kashmir,Beltane,Diverse,100% Biozutaten,10Stück,12.84,0.8399999999999999,7
98409,biofix Chicken Tandoori,Beltane,Diverse,100% Biozutaten,10Stück,12.84,0.8399999999999999,7
598848,biofix Chicken Tikka,Beltane,Diverse,100% Biozutaten,10Stück,12.84,0.8399999999999999,7
98404,biofix Chili con Carne,Beltane,Diverse,100% Biozutaten,10Stück,12.84,0.8399999999999999,7
598847,biofix Chop Suey,Beltane,Diverse,100% Biozutaten,10Stück,12.84,0.8399999999999999,7
598833,biofix Gebratene Nudeln,Beltane,Diverse,100% Biozutaten,10Stück,12.84,0.8399999999999999,7
98410,biofix Gyros,Beltane,Diverse,100% Biozutaten,10Stück,12.84,0.8399999999999999,7
98414,biofix Lachsgratin,Beltane,Diverse,100% Biozutaten,10Stück,12.84,0.8399999999999999,7
598832,biofix Lachsnudeln,Beltane,Diverse,100% Biozutaten,10Stück,12.84,0.8399999999999999,7
98411,biofix Madras Curry,Beltane,Diverse,100% Biozutaten,10Stück,12.84,0.8399999999999999,7
98406,biofix Paprika-Hähnchen,Beltane,Diverse,100% Biozutaten,10Stück,12.84,0.8399999999999999,7
98400,biofix Pasta Asciutta,Beltane,Diverse,100% Biozutaten,10Stück,12.84,0.8399999999999999,7
98413,biofix Spaghetti Bolognese,Beltane,Diverse,100% Biozutaten,10Stück,12.84,0.8399999999999999,7
98405,biofix Tajine a'la Marokko,Beltane,Diverse,100% Biozutaten,10Stück,12.84,0.8399999999999999,7
98407,biofix Thai-Curry,Beltane,Diverse,100% Biozutaten,10Stück,12.84,0.8399999999999999,7
98402,biofix Toskana-Gemüse,Beltane,Diverse,100% Biozutaten,10Stück,12.84,0.8399999999999999,7
695288,Buchstaben Klare Suppe,Erntesegen,Diverse,96%,12Tüten,10.914,0.7140000000000004,7
695286,Champignon Cremesuppe,Erntesegen,Diverse,96%,12Tüten,10.914,0.7140000000000004,7
42103,Dinkel Vollkornbrösel,Naturkostmühle Werz,Diverse,100% Biozutaten,8x200g,20.3728,1.3328000000000024,7
699029,DISPLAY - Bio Fix,Lebensbaum,Diverse,100% Biozutaten,Display,141.24,9.240000000000009,7
699434,DISPLAY - Grillen,Lebensbaum,Diverse,100% Biozutaten,Display,193.30620000000002,12.646200000000022,7
635473,Fix für Bolognese,Lebensbaum,Diverse,100% Biozutaten,10x35g,9.416000000000002,0.6160000000000014,7
699021,Fix für Brokkoli Kartoffel Gratin,Lebensbaum,Diverse,100% Biozutaten,10x40g,9.416000000000002,0.6160000000000014,7
635472,Fix für Chili con Carne,Lebensbaum,Diverse,100% Biozutaten,10x30g,9.416000000000002,0.6160000000000014,7
635469,Fix für Geschnetzeltes,Lebensbaum,Diverse,100% Biozutaten,10x28g,9.416000000000002,0.6160000000000014,7
699022,Fix für Gnocchi Gemüsepfanne,Lebensbaum,Diverse,100% Biozutaten,10x30g,9.416000000000002,0.6160000000000014,7
635468,Fix für Lachsgratin,Lebensbaum,Diverse,100% Biozutaten,10x20g,9.416000000000002,0.6160000000000014,7
635470,Fix für Nudelauflauf,Lebensbaum,Diverse,100% Biozutaten,10x40g,9.416000000000002,0.6160000000000014,7
635474,Fix für Ofenkartoffeln,Lebensbaum,Diverse,100% Biozutaten,10x15g,9.416000000000002,0.6160000000000014,7
566073,Fix für Salat Gartenkräuter,Beltane,Diverse,100% Biozutaten,"10x3x9,6g",12.519,0.8190000000000008,7
566072,Fix für Salat Italienische Kräuter,Beltane,Diverse,100% Biozutaten,"10x3x10,6g",12.519,0.8190000000000008,7
566074,Fix für Salat Wildkräuter,Beltane,Diverse,100% Biozutaten,"10x3x9,3g",12.519,0.8190000000000008,7
566071,Fix für Salat Zwiebelkräuter,Beltane,Diverse,100% Biozutaten,"10x3x10,9g",12.519,0.8190000000000008,7
635475,Fix für Thai-Curry,Lebensbaum,Diverse,100% Biozutaten,10x23g,9.416000000000002,0.6160000000000014,7
695283,Frühling Klare Suppe,Erntesegen,Diverse,96%,12Tüten,10.914,0.7140000000000004,7
695282,Gemüse-Nudel Suppe Asia Art,Erntesegen,Diverse,96%,12Tüten,10.914,0.7140000000000004,7
697578,Gemüsesuppe Suppennwürfel zuckerfrei,Sonnentor,Diverse,100% Biozutaten,15x6x11g,28.087500000000002,1.8375000000000021,7
697579,Gemüsesuppe Zuckerfrei - Glas,Sonnentor,Diverse,100% Biozutaten,6x120g,17.976000000000003,1.176000000000002,7
566043,Grill und Wok Würzmisch. - Sweet Chili Marinade,Beltane,Bayern,100% Biozutaten,10x3x13g,15.943000000000001,1.043000000000001,7
566041,Grill und Wok Würzmischung - Thai Marinade,Beltane,Bayern,100% Biozutaten,"10x3x9,8g",15.943000000000001,1.043000000000001,7
699036,Guacamole Gewürzzubereitung für Dip,Lebensbaum,Diverse,100% Biozutaten,12x8g,9.7584,0.6384000000000007,7
582107,Hildegard Gemüse Suppenwürfel,Sonnentor,Diverse,100% Biozutaten,15x6x10g,20.0625,1.3125,7
582078,Hildegard Gemüsesuppe klar,Sonnentor,Diverse,100% Biozutaten,6x120g,16.05,1.0500000000000007,7
695280,Hofgemüse Cremesuppe,Erntesegen,Diverse,96%,12Tüten,10.914,0.7140000000000004,7
695289,Hühner-Nudel Klare Suppe,Erntesegen,Diverse,96%,12Tüten,10.914,0.7140000000000004,7
698872,Hummus Gewürzzubereitung für Dip,Lebensbaum,Diverse,100% Biozutaten,12x10g,9.7584,0.6384000000000007,7
695284,Linsen Dal Suppe India,Erntesegen,Diverse,96%,12Tüten,10.914,0.7140000000000004,7
529221,Meine Veganen Burger Patties,Biovegan,Diverse,100% Biozutaten,6x150g,11.1708,0.7308000000000003,7
81232,Miso Soup mit Meeresgemüse,Arche,Japan,97%,6x4x15g,17.9118,1.171800000000001,7
695279,Miso-Gemüse Suppe Asia Art,Erntesegen,Diverse,96%,12Tüten,10.914,0.7140000000000004,7
581083,Misosuppe mit Frühlingszwieben,Arche,Diverse,100% Biozutaten,6x4x10g,17.9118,1.171800000000001,7
567779,Noodle-Cup Toscana Style glutenfrei,Davert Mühle,Diverse,100% Biozutaten,8x60g,9.844,0.6440000000000001,7
514980,Noodles Cheesy + Creamy Carbonara Style,Followfood / Followfish,Diverse,100% Biozutaten,10x163g,26.215,1.7149999999999999,7
556418,Salatdressing Gartenkräuter,Lebensbaum,Diverse,100% Biozutaten,6x3x5g,6.7410000000000005,0.4410000000000007,7
698874,Salatdressing Griechische Art,Lebensbaum,Diverse,100% Biozutaten,6x3x5g,6.7410000000000005,0.4410000000000007,7
556419,Salatdressing Gurkensalat,Lebensbaum,Diverse,100% Biozutaten,6x3x5g,6.7410000000000005,0.4410000000000007,7
698873,Salatdressing Himbeerdressing,Lebensbaum,Diverse,100% Biozutaten,6x3x5g,6.7410000000000005,0.4410000000000007,7
556420,Salatdressing Italienische Kräuter,Lebensbaum,Diverse,100% Biozutaten,6x3x5g,6.7410000000000005,0.4410000000000007,7
556421,Salatdressing Joghurtkräuter,Lebensbaum,Diverse,100% Biozutaten,6x3x5g,6.7410000000000005,0.4410000000000007,7
567820,Sonnenblumen Hack pur,Sunflower Family,Diverse,EG-Bio,6x76g,16.1784,1.0584000000000007,7
699746,Sour Cream Gewürzzubereitung für Dip,Lebensbaum,Diverse,100% Biozutaten,12x9g,9.7584,0.6384000000000007,7
695278,Spargelcremesuppe,Erntesegen,Diverse,96%,12Tüten,10.914,0.7140000000000004,7
567828,Sunflower BoloMix,Sunflower Family,Diverse,100% Biozutaten,10x90g,27.392000000000003,1.7920000000000016,7
567827,Sunflower BurgerMix,Sunflower Family,Diverse,100% Biozutaten,10x90g,27.392000000000003,1.7920000000000016,7
567701,Thailändische Linsen-Kokos-Suppe,Davert Mühle,Diverse,100% Biozutaten,6x170g,12.3264,0.8064,7
695285,Tomaten Cremesuppe,Erntesegen,Diverse,96%,12Tüten,10.914,0.7140000000000004,7
698871,Tomatenbutter Gewürzzubereitung für Dip,Lebensbaum,Diverse,100% Biozutaten,12x8g,9.7584,0.6384000000000007,7
695015,Asia-Hühnersuppe mit Nudeln - Becher,Natur Compagnie,Diverse,95%,8Becher,8.474400000000001,0.5544000000000011,7
194222,Blumenkohl Cremesuppe vegan,Ökoland,Diverse,100% Biozutaten,6x380ml,14.894400000000001,0.974400000000001,7
182014,Bolognese vom Weiderind,Fischermühle,Baden-Württemberg,100% Biozutaten,6x500ml,33.2556,2.175600000000003,7
182015,Braten in Soße vom Weiderind,Fischermühle,Baden-Württemberg,100% Biozutaten,6x500ml,54.5058,3.565800000000003,7
182017,Bratensoße vom Weiderind,Fischermühle,Baden-Württemberg,100% Biozutaten,6x500ml,25.615800000000004,1.6758000000000024,7
194216,Brokkoli Cremesuppe vegan,Ökoland,Diverse,100% Biozutaten,6x380ml,14.894400000000001,0.974400000000001,7
181475,Bruderhahn-Gockelbolognese DEMETER,Hofgut Brachenreuthe WIR.,Deutschland,Demeter (Deutschland),6x400ml,40.446,2.646000000000001,7
181465,Bruderhahn-Gockelfrikasseé DEMETER,Hofgut Brachenreuthe WIR.,Deutschland,Demeter (Deutschland),6x400ml,46.545,3.0450000000000017,7
181455,Bruderhahn-Gockelsuppe DEMETER,Hofgut Brachenreuthe WIR.,Deutschland,Demeter (Deutschland),6x400ml,32.0358,2.0958000000000006,7
67116,Chili con Carne,Ökoland,Diverse,100% Biozutaten,6x400g,21.378600000000002,1.3986000000000018,7
600006,Coq au Vin BIOLAND,Gut Krauscha,Diverse,Bioland,3x630g,37.3644,2.4444000000000017,7
695268,Eintopf Erbse-Karotte,Eden Reform,Diverse,100% Biozutaten,6x400g,13.161000000000001,0.8610000000000007,7
695269,Eintopf Kartoffel-Lauch,Eden Reform,Diverse,100% Biozutaten,6x400g,13.161000000000001,0.8610000000000007,7
695267,Eintopf Linse-Kartoffel,Eden Reform,Diverse,100% Biozutaten,6x400g,13.161000000000001,0.8610000000000007,7
194226,Erbsen Cremesuppe vegan,Ökoland,Diverse,100% Biozutaten,6x380ml,14.894400000000001,0.974400000000001,7
67246,Erbseneintopf,Green organics,Diverse,99%,6x425ml,9.3732,0.6132000000000009,7
67110,Erbsensuppe mit Fleisch,Ökoland,Diverse,100% Biozutaten,6x400g,14.9586,0.9786000000000001,7
685452,Gazpacho Original,Bio Gourmet,Spanien,100% Biozutaten,6x750ml,22.405800000000003,1.4658000000000015,7
194786,Gemüse Nudelsuppe vegetarisch,Ökoland,Deutschland,100% Biozutaten,6x400g,14.9586,0.9786000000000001,7
67112,Gemüsesuppe mit Huhn,Ökoland,Diverse,100% Biozutaten,6x400g,18.3612,1.2012,7
182012,Gulasch vom Weiderind,Fischermühle,Baden-Württemberg,100% Biozutaten,6x500ml,49.177200000000006,3.2172000000000054,7
67113,Gulaschsuppe,Ökoland,Diverse,100% Biozutaten,6x400g,18.3612,1.2012,7
98750,Hühnerfleisch mit Brühe BIOLAND,Gut Krauscha,Diverse,Bioland,6x320g,38.455799999999996,2.5157999999999987,7
567462,Hühnerfond BIOLAND,Kiebitzhof,Deutschland,Bioland,6x380ml,17.2698,1.1297999999999995,7
182000,Hühnerfond vom Bruderhahn,Fischermühle,Baden-Württemberg,100% Biozutaten,6x500ml,26.2578,1.7178000000000004,7
567463,Hühnerfrikasseé BIOLAND,Kiebitzhof,Diverse,Bioland,6x400g,39.804,2.603999999999999,7
600506,Hühnerfrikassee DEMETER ÖTZ,LindenGut Manufaktur,Deutschland,Demeter (Deutschland),6X395g,43.656,2.8560000000000016,7
600507,Hühnerfrikassee DEMETER ÖTZ,LindenGut Manufaktur,Deutschland,Demeter (Deutschland),6x695g,71.262,4.662000000000006,7
182004,Hühnerfrikassee vom Bruderhahn,Fischermühle,Baden-Württemberg,100% Biozutaten,6x500ml,50.718,3.318000000000005,7
600501,Hühnerkraftbrühe DEMETER ÖTZ,LindenGut Manufaktur,Deutschland,Demeter (Deutschland),6x380ml,21.699600000000004,1.4196000000000026,7
600500,Hühnerkraftbrühe DEMETER ÖTZ,LindenGut Manufaktur,Deutschland,Demeter (Deutschland),6x650ml,35.2458,2.305800000000005,7
600502,Hühnerkraftbrühe mit Fleisch DEMETER ÖTZ,LindenGut Manufaktur,Deutschland,Demeter (Deutschland),6X395g,30.238200000000003,1.978200000000001,7
182002,Hühnersuppe mit Fleisch vom Bruderhahn,Fischermühle,Baden-Württemberg,100% Biozutaten,6x500ml,37.171800000000005,2.4318000000000026,7
600504,Hühnersuppe mit Nudeln DEMETER ÖTZ,LindenGut Manufaktur,Deutschland,Demeter (Deutschland),6X395g,31.779,2.0790000000000006,7
600505,Hühnersuppe mit Nudeln DEMETER ÖTZ,LindenGut Manufaktur,Deutschland,Demeter (Deutschland),6x670g,50.397000000000006,3.297000000000004,7
685503,Hummersuppe,Bio Gourmet,Diverse,S#,6x480g,35.952000000000005,2.352000000000004,7
695271,Indian Linsen Dal - Eintopf,Eden Reform,Diverse,100% Biozutaten,6x400g,13.803,0.9030000000000005,7
67120,Kartoffelcremesuppe vegetarisch,Ökoland,Diverse,100% Biozutaten,6x400g,13.4178,0.8778000000000006,7
194212,Kürbis Cremesuppe vegan,Ökoland,Diverse,100% Biozutaten,6x380ml,14.894400000000001,0.974400000000001,7
695304,Kürbissuppe,Georg Thalhammer,Diverse,100% Biozutaten,6x350ml,17.1414,1.1214000000000013,7
67126,Linsen-Gemüse-Topf vegetarisch,Ökoland,Diverse,100% Biozutaten,6x400g,14.9586,0.9786000000000001,7
67111,Linsensuppe mit Würstchenscheiben,Ökoland,Diverse,100% Biozutaten,6x400g,14.9586,0.9786000000000001,7
67123,Linsensuppe mit Würstchenscheiben,Ökoland,Diverse,100% Biozutaten,6x800g,25.615800000000004,1.6758000000000024,7
695270,Mexican Chili sin Carne,Eden Reform,Diverse,100% Biozutaten,6x400g,13.803,0.9030000000000005,7
67119,Mexikanische Bohnensuppe vegetarisch,Ökoland,Diverse,100% Biozutaten,6x400g,14.9586,0.9786000000000001,7
67125,Minestrone mit Reis vegetarisch,Ökoland,Diverse,100% Biozutaten,6x400g,14.9586,0.9786000000000001,7
567129,Möhren-Ingwer-Cremesuppe vegetarisch,Ökoland,Diverse,100% Biozutaten,6x400g,14.9586,0.9786000000000001,7
67115,Ravioli mit Fleischfüllung in Tomatensauce,Ökoland,Diverse,100% Biozutaten,6x400g,18.3612,1.2012,7
567075,Ravioli mit Gemüse vegan,Danival,Diverse,100% Biozutaten,6x670g,25.1664,1.6463999999999999,7
567058,Ravioli mit Ricotta & Spinat,Danival,Diverse,100% Biozutaten,6x670g,24.9738,1.6338000000000008,7
182010,Rinderfond vom Weiderind,Fischermühle,Baden-Württemberg,100% Biozutaten,6x500ml,21.442800000000002,1.4028000000000027,7
567131,Rindfleisch-Gemüsesuppe,Ökoland,Diverse,100% Biozutaten,6x400g,18.3612,1.2012,7
600004,Rote Bete-Apfelsuppe BIOLAND vegan,Gut Krauscha,Diverse,Bioland,3x630g,25.005900000000004,1.635900000000003,7
567108,Rote Linsensuppe vegetarisch,Ökoland,Diverse,100% Biozutaten,6x400g,14.9586,0.9786000000000001,7
600209,Ruperti-Rind Boullion - Glas,Ruperti Rind,Diverse,,6x690ml,21.828,1.4280000000000008,7
600207,Ruperti-Rind Chili con Carne - Glas,Ruperti Rind,Diverse,,6x400ml,29.211000000000002,1.9110000000000014,7
600202,Ruperti-Rind Gulasch - Glas,Ruperti Rind,Diverse,,6x410ml,52.323,3.423000000000002,7
600200,Ruperti-Rind Gulaschsuppe - Glas,Ruperti Rind,Diverse,,6x400ml,32.1,2.1000000000000014,7
600210,Ruperti-Rind Roulade gef. mit Speck & Gurke - Glas,Ruperti Rind,Diverse,,6x410ml,60.28380000000001,3.943800000000003,7
600205,Ruperti-Rind Sauce Bolognese - Glas,Ruperti Rind,Diverse,,6x400ml,29.211000000000002,1.9110000000000014,7
67127,Sauce Bolognese mit Hackfleisch,Ökoland,Diverse,100% Biozutaten,6x400g,21.378600000000002,1.3986000000000018,7
600009,Sellerie-Cremesuppe BIOLAND vegan,Gut Krauscha,Diverse,Bioland,3x630g,25.005900000000004,1.635900000000003,7
194232,Süßkartoffel Cremesuppe vegan,Ökoland,Diverse,100% Biozutaten,6x380ml,14.894400000000001,0.974400000000001,7
695272,Thai Curry - Kichererbse,Eden Reform,Diverse,100% Biozutaten,6x400g,13.803,0.9030000000000005,7
67121,Tomatencremesuppe vegetarisch,Ökoland,Diverse,100% Biozutaten,6x400g,13.4178,0.8778000000000006,7
567998,Veggie Bauerntopf mit Kartoffeln,Davert Mühle,Diverse,100% Biozutaten,5x340g,10.6465,0.6965000000000003,7
567997,Veggie Better Chicken mit Reis,Davert Mühle,Diverse,100% Biozutaten,5x320g,10.6465,0.6965000000000003,7
567996,Veggie Chili sin Carne,Davert Mühle,Diverse,100% Biozutaten,5x340g,12.84,0.8399999999999999,7
567995,Veggie Thai Curry Mild,Davert Mühle,Diverse,100% Biozutaten,5x340g,12.84,0.8399999999999999,7
698661,Akazienfaser Pulver,Sanatur,RCA,EG-Bio,200g,7.853800000000001,0.5138000000000007,7
610080,Asia Pilz Mix getrocknet,Pilze Wohlrab,Volksrepublik China,EG-Bio,6x30g,17.1414,1.1214000000000013,7
685500,Backerbsen DEMETER,Bio Gourmet,Diverse,Demeter (Deutschland),8x100g,9.416000000000002,0.6160000000000014,7
685501,Backerbsen mit Kräutern DEMETER,Bio Gourmet,Diverse,Demeter (Deutschland),8x100g,9.416000000000002,0.6160000000000014,7
699349,Bowl Pasta & Käse,Schnitzer,Diverse,95%,8x60g,10.0152,0.6552000000000007,7
699348,Bowl Pasta & Tomate vegan,Schnitzer,Diverse,95%,8x60g,10.0152,0.6552000000000007,7
566227,Croutons Knoblauch geröstete Brotwürfel DEMETER,Sommer,Europäische Union,Demeter (Deutschland),5x100g,6.955,0.45500000000000007,7
566144,Croutons Kräuter geröstete Brotwürfel DEMETER,Sommer,Europäische Union,Demeter (Deutschland),5x100g,6.955,0.45500000000000007,7
566154,Croutons Natur geröstete Brotwürfel DEMETER,Sommer,Europäische Union,Demeter (Deutschland),5x100g,6.955,0.45500000000000007,7
75107,Filini - Faden-Suppennudeln,Byodo,Italien,EG-Bio,12x250g,12.711600000000002,0.8316000000000017,7
596480,Gerstengras Pulver,Sanatur,Deutschland,EG-Bio,90g,9.940299999999999,0.6502999999999997,7
610015,Herbsttrompeten getrocknet,Pilze Wohlrab,Serbien,EG-Bio,6x20g,19.9662,1.3062000000000005,7
686515,Indonesische Röstzwiebeln,Terrasana,Diverse,100% Biozutaten,6x75g,15.408000000000001,1.008000000000001,7
610035,Mu Err Pilze getrocknet,Pilze Wohlrab,Volksrepublik China,EG-Bio,6x30g,17.1414,1.1214000000000013,7
610010,Pfifferlinge getrocknet,Pilze Wohlrab,Serbien,EG-Bio,6x20g,20.800800000000002,1.3608000000000011,7
697201,Pomodori secchi getrocknete Tomaten - Beutel,La Selva,Italien,EG-Bio,8x100g,21.314400000000003,1.394400000000001,7
698866,Protein Chunks Hack,Govinda,Diverse,100% Biozutaten,6x125g,15.7932,1.0332000000000008,7
696468,Protein Chunks Schnetzel,Govinda,Diverse,100% Biozutaten,6x125g,15.7932,1.0332000000000008,7
681277,Röstzwiebeln,Yakso,Diverse,95%,8x100g,18.7464,1.2264000000000017,7
575256,Schwäbische Dinkel-Backerbsen,Spielberger,Europäische Union,100% Biozutaten,8x125g,15.408000000000001,1.008000000000001,7
575257,Schwäbische Weizen-Backerbsen,Spielberger,Europäische Union,100% Biozutaten,8x150g,11.984,0.7840000000000007,7
610025,Shiitake Scheiben getrocknet,Pilze Wohlrab,Serbien,EG-Bio,6x20g,17.1414,1.1214000000000013,7
610030,Spitzmorcheln getrocknet,Pilze Wohlrab,Serbien,EG-Bio,6x15g,66.1902,4.330200000000005,7
610005,Steinpilze getrocknet,Pilze Wohlrab,Serbien,EG-Bio,6x20g,20.800800000000002,1.3608000000000011,7
695859,Tomaten sonnengetrocknet,Terrasana,Italien,100% Biozutaten,8x100g,18.660800000000002,1.2208000000000006,7
610076,Wald & Wiesen Mix,Pilze Wohlrab,BIH,EG-Bio,6x30g,22.0848,1.4448000000000008,7
596481,Weizengras Pulver,Sanatur,Deutschland,EG-Bio,90g,9.940299999999999,0.6502999999999997,7
695676,Atlantik-Meersalz fein - lose,Naturata,Portugal,nicht per Bio-VO geregelt,25kg,24.738400000000002,1.6184000000000012,7
695207,Atlantik-Meersalz fein mit jodhaltigen Bio-Algen,Naturata,Portugal,100% Biozutaten,6x500g,12.0696,0.7896000000000001,7
695144,Atlantik-Meersalz fein,Naturata,Spanien,nicht per Bio-VO geregelt,12x1kg,17.5908,1.1508000000000003,7
695804,Atlantik-Meersalz fein,Naturata,Portugal,nicht per Bio-VO geregelt,6x500g,8.8596,0.579600000000001,7
695208,Atlantik-Meersalz grob für die Salzmühle,Naturata,Portugal,nicht per Bio-VO geregelt,6x500g,10.0794,0.6593999999999998,7
514975,Atlantikmeersalz fein - Vorrat,Byodo,Australien,nicht per Bio-VO geregelt,5x1kg,10.1115,0.6615000000000002,7
95015,Atlantikmeersalz fein,Danival,Frankreich,nicht per Bio-VO geregelt,12x1kg,18.2328,1.1928000000000019,7
514977,Atlantikmeersalz fein,Byodo,Australien,nicht per Bio-VO geregelt,6x500g,8.025,0.5250000000000004,7
699155,Atlantikmeersalz fein,Salomar,Portugal,nicht per Bio-VO geregelt,6x500g,6.0348,0.39480000000000004,7
95018,Atlantikmeersalz grob,Danival,Frankreich,nicht per Bio-VO geregelt,12x1kg,16.05,1.0500000000000007,7
514976,Atlantikmeersalz grob,Byodo,Australien,nicht per Bio-VO geregelt,6x500g,8.025,0.5250000000000004,7
699156,Atlantikmeersalz grob,Salomar,Portugal,nicht per Bio-VO geregelt,6x500g,5.6496,0.36960000000000015,7
95535,Ayurvedisches Zaubersalz fein - lose,Sonnentor,Pakistan,nicht per Bio-VO geregelt,kg,5.7780000000000005,0.3780000000000001,7
96021,Ayurvedisches Zaubersalz fein - Streudose,Sonnentor,Pakistan,nicht per Bio-VO geregelt,6x120g,14.7018,0.9618000000000002,7
95527,Ayurvedisches Zaubersalz fein,Sonnentor,Pakistan,nicht per Bio-VO geregelt,6x150g,10.336200000000002,0.6762000000000015,7
95525,Ayurvedisches Zaubersalz für Salzmühlen,Sonnentor,Pakistan,nicht per Bio-VO geregelt,6x150g,10.336200000000002,0.6762000000000015,7
699168,Buchenholz Rauchsalz,Sonnentor,Diverse,S#,6x150g,21.442800000000002,1.4028000000000027,7
695235,Deutsches Steinsalz fein,Naturata,Deutschland,nicht per Bio-VO geregelt,6x500g,9.6942,0.6341999999999999,7
695222,Fleur de Sel - Nachfüllbeutel,Naturata,Portugal,nicht per Bio-VO geregelt,8x150g,24.1392,1.5792000000000002,7
699106,Fleur de Sel,Salomar,Portugal,nicht per Bio-VO geregelt,12x150g,40.446,2.646000000000001,7
581079,Gomasio mit Meeresalgen,Arche,Diverse,100% Biozutaten,8x200g,19.8592,1.2992000000000026,7
98471,Gomasio Sesamsalz - Glas,Lima,Diverse,100% Biozutaten,6x225g,18.8748,1.2348,7
699371,Herbamare Kräutersalz Original - Nachfüllbeutel,A Vogel,Diverse,100% Biozutaten,6x500g,26.322000000000003,1.7220000000000013,7
699372,Herbamare Kräutersalz Original,A Vogel,Diverse,100% Biozutaten,6x1kg,54.24900000000001,3.5490000000000066,7
699370,Herbamare Kräutersalz Original,A Vogel,Diverse,100% Biozutaten,6x250g,18.104400000000002,1.1844000000000001,7
699373,Herbamare Kräutersalz Spicy mit Chili,A Vogel,Diverse,100% Biozutaten,6x250g,21.7638,1.4238,7
699374,Herbamare Kräutersalz Trocomare Grillgewürz,A Vogel,Diverse,100% Biozutaten,6x250g,20.223,1.3230000000000004,7
699880,Herbamare Kräutersalz,A Vogel,Diverse,100% Biozutaten,6x125g,12.0696,0.7896000000000001,7
699795,Herbamare Kräutersalzersatz,A Vogel,Diverse,100% Biozutaten,6x125g,18.1686,1.188600000000001,7
95809,Himalaya-Ursalz fein - Vorrat,Erntesegen,Pakistan,nicht per Bio-VO geregelt,6x1kg,23.0478,1.5077999999999996,7
95806,Himalaya-Ursalz fein,Erntesegen,Pakistan,nicht per Bio-VO geregelt,6x400g,16.4994,1.0794000000000015,7
95467,Himalaya-Ursalz grob,Erntesegen,Pakistan,nicht per Bio-VO geregelt,6x300g,15.087,0.9870000000000001,7
95607,Kräutersalz - Nachfüllbeutel,Byodo,Diverse,100% Biozutaten,6x500g,24.9738,1.6338000000000008,7
95606,Kräutersalz - Streudose,Byodo,Diverse,100% Biozutaten,6x125g,14.7018,0.9618000000000002,7
696077,Kräutersalz Korkenglas,Beltane,Diverse,100% Biozutaten,6x110g,18.8106,1.2306000000000026,7
696071,Kräutersalz Nachfüllpackung,Beltane,Diverse,Demeter (Deutschland),6x300g,25.359,1.6590000000000025,7
626594,Lichtwurzelsalz mit Kräutern & Blüten - Weckglas,Erdmann Hauser,Europäische Union,100% Biozutaten,6x125g,20.4798,1.3398000000000003,7
570424,Lichtyam® Kräutersalz DEMETER - Nachfüllpack,Andreashof,Europäische Union,Demeter (Deutschland),150g,6.997800000000001,0.45780000000000065,7
570423,Lichtyam® Kräutersalz DEMETER - Streuer,Andreashof,Europäische Union,Demeter (Deutschland),75g,5.0718000000000005,0.3318000000000003,7
570422,Lichtyam® Quellsalz DEMETER - Nachfüllpack,Andreashof,Europäische Union,Demeter (Deutschland),200g,6.355800000000001,0.41580000000000084,7
570421,Lichtyam® Quellsalz DEMETER - Streuer,Andreashof,Europäische Union,Demeter (Deutschland),100g,4.4298,0.2898000000000005,7
556311,Meister Lampes Blütensalz - Streudose,Sonnentor,Diverse,100% Biozutaten,6x90g,15.2796,0.9996000000000009,7
695949,Pyramidensalz grob,Sonnentor,Diverse,konventionell,6x65g,13.161000000000001,0.8610000000000007,7
682040,Smokey Salt,Sonnentor,Diverse,nicht per Bio-VO geregelt,6x150g,21.442800000000002,1.4028000000000027,7
695458,Ursalz - Eimer,Erntesegen,Deutschland,nicht per Bio-VO geregelt,12kg,13.7602,0.9001999999999999,7
695869,Ursalz - Eimer,Erntesegen,Deutschland,nicht per Bio-VO geregelt,12kg,13.7602,0.9001999999999999,7
95465,Ursalz - Streudose,Erntesegen,Deutschland,nicht per Bio-VO geregelt,6x400g,9.1164,0.5964000000000009,7
695457,Ursalz - Tragekarton,Erntesegen,Deutschland,nicht per Bio-VO geregelt,5kg,12.412,0.8120000000000012,7
95466,Ursalz - Vorrat,Erntesegen,Deutschland,nicht per Bio-VO geregelt,6x1kg,15.151200000000001,0.991200000000001,7
95464,Ursalz grob für die Salzmühle,Erntesegen,Deutschland,nicht per Bio-VO geregelt,6x300g,7.6398,0.49980000000000047,7
596126,Ursalz mit Kräutern,Erntesegen,Europäische Union,100% Biozutaten,6x250g,13.225200000000001,0.8652000000000015,7
699294,Wildkräutersalz,Sonnentor,Diverse,100% Biozutaten,6x80g,13.161000000000001,0.8610000000000007,7
95253,Anis ganz,Lebensbaum,Diverse,Demeter (Deutschland),6x50g,10.143600000000001,0.6636000000000006,7
95900,Anis ganz,Sonnentor,Diverse,EG-Bio,6x50g,10.336200000000002,0.6762000000000015,7
95335,Anis gemahlen,Lebensbaum,Diverse,EG-Bio,10x10g,9.523000000000001,0.6230000000000011,7
96078,Bärlauch geschnitten,Lebensbaum,BIH,EG-Bio,6x15g,8.667,0.5670000000000002,7
95902,Bärlauch geschnitten,Sonnentor,Österreich,EG-Bio,6x18g,10.721400000000001,0.7014000000000014,7
96079,Basilikum gerebelt,Lebensbaum,Ägypten,Demeter (Deutschland),6x15g,8.667,0.5670000000000002,7
95901,Basilikum geschnitten,Sonnentor,Österreich,EG-Bio,6x15g,11.2992,0.7392000000000003,7
701931,Basilikum,Bio Company,Diverse,EG-Bio,12x15g,15.2796,0.9996000000000009,7
529489,Beifuß geschnitten,Sonnentor,Diverse,EG-Bio,6x12g,9.309,0.609,7
95904,Bockshornklee gemahlen,Sonnentor,Diverse,EG-Bio,6x35g,11.106600000000002,0.7266000000000012,7
95903,Bohnenkraut gerebelt,Sonnentor,Österreich,EG-Bio,6x20g,10.721400000000001,0.7014000000000014,7
96080,Bohnenkraut gerebelt,Lebensbaum,BIH,EG-Bio,6x25g,10.5288,0.6888000000000005,7
95356,Bourbon-Vanille gemahlen,Lebensbaum,Diverse,EG-Bio,18x5g,45.261,2.9610000000000056,7
94991,Cayennepfeffer gemahlen,Lebensbaum,Diverse,EG-Bio,6x50g,12.4548,0.8148,7
529533,Chili extra scharf,Lebensbaum,Diverse,EG-Bio,6x50g,13.225200000000001,0.8652000000000015,7
697466,Chili feuerscharf gemahlen,Sonnentor,Diverse,EG-Bio,6x40g,12.7758,0.8358000000000008,7
697972,Chili Flocken,Sonnentor,Diverse,EG-Bio,6x45g,12.4548,0.8148,7
95906,Chili gemahlen,Sonnentor,Diverse,EG-Bio,6x40g,12.4548,0.8148,7
698075,Chili-Flocken,Lebensbaum,Diverse,100% Biozutaten,6x45g,11.2992,0.7392000000000003,7
95693,Chilis Bird's Eye ganz,Lebensbaum,Diverse,EG-Bio,6x20g,9.63,0.6300000000000008,7
95905,Chilischoten feuerscharf ganz,Sonnentor,Indien,EG-Bio,6x25g,12.7758,0.8358000000000008,7
95908,Dill,Sonnentor,Österreich,EG-Bio,6x15g,10.721400000000001,0.7014000000000014,7
96081,Dillspitzen geschnitten,Lebensbaum,Diverse,EG-Bio,6x15g,11.2992,0.7392000000000003,7
96082,Estragon geschnitten,Lebensbaum,Deutschland,100% Biozutaten,6x15g,10.5288,0.6888000000000005,7
95910,Estragon,Sonnentor,Österreich,EG-Bio,6x20g,11.2992,0.7392000000000003,7
96255,Fenchelsamen ganz - lose,Sonnentor,Österreich,EG-Bio,kg,13.9207,0.9107000000000003,7
94992,Fenchelsamen ganz,Lebensbaum,Österreich,EG-Bio,6x30g,7.5114,0.4914000000000005,7
95911,Fenchelsamen ganz,Sonnentor,Österreich,EG-Bio,6x40g,10.721400000000001,0.7014000000000014,7
82034,Flohsamen ganz - lose,Sonnentor,Indien,EG-Bio,kg,19.2185,3.0685000000000002,19
698665,Flohsamen ganz,Sonnentor,Diverse,EG-Bio,6x90g,15.565199999999999,2.485199999999999,19
698782,Flohsamenschalen,Sonnentor,Diverse,EG-Bio,6x50g,12.5664,2.0063999999999993,19
82037,Galgant gemahlen - lose,Sonnentor,Österreich,EG-Bio,kg,15.1084,0.9884000000000004,7
556401,Galgant gemahlen,Lebensbaum,Diverse,EG-Bio,6x40g,8.667,0.5670000000000002,7
82020,Galgant Hildegard gemahlen,Sonnentor,Österreich,EG-Bio,6x35g,11.2992,0.7392000000000003,7
699790,Grüner Bergpfeffer - Dose,Herbaria,Sri Lanka-Ceylon,EG-Bio,15g,3.8520000000000003,0.2520000000000002,7
696331,Hagebutten Pulver,Govinda,Bulgarien,EG-Bio,6x220g,36.0162,2.356200000000001,7
95914,Heidelbeeren ganz,Sonnentor,Diverse,EG-Bio,6x45g,26.322000000000003,1.7220000000000013,7
56013,Hot & Spicy Chili - Gewürzmühle,Herbaria,Diverse,100% Biozutaten,20g,4.8043000000000005,0.31430000000000025,7
698834,Ingwer gemahlen,Sonnentor,Diverse,EG-Bio,6x30g,9.6942,0.6341999999999999,7
94993,Ingwer gemahlen,Lebensbaum,Diverse,EG-Bio,6x40g,10.5288,0.6888000000000005,7
695803,Kala Namak Schwarzsalz,Govinda,Diverse,nicht per Bio-VO geregelt,6x150g,13.867200000000002,0.9072000000000013,7
697940,Kardamom ganz,Sonnentor,Diverse,EG-Bio,6x40g,28.248,1.8480000000000025,7
94994,Kardamom ganze Saat,Lebensbaum,GCA,EG-Bio,6x50g,37.7496,2.4696,7
95340,Kardamom gemahlen,Lebensbaum,GCA,EG-Bio,10x10g,14.445,0.9450000000000003,7
697941,Kardamom gemahlen,Sonnentor,Diverse,EG-Bio,6x50g,29.211000000000002,1.9110000000000014,7
698202,Kardamom Kapseln,Lebensbaum,Diverse,EG-Bio,6x30g,30.174,1.9740000000000002,7
699676,Keltisches Meersalz fein,Govinda,Frankreich,konventionell,6x500g,23.112000000000002,1.5120000000000005,7
699677,Keltisches Meersalz grob,Govinda,Frankreich,konventionell,6x500g,23.112000000000002,1.5120000000000005,7
596406,Knoblauch fein granuliert,Lebensbaum,Ägypten,EG-Bio,6x70g,15.087,0.9870000000000001,7
701937,Knoblauch granuliert,Bio Company,Diverse,EG-Bio,12x50g,19.5168,1.2768000000000015,7
95921,Knoblauchgranulat,Sonnentor,Diverse,EG-Bio,6x40g,10.721400000000001,0.7014000000000014,7
94995,Koriander ganz,Lebensbaum,Diverse,Demeter (Deutschland),6x30g,8.667,0.5670000000000002,7
95922,Koriander ganz,Sonnentor,Österreich,EG-Bio,6x35g,10.721400000000001,0.7014000000000014,7
94996,Koriander gemahlen,Lebensbaum,Diverse,Demeter (Deutschland),6x40g,9.052200000000001,0.5922000000000001,7
95923,Koriander gemahlen,Sonnentor,Österreich,EG-Bio,6x40g,10.721400000000001,0.7014000000000014,7
529532,Korianderblatt geschnitten und getrocknet,Lebensbaum,Diverse,EG-Bio,"6x12,5g",9.1164,0.5964000000000009,7
95927,Korianderkraut geschnitten,Sonnentor,Österreich,EG-Bio,6x15g,10.721400000000001,0.7014000000000014,7
699318,Kreuzkümmel - Streuglas,Herbaria,Türkei,EG-Bio,35g,1.6906,0.11060000000000003,7
94997,Kreuzkümmel Kumin ganz,Lebensbaum,Türkei,EG-Bio,6x40g,13.161000000000001,0.8610000000000007,7
95986,Kreuzkümmel Kumin ganz,Sonnentor,Türkei,EG-Bio,6x40g,15.087,0.9870000000000001,7
94998,Kreuzkümmel Kumin gemahlen,Lebensbaum,Türkei,EG-Bio,6x40g,13.161000000000001,0.8610000000000007,7
95985,Kreuzkümmel Kumin gemahlen,Sonnentor,Türkei,EG-Bio,6x40g,15.087,0.9870000000000001,7
699875,Kreuzkümmel,Herbaria,Diverse,EG-Bio,50g,6.2916,0.41159999999999997,7
96310,Kümmel ganz - lose,Sonnentor,Österreich,EG-Bio,kg,12.6046,0.8246000000000002,7
94999,Kümmel ganz,Lebensbaum,Ägypten,EG-Bio,6x50g,9.4374,0.6174,7
95925,Kümmel ganz,Sonnentor,Diverse,EG-Bio,6x60g,10.721400000000001,0.7014000000000014,7
96011,Kümmel gemahlen,Lebensbaum,Ägypten,EG-Bio,6x40g,7.5114,0.4914000000000005,7
95926,Kümmel gemahlen,Sonnentor,Österreich,Demeter (Deutschland),6x60g,10.721400000000001,0.7014000000000014,7
95314,Kurkuma Gelbwurz gemahlen - lose,Lebensbaum,Diverse,EG-Bio,kg,15.054900000000002,0.9849000000000014,7
95924,Kurkuma Gelbwurz gemahlen,Sonnentor,Diverse,EG-Bio,6x40g,10.721400000000001,0.7014000000000014,7
96012,Kurkuma Gelbwurz gemahlen,Lebensbaum,Diverse,EG-Bio,6x50g,10.143600000000001,0.6636000000000006,7
699081,Kurkuma gemahlen - GastroDose,Sonnentor,Diverse,EG-Bio,500g,11.021,0.7210000000000001,7
701245,Kurkuma gemahlen,Bio Company,Diverse,EG-Bio,12x50g,16.5636,1.0836000000000006,7
556201,Kurkuma gemahlen,Herbaria,Indien,EG-Bio,25g,3.531,0.23100000000000032,7
696105,Kurkuma gemahlen,Unverpackt für Alle,Diverse,EG-Bio,6x120g,18.939,1.2390000000000008,7
699870,Kurkuma,Herbaria,Diverse,EG-Bio,60g,5.4891000000000005,0.35910000000000064,7
95928,Liebstöckel geschnitten,Sonnentor,Österreich,EG-Bio,6x15g,10.721400000000001,0.7014000000000014,7
96083,Liebstöckel geschnittten,Lebensbaum,Deutschland,Demeter (Deutschland),6x15g,9.4374,0.6174,7
96084,Lorbeerblätter ganz,Lebensbaum,Türkei,EG-Bio,6x5g,9.4374,0.6174,7
95929,Lorbeerblätter,Sonnentor,Österreich,EG-Bio,6x10g,11.106600000000002,0.7266000000000012,7
96085,Majoran gerebelt,Lebensbaum,Ägypten,Demeter (Deutschland),"6x12,5g",8.667,0.5670000000000002,7
697942,Majoran geschnitten,Sonnentor,Diverse,EG-Bio,6x10g,9.6942,0.6341999999999999,7
96013,Muskatblüte Macis gemahlen,Lebensbaum,Sri Lanka-Ceylon,EG-Bio,6x30g,18.8748,1.2348,7
96014,Muskatnuss ganz,Lebensbaum,Sri Lanka-Ceylon,EG-Bio,6x3Stück,15.857400000000002,1.0374000000000017,7
95386,Muskatnuss gemahlen,Sonnentor,Diverse,EG-Bio,6x30g,16.7562,1.0961999999999996,7
96043,Muskatnuss gemahlen,Lebensbaum,Sri Lanka-Ceylon,EG-Bio,6x40g,16.2426,1.0625999999999998,7
95385,Muskatnüsse ganz,Sonnentor,Diverse,EG-Bio,6x25g,16.7562,1.0961999999999996,7
96044,Nelken ganz,Lebensbaum,Sri Lanka-Ceylon,EG-Bio,6x30g,10.914,0.7140000000000004,7
95934,Nelken ganz,Sonnentor,Indonesien,EG-Bio,6x35g,12.7758,0.8358000000000008,7
95332,Nelken gemahlen,Lebensbaum,Sri Lanka-Ceylon,EG-Bio,10x10g,9.416000000000002,0.6160000000000014,7
95935,Nelken gemahlen,Sonnentor,Indonesien,EG-Bio,6x35g,12.7758,0.8358000000000008,7
701933,Oregano gerebelt,Bio Company,Griechenland,EG-Bio,12x15g,16.820400000000003,1.1004000000000023,7
56032,Oregano gerebelt,Herbaria,Deutschland,Bioland,20g,3.9590000000000005,0.25900000000000034,7
96086,Oregano gerebelt,Lebensbaum,Türkei,EG-Bio,6x15g,7.5114,0.4914000000000005,7
594920,Oregano gerebelt,Sonnentor,Österreich,EG-Bio,6x18g,10.721400000000001,0.7014000000000014,7
696103,Oregano geschnitten,Unverpackt für Alle,Griechenland,EG-Bio,6x35g,16.6278,1.0878000000000014,7
699871,Oregano,Herbaria,Deutschland,Bioland,15g,4.7187,0.3087,7
95308,Paprika edelsüß - lose,Lebensbaum,Ungarn,EG-Bio,kg,39.483000000000004,2.5830000000000055,7
697943,Paprika edelsüß gemahlen,Sonnentor,Diverse,EG-Bio,6x50g,12.4548,0.8148,7
701247,Paprika edelsüß,Bio Company,Diverse,EG-Bio,12x50g,20.672400000000003,1.352400000000003,7
699872,Paprika edelsüß,Herbaria,Diverse,EG-Bio,65g,7.8752,0.5152000000000001,7
96009,Paprika edelsüß,Lebensbaum,Diverse,EG-Bio,6x50g,14.316600000000001,0.9366000000000003,7
699020,Paprika geräuchert gemahlen,Lebensbaum,Diverse,EG-Bio,6x50g,11.2992,0.7392000000000003,7
699160,Paprika geräuchert,Sonnentor,Diverse,EG-Bio,6x50g,13.161000000000001,0.8610000000000007,7
96046,Paprika scharf gemahlen,Lebensbaum,Spanien,EG-Bio,6x50g,14.316600000000001,0.9366000000000003,7
697944,Paprika scharf,Sonnentor,Diverse,EG-Bio,6x50g,12.4548,0.8148,7
696101,Paprikapulver edelsüß,Unverpackt für Alle,Spanien,EG-Bio,6x150g,33.063,2.163000000000004,7
696110,Paprikapulver geräuchert,Unverpackt für Alle,Spanien,EG-Bio,6x140g,35.631,2.331000000000003,7
96087,Petersilie gerebelt,Lebensbaum,Deutschland,EG-Bio,6x15g,9.4374,0.6174,7
95941,Petersilie geschnitten,Sonnentor,Österreich,EG-Bio,6x15g,10.721400000000001,0.7014000000000014,7
695956,Pfeffer grün ganz,Sonnentor,Diverse,100% Biozutaten,6x20g,12.4548,0.8148,7
96047,Pfeffer grün ganz,Lebensbaum,Indien,EG-Bio,6x35g,13.225200000000001,0.8652000000000015,7
95981,Pfeffer rosa ganz,Sonnentor,Diverse,EG-Bio,6x20g,12.7758,0.8358000000000008,7
96048,Pfeffer rosa ganz,Lebensbaum,Diverse,EG-Bio,6x25g,13.225200000000001,0.8652000000000015,7
98036,Pfeffer schwarz - Gewürzmühle,Lebensbaum,Sri Lanka-Ceylon,EG-Bio,6x45g,21.507,1.407,7
95325,Pfeffer schwarz ganz - lose,Lebensbaum,Sri Lanka-Ceylon,EG-Bio,kg,28.783,1.8830000000000027,7
701249,Pfeffer schwarz ganz,Bio Company,Diverse,EG-Bio,12x50g,21.186000000000003,1.3860000000000028,7
696100,Pfeffer Schwarz ganz,Unverpackt für Alle,Diverse,EG-Bio,6x135g,27.285,1.7850000000000001,7
96010,Pfeffer schwarz ganz,Lebensbaum,Sri Lanka-Ceylon,Demeter (Deutschland),6x50g,13.161000000000001,0.8610000000000007,7
697947,Pfeffer schwarz ganz,Sonnentor,Diverse,EG-Bio,6x55g,13.995600000000001,0.9156000000000013,7
701243,Pfeffer schwarz gemahlen,Bio Company,Diverse,EG-Bio,12x50g,21.186000000000003,1.3860000000000028,7
96049,Pfeffer schwarz gemahlen,Lebensbaum,Sri Lanka-Ceylon,EG-Bio,6x50g,13.161000000000001,0.8610000000000007,7
697946,Pfeffer schwarz gemahlen,Sonnentor,Diverse,EG-Bio,6x50g,13.995600000000001,0.9156000000000013,7
95944,Pfeffer weiß ganz,Sonnentor,Indien,EG-Bio,6x35g,12.4548,0.8148,7
96056,Pfeffer weiß ganz,Lebensbaum,Sri Lanka-Ceylon,EG-Bio,6x50g,15.087,0.9870000000000001,7
96059,Pfeffer weiß gemahlen,Lebensbaum,Sri Lanka-Ceylon,EG-Bio,6x50g,15.087,0.9870000000000001,7
698041,Piment d`Espelette Original franz. Chili,Lebensbaum,Frankreich,EG-Bio,4x50g,38.9908,2.5508000000000024,7
96064,Piment ganz,Lebensbaum,GCA,EG-Bio,6x30g,10.5288,0.6888000000000005,7
95946,Piment ganz,Sonnentor,Diverse,EG-Bio,6x35g,12.1338,0.793800000000001,7
95947,Piment gemahlen,Sonnentor,Indien,EG-Bio,6x35g,12.1338,0.793800000000001,7
96065,Piment gemahlen,Lebensbaum,GCA,EG-Bio,6x40g,11.2992,0.7392000000000003,7
699798,Pumpkin Spice Gewürzmischung,Lebensbaum,Diverse,EG-Bio,10x9g,11.235000000000001,0.7350000000000012,7
82025,Quendel Hildegard gemahlen,Sonnentor,Österreich,EG-Bio,6x30g,11.2992,0.7392000000000003,7
95949,Rosmarin geschnitten,Sonnentor,Österreich,EG-Bio,6x25g,10.721400000000001,0.7014000000000014,7
96088,Rosmarin geschnitten,Lebensbaum,Diverse,EG-Bio,6x30g,10.143600000000001,0.6636000000000006,7
556176,Rote Zwiebeln Stückchen getrocknet,Herbaria,Österreich,Bioland,50g,3.9590000000000005,0.25900000000000034,7
698054,Safranfäden,Lebensbaum,Iran,EG-Bio,"6x0,5g",32.870400000000004,2.1504000000000048,7
95953,Safranfäden,Sonnentor,Indien,EG-Bio,"6x0,5g",27.285,1.7850000000000001,7
96089,Salbei geschnitten,Lebensbaum,Türkei,EG-Bio,"6x12,5g",9.4374,0.6174,7
35618,Salbei,Sonnentor,Diverse,EG-Bio,6x50g,16.948800000000002,1.1088000000000022,7
82026,Schabzigerklee gemahlen,Sonnentor,Österreich,EG-Bio,6x40g,12.4548,0.8148,7
596192,Schabzigerklee geschnitten,Lebensbaum,Diverse,EG-Bio,6x20g,9.4374,0.6174,7
699302,Schwarzkümmel aus Brandenburg - Streuglas,Herbaria,Deutschland,Bioland,40g,1.6906,0.11060000000000003,7
96066,Schwarzkümmel ganz,Lebensbaum,Ägypten,Demeter (Deutschland),6x50g,10.143600000000001,0.6636000000000006,7
698657,Schwarzkümmel ganz,Sonnentor,Diverse,EG-Bio,6x50g,12.4548,0.8148,7
594954,Senfkörner gelb,Sonnentor,Österreich,EG-Bio,6x120g,10.721400000000001,0.7014000000000014,7
596407,Senfkörner gelb,Lebensbaum,Deutschland,EG-Bio,6x80g,7.5114,0.4914000000000005,7
95907,Senfkörner schwarz,Sonnentor,Diverse,EG-Bio,6x80g,13.995600000000001,0.9156000000000013,7
698659,Smokey Paprika,Sonnentor,Diverse,EG-Bio,6x50g,13.161000000000001,0.8610000000000007,7
95956,Steinpilze getrocknet geschnitten,Sonnentor,Österreich,EG-Bio,6x25g,22.5984,1.4784000000000006,7
96067,Sternanis ganz,Lebensbaum,Vietnam,EG-Bio,6x10Stück,11.4276,0.7476000000000003,7
95957,Sternanis ganz,Sonnentor,Diverse,EG-Bio,6x25g,13.161000000000001,0.8610000000000007,7
56035,Thymian gerebelt,Herbaria,Deutschland,EG-Bio,20g,3.9590000000000005,0.25900000000000034,7
96093,Thymian gerebelt,Lebensbaum,Diverse,EG-Bio,6x20g,8.667,0.5670000000000002,7
699873,Thymian,Herbaria,Deutschland,Bioland,20g,5.103899999999999,0.33389999999999986,7
697948,Thymian,Sonnentor,Diverse,EG-Bio,6x20g,9.6942,0.6341999999999999,7
699055,Tonkabohnen gemahlen,Sonnentor,Diverse,EG-Bio,6x35g,41.8584,2.7384000000000057,7
699887,Trio Noir Pfeffer schwarz ganz,Herbaria,Diverse,EG-Bio,65g,7.0834,0.46340000000000003,7
697962,Vanilleschote ganz,Sonnentor,Diverse,EG-Bio,6x1ST,19.8378,1.2978000000000023,7
96068,Wacholderbeeren ganz,Lebensbaum,BIH,EG-Bio,6x30g,7.5114,0.4914000000000005,7
95963,Wacholderbeeren ganz,Sonnentor,Österreich,EG-Bio,6x35g,11.2992,0.7392000000000003,7
82031,Ysop Hildegard gemahlen,Sonnentor,Österreich,EG-Bio,6x25g,11.2992,0.7392000000000003,7
95965,Zimt Cassia gemahlen,Sonnentor,Indien,EG-Bio,6x40g,10.721400000000001,0.7014000000000014,7
95966,Zimt Ceylon - Stangen,Sonnentor,Sri Lanka-Ceylon,EG-Bio,6x6Stück,12.4548,0.8148,7
582104,Zimt Ceylon gemahlen - GastroDose,Sonnentor,Sri Lanka-Ceylon,EG-Bio,450g,10.486,0.6859999999999999,7
96026,Zimt Ceylon gemahlen - Streudose,Sonnentor,Sri Lanka-Ceylon,EG-Bio,6x40g,17.1414,1.1214000000000013,7
701935,Zimt Ceylon gemahlen,Bio Company,RM,EG-Bio,12x40g,17.976000000000003,1.176000000000002,7
95967,Zimt Ceylon gemahlen,Sonnentor,Sri Lanka-Ceylon,EG-Bio,6x40g,10.721400000000001,0.7014000000000014,7
96004,Zimt Ceylon gemahlen,Lebensbaum,Sri Lanka-Ceylon,EG-Bio,6x50g,11.2992,0.7392000000000003,7
699876,Zimt gemahlen,Herbaria,Diverse,EG-Bio,60g,5.4891000000000005,0.35910000000000064,7
696102,Zimt gemahlen,Unverpackt für Alle,Diverse,EG-Bio,6x120g,25.359,1.6590000000000025,7
96069,Zimt gemahlen,Lebensbaum,Diverse,EG-Bio,6x50g,10.143600000000001,0.6636000000000006,7
635456,"Zimtstangen Ceylon, ganz",Lebensbaum,Sri Lanka-Ceylon,EG-Bio,400g,22.042,1.4420000000000002,7
96077,Zimtstangen Ceylon,Lebensbaum,Sri Lanka-Ceylon,EG-Bio,6x6Stück,13.161000000000001,0.8610000000000007,7
698789,Zitronenpfeffer,Sonnentor,Diverse,100% Biozutaten,6x70g,22.791,1.4909999999999997,7
699054,Zwiebeln getrocknet,Sonnentor,Diverse,EG-Bio,6x75g,12.0696,0.7896000000000001,7
635293,Zwiebeln rot & weiß geschnitten und getrocknet,Lebensbaum,Diverse,EG-Bio,6x55g,12.0696,0.7896000000000001,7
698086,5 Gewürze - China-Küche,Lebensbaum,Diverse,100% Biozutaten,6x40g,12.0696,0.7896000000000001,7
698990,Adios Salz! Gemüsemischung Gartengemüse,Sonnentor,Diverse,100% Biozutaten,6x55g,16.371000000000002,1.0710000000000015,7
682058,Adios Salz! Mediterrane Gemüsemischung,Sonnentor,Diverse,100% Biozutaten,6x50g,16.371000000000002,1.0710000000000015,7
682046,Adios Salz! Scharfe Gemüsemischung,Sonnentor,Diverse,100% Biozutaten,6x50g,16.371000000000002,1.0710000000000015,7
698081,Aglio e Olio,Lebensbaum,Diverse,100% Biozutaten,6x40g,12.0696,0.7896000000000001,7
94970,Aladins Kaffeegewürz - Streudose,Sonnentor,Diverse,100% Biozutaten,6x35g,21.186000000000003,1.3860000000000028,7
698656,Aladins Kaffeegewürz,Sonnentor,Diverse,100% Biozutaten,6x35g,17.1414,1.1214000000000013,7
685420,All’ Arrabbiata - Streuglas,Herbaria,Diverse,100% Biozutaten,40g,3.3812,0.22120000000000006,7
95819,Alles Liebe Blütengewürzmischung - Streudose,Sonnentor,Diverse,100% Biozutaten,6x30g,24.9096,1.6296,7
95855,Alles Liebe Blütengewürzmischung,Sonnentor,Diverse,100% Biozutaten,6x40g,21.507,1.407,7
596134,Alles Liebe Blütenzaubersalz - Streudose,Sonnentor,Diverse,100% Biozutaten,6x90g,15.2796,0.9996000000000009,7
699730,Asian BBQ Gewürz,Sonnentor,Diverse,100% Biozutaten,6x80g,16.306800000000003,1.0668000000000024,7
699731,Asian Sprinkle Gewürz,Sonnentor,Diverse,100% Biozutaten,6x50g,20.865000000000002,1.365000000000002,7
699460,Aufs Brot - Streudose,Lebensbaum,Diverse,100% Biozutaten,6x80g,15.087,0.9870000000000001,7
699461,Avocado - Streudose,Lebensbaum,Diverse,100% Biozutaten,6x100g,15.087,0.9870000000000001,7
698077,Baharat Arabische Küche,Lebensbaum,Diverse,100% Biozutaten,6x40g,12.0696,0.7896000000000001,7
95995,Basenkräuter Gewürzmischung,Sonnentor,Diverse,100% Biozutaten,6x35g,15.600600000000002,1.0206000000000017,7
698602,Bauern Brotzeitsalz - Mini-Mühle,Herbaria,Diverse,100% Biozutaten,19g,2.6964,0.1764000000000001,7
699340,Bitterpulver Natürlich BITTER,Sonnentor,Diverse,100% Biozutaten,6x60g,16.7562,1.0961999999999996,7
699874,Black Magic Curry,Herbaria,Diverse,100% Biozutaten,65g,5.671,0.37100000000000044,7
95524,Blüten-Zaubersalz mediterran - Nachfüllbeutel,Sonnentor,Diverse,100% Biozutaten,6x120g,13.161000000000001,0.8610000000000007,7
96032,Blütengewürzm. Laune gut alles gut - Gastrodose,Sonnentor,Diverse,100% Biozutaten,250g,18.1365,1.1865000000000023,7
95821,Blütengewürzmischung Flower Power,Sonnentor,Diverse,100% Biozutaten,6x35g,18.8748,1.2348,7
95833,Blütengewürzmischung Glück - Streudose,Sonnentor,Diverse,100% Biozutaten,6x28g,21.7638,1.4238,7
95856,Blütengewürzmischung Glück,Sonnentor,Diverse,100% Biozutaten,6x35g,18.8748,1.2348,7
95822,"Blütengewürzmischung Laune gut, alles gut",Sonnentor,Diverse,100% Biozutaten,6x25g,18.8748,1.2348,7
96030,Blütengewürzmischung Scharfmacher - Streudose,Sonnentor,Diverse,100% Biozutaten,6x30g,22.3416,1.4616000000000007,7
95820,Blütengewürzmischung Scharfmacher,Sonnentor,Diverse,100% Biozutaten,6x30g,18.8748,1.2348,7
95852,Blütengewürzmischung Schutzengel - Streudose,Sonnentor,Diverse,100% Biozutaten,6x35g,22.3416,1.4616000000000007,7
95864,Blütengewürzmischung Schutzengel,Sonnentor,Diverse,100% Biozutaten,6x40g,18.8748,1.2348,7
95818,Blütengewürzmischung Sonnenkuss,Sonnentor,Diverse,100% Biozutaten,6x40g,18.8748,1.2348,7
699161,Bolognese Gewürz,Sonnentor,Diverse,100% Biozutaten,6x40g,16.371000000000002,1.0710000000000015,7
635256,Brathähnchengewürz - Streudose,Lebensbaum,Diverse,100% Biozutaten,6x110g,18.104400000000002,1.1844000000000001,7
698666,Brotgewürz grob gemahlen,Sonnentor,Diverse,100% Biozutaten,6x45g,12.0696,0.7896000000000001,7
94990,Brotgewürzmischung gemahlen,Lebensbaum,Diverse,100% Biozutaten,6x50g,10.143600000000001,0.6636000000000006,7
699162,Burger Gewürz,Sonnentor,Diverse,100% Biozutaten,6x60g,16.371000000000002,1.0710000000000015,7
533403,Caesar Salad - Salatgewürz,Herbaria,Diverse,100% Biozutaten,120g,5.6603,0.3703000000000003,7
635294,Café de Paris Gewürzmischung für Kräuterbutter,Lebensbaum,Diverse,100% Biozutaten,6x50g,13.9314,0.9114000000000004,7
95969,Chai Küsschen Gewürzzubereitung - Streudose,Sonnentor,Diverse,100% Biozutaten,6x70g,16.435200000000002,1.0752000000000024,7
95938,Chai Küsschen Gewürzzubereitung,Sonnentor,Diverse,100% Biozutaten,6x70g,13.161000000000001,0.8610000000000007,7
685251,Chakalaka Gewürzmischung,Sonnentor,Diverse,100% Biozutaten,6x65g,16.371000000000002,1.0710000000000015,7
556260,Chili con Carlos,Herbaria,Diverse,100% Biozutaten,110g,6.8266,0.4466000000000001,7
699309,Coffee BBQ - Streuglas,Herbaria,Diverse,100% Biozutaten,37g,3.3812,0.22120000000000006,7
698053,Cumin Koriander Muskat Gewürzmischung,Lebensbaum,Diverse,100% Biozutaten,6x45g,13.9314,0.9114000000000004,7
56092,Curry - Black Magic,Herbaria,Diverse,100% Biozutaten,80g,6.088300000000001,0.39830000000000076,7
56088,Curry - Good old mild,Herbaria,Diverse,100% Biozutaten,80g,5.7673,0.37729999999999997,7
699230,Curry golden,Lebensbaum,Diverse,100% Biozutaten,6x50g,13.161000000000001,0.8610000000000007,7
96109,Curry indischer Art,Lebensbaum,Diverse,100% Biozutaten,6x50g,13.161000000000001,0.8610000000000007,7
596409,Curry klassisch,Lebensbaum,Diverse,100% Biozutaten,6x50g,13.161000000000001,0.8610000000000007,7
701241,Curry mild,Bio Company,Diverse,100% Biozutaten,12x40g,17.7192,1.159200000000002,7
596408,Curry mild,Lebensbaum,Diverse,100% Biozutaten,6x50g,13.161000000000001,0.8610000000000007,7
699231,Curry rot,Lebensbaum,Diverse,100% Biozutaten,6x50g,13.161000000000001,0.8610000000000007,7
697938,Curry scharf,Sonnentor,Diverse,EG-Bio,6x50g,13.995600000000001,0.9156000000000013,7
697939,Curry süß,Sonnentor,Diverse,100% Biozutaten,6x50g,13.995600000000001,0.9156000000000013,7
698568,Das Beste für Reste,Sonnentor,Diverse,100% Biozutaten,6x50g,16.371000000000002,1.0710000000000015,7
699750,DISPLAY - Grillen 2026,Lebensbaum,Diverse,100% Biozutaten,Display,224.95680000000002,14.716800000000006,7
56006,Duft der Macchia - Korsische Kräuter,Herbaria,Diverse,100% Biozutaten,80g,4.900600000000001,0.32060000000000066,7
698533,Durch die Blume Blütenmischung,Sonnentor,Diverse,100% Biozutaten,6x7g,26.899800000000003,1.759800000000002,7
699732,Easy Goreng Gewürz,Sonnentor,Diverse,100% Biozutaten,6x70g,16.306800000000003,1.0668000000000024,7
699305,Edle Erna - Streuglas,Herbaria,Diverse,100% Biozutaten,45g,3.3812,0.22120000000000006,7
698177,Eierspeisgewürz Rührei - Streudose,Sonnentor,Diverse,100% Biozutaten,6x45g,16.435200000000002,1.0752000000000024,7
698176,Eierspeisgewürz Rührei,Sonnentor,Diverse,100% Biozutaten,6x70g,15.600600000000002,1.0206000000000017,7
699165,Einlege Gewürz,Sonnentor,Diverse,100% Biozutaten,6x65g,15.600600000000002,1.0206000000000017,7
699300,Eivocado - Streuglas,Herbaria,Diverse,100% Biozutaten,40g,3.3812,0.22120000000000006,7
56010,Farben von Jaipur - Indischer Curry,Herbaria,Diverse,100% Biozutaten,80g,6.3344000000000005,0.41440000000000055,7
556274,"Fisch Ahoi - für Fisch, Nudeln & Bratlinge",Herbaria,Diverse,100% Biozutaten,85g,5.6603,0.3703000000000003,7
699888,Fisch Ahoi Fischgewürz,Herbaria,Diverse,100% Biozutaten,70g,6.666100000000001,0.4361000000000006,7
94981,Fischgewürz,Lebensbaum,Diverse,100% Biozutaten,6x60g,12.0696,0.7896000000000001,7
697454,Fish & Chicks Grillgewürzmischung,Sonnentor,Diverse,100% Biozutaten,6x55g,16.7562,1.0961999999999996,7
94961,Frankies Barbecuegewürz,Sonnentor,Diverse,100% Biozutaten,6x35g,15.600600000000002,1.0206000000000017,7
699424,Fruchtige Vielfalt,Lebensbaum,Diverse,100% Biozutaten,6x80g,15.087,0.9870000000000001,7
695042,Furikake Streuwürze,Terrasana,Diverse,96%,6x100g,22.791,1.4909999999999997,7
698083,Garam Masala - Indische Küche,Lebensbaum,Diverse,100% Biozutaten,6x40g,12.0696,0.7896000000000001,7
686523,Garam Masala Gewürzmischung,Sonnentor,Diverse,100% Biozutaten,6x55g,16.7562,1.0961999999999996,7
94982,Gartenkräuter geschnitten,Lebensbaum,Diverse,100% Biozutaten,6x30g,12.0696,0.7896000000000001,7
685423,Gaumenschmaus - Streuglas,Herbaria,Diverse,100% Biozutaten,55g,3.3812,0.22120000000000006,7
56000,Gaumenschmaus Bratkartoffelgewürz,Herbaria,Diverse,100% Biozutaten,100g,5.6603,0.3703000000000003,7
556409,Gemüse Kartoffel Gewürzsalz - Streudose,Lebensbaum,Diverse,Demeter (Deutschland),6x150g,15.087,0.9870000000000001,7
556403,Gemüsegewürz,Lebensbaum,Diverse,100% Biozutaten,6x60g,12.0696,0.7896000000000001,7
698569,Gemüsetopping Gewürzzubereitung,Sonnentor,Diverse,100% Biozutaten,6x45g,16.371000000000002,1.0710000000000015,7
685424,Gerdas Garten - Streuglas,Herbaria,Diverse,100% Biozutaten,25g,3.3812,0.22120000000000006,7
699456,Gewürz Adventskalender,Sonnentor,Diverse,100% Biozutaten,118g,12.4655,0.8155000000000001,7
699799,Gewürzadventskalender 2026,Lebensbaum,Diverse,100% Biozutaten,6x97g,84.74400000000001,5.544000000000011,7
669440,Gewürzadventskalender,Lebensbaum,Diverse,100% Biozutaten,93g,14.124,0.9240000000000013,7
698631,Gewürzblüten Probier mal!,Sonnentor,Diverse,100% Biozutaten,8x50g,30.388,1.988000000000003,7
699301,Gomasio - Streuglas,Herbaria,Diverse,100% Biozutaten,40g,3.3812,0.22120000000000006,7
699232,Griechische Küche,Lebensbaum,Diverse,100% Biozutaten,6x45g,12.0696,0.7896000000000001,7
685252,Griechisches Salatgewürz,Sonnentor,Diverse,100% Biozutaten,6x35g,15.600600000000002,1.0206000000000017,7
96097,Grill- und Pfannengewürz,Lebensbaum,Diverse,100% Biozutaten,6x50g,12.0696,0.7896000000000001,7
699293,Grillgewürze Sixpack,Sonnentor,Diverse,100% Biozutaten,310g,15.3545,1.0045000000000002,7
699422,Grillmeister,Lebensbaum,Diverse,100% Biozutaten,6x100g,20.7366,1.3566000000000003,7
56017,Große Karawane Hackfleisch- & Falafelgewürz,Herbaria,Diverse,100% Biozutaten,90g,6.088300000000001,0.39830000000000076,7
685415,Harissa - Dose,Herbaria,Diverse,100% Biozutaten,30g,3.9590000000000005,0.25900000000000034,7
685253,Harissa Gewürzmischung,Sonnentor,Diverse,100% Biozutaten,6x70g,16.7562,1.0961999999999996,7
699233,Harissa,Lebensbaum,Diverse,100% Biozutaten,6x50g,12.0696,0.7896000000000001,7
56045,Heureka - Gyrosgewürz,Herbaria,Diverse,100% Biozutaten,80g,6.088300000000001,0.39830000000000076,7
56001,Himmel auf Erden Bratengewürz,Herbaria,Diverse,100% Biozutaten,100g,4.900600000000001,0.32060000000000066,7
697453,Holy Veggie Grillgewürzmischung,Sonnentor,Diverse,100% Biozutaten,6x30g,16.7562,1.0961999999999996,7
94983,Italienische Küche,Lebensbaum,Diverse,100% Biozutaten,6x35g,12.0696,0.7896000000000001,7
696104,Kala Namak,Unverpackt für Alle,Pakistan,nicht per Bio-VO geregelt,6x300g,15.408000000000001,1.008000000000001,7
685422,Kebap Queen - Streuglas,Herbaria,Diverse,100% Biozutaten,40g,3.3812,0.22120000000000006,7
699166,Kimchi Gewürz,Sonnentor,Diverse,100% Biozutaten,6x80g,17.783400000000004,1.1634000000000029,7
699167,Kompott Gewürz,Sonnentor,Diverse,100% Biozutaten,6x55g,15.600600000000002,1.0206000000000017,7
698667,Kräuter à la Provence,Sonnentor,Diverse,100% Biozutaten,6x20g,11.2992,0.7392000000000003,7
698664,Kräuter all'Italiana,Sonnentor,Diverse,100% Biozutaten,6x20g,11.2992,0.7392000000000003,7
94984,Kräuter der Provence geschnitten,Lebensbaum,Diverse,100% Biozutaten,6x30g,11.2992,0.7392000000000003,7
635379,Kräuter-Blüten - Dose,Lebensbaum,Diverse,100% Biozutaten,6x25g,15.2796,0.9996000000000009,7
556410,Kräutersalz - Streudose,Lebensbaum,Diverse,100% Biozutaten,6x200g,13.161000000000001,0.8610000000000007,7
698787,Kürbisgewürz,Lebensbaum,Diverse,100% Biozutaten,6x50g,12.0696,0.7896000000000001,7
56005,Kürbiskönig - Suppen- & Eintopfgewürz,Herbaria,Diverse,100% Biozutaten,90g,6.088300000000001,0.39830000000000076,7
635561,Kurkuma Latte Ingwer - Dose,Sonnentor,Diverse,100% Biozutaten,5x60g,21.935000000000002,1.4350000000000023,7
635560,Kurkuma Latte Ingwer,Sonnentor,Diverse,100% Biozutaten,6x60g,21.6354,1.4154000000000018,7
635563,Kurkuma Latte Vanille - Dose,Sonnentor,Diverse,100% Biozutaten,5x60g,21.935000000000002,1.4350000000000023,7
635562,Kurkuma Latte Vanille,Sonnentor,Diverse,100% Biozutaten,6x60g,21.6354,1.4154000000000018,7
699306,LangZu BBQ - Streuglas,Herbaria,Diverse,100% Biozutaten,45g,3.3812,0.22120000000000006,7
94963,Lászlós Gulaschgewürz,Sonnentor,Diverse,100% Biozutaten,6x50g,16.371000000000002,1.0710000000000015,7
96029,"Laune gut, alles gut - Blütengewürzm. - Streudose",Sonnentor,Diverse,100% Biozutaten,6x25g,22.3416,1.4616000000000007,7
95988,Lebkuchengewürz gemahlen,Sonnentor,Diverse,100% Biozutaten,6x40g,12.4548,0.8148,7
530035,Lebkuchengewürz,Lecker's,Diverse,100% Biozutaten,10x16g,7.383000000000001,0.48300000000000054,7
96111,Lebkuchengewürz,Lebensbaum,Diverse,100% Biozutaten,6x50g,12.4548,0.8148,7
56054,Ludwigs Leibspeis - Schweinsbratengewürz,Herbaria,Diverse,100% Biozutaten,95g,5.7673,0.37729999999999997,7
696106,Madras Curry,Unverpackt für Alle,Diverse,EG-Bio,6x150g,40.446,2.646000000000001,7
556273,Maestro di BBQ - Mediterranes Grillgewürz,Herbaria,Diverse,100% Biozutaten,70g,6.088300000000001,0.39830000000000076,7
699420,Magic Dust Rub,Lebensbaum,Diverse,100% Biozutaten,6x100g,20.7366,1.3566000000000003,7
556275,Mapuche-Feuer - Grill- & Schmortopfgewürz,Herbaria,Diverse,100% Biozutaten,95g,6.8266,0.4466000000000001,7
56016,Marrakesch Tajine - Marokkanisches Gewürz,Herbaria,Diverse,100% Biozutaten,100g,5.7673,0.37729999999999997,7
698604,Mediteranes Brotzeitsalz - Mini-Mühle,Herbaria,Diverse,100% Biozutaten,15g,2.6964,0.1764000000000001,7
699931,Mediterranes Brotgewürz,Lebensbaum,Diverse,100% Biozutaten,6x60g,10.143600000000001,0.6636000000000006,7
56007,Neptuns Traum - Fischgewürz,Herbaria,Diverse,100% Biozutaten,100g,4.900600000000001,0.32060000000000066,7
56040,Obazd is! - Käseaufstrichgewürz,Herbaria,Diverse,100% Biozutaten,90g,6.088300000000001,0.39830000000000076,7
699885,Obazd is! Käseaufstrichgewürz,Herbaria,Diverse,100% Biozutaten,80g,6.666100000000001,0.4361000000000006,7
698530,Omas Kuchen- und Keksgewürz,Sonnentor,Diverse,100% Biozutaten,6x50g,16.371000000000002,1.0710000000000015,7
699681,Oster Eierei Gewürzmischung,Sonnentor,Diverse,100% Biozutaten,6x35g,16.435200000000002,1.0752000000000024,7
699421,Pepper Rub,Lebensbaum,Diverse,100% Biozutaten,6x105g,20.7366,1.3566000000000003,7
56046,Petit Chef - Ratatouillegewürz,Herbaria,Diverse,100% Biozutaten,75g,6.088300000000001,0.39830000000000076,7
598071,Pfeffer bunt - Gewürzmühle,Lebensbaum,Diverse,100% Biozutaten,6x45g,21.507,1.407,7
96095,Pfeffer bunt ganz,Lebensbaum,Diverse,EG-Bio,6x50g,13.225200000000001,0.8652000000000015,7
697945,Pfeffer bunt ganz,Sonnentor,Diverse,EG-Bio,6x50g,13.5462,0.8862000000000005,7
98336,Pfiffikuss Würze & Gemüsebrühe - Nachfüllpack,Pfiffikus,Diverse,100% Biozutaten,6x450g,58.422000000000004,3.8220000000000027,7
98335,Pfiffikuss Würze & Gemüsebrühe - Streudose,Pfiffikus,Diverse,100% Biozutaten,6x250g,42.3078,2.767800000000001,7
56067,Pizza e Pasta - Italienische Mischung,Herbaria,Diverse,100% Biozutaten,100g,6.8266,0.4466000000000001,7
685421,Pizza e Pasta - Streuglas,Herbaria,Diverse,100% Biozutaten,50g,3.3812,0.22120000000000006,7
56009,Pizza e Pasta Italienische Mischung - Gewürzmühle,Herbaria,Diverse,100% Biozutaten,50g,4.8043000000000005,0.31430000000000025,7
635676,Pizza- und Pastagewürz,Sonnentor,Diverse,100% Biozutaten,6x20g,11.2992,0.7392000000000003,7
94987,Pizzagewürz,Lebensbaum,Diverse,100% Biozutaten,6x30g,12.0696,0.7896000000000001,7
556412,Pommes Gewürzsalz - Streudose,Lebensbaum,Diverse,Demeter (Deutschland),6x200g,15.087,0.9870000000000001,7
699201,Pommes Gewürzsalz,Sonnentor,Diverse,100% Biozutaten,6x130g,16.371000000000002,1.0710000000000015,7
698238,Porridge-Gewürz Beere,Lebensbaum,Diverse,100% Biozutaten,6x50g,12.0696,0.7896000000000001,7
698078,Porridge-Gewürz Klassisch,Lebensbaum,Diverse,100% Biozutaten,6x45g,12.0696,0.7896000000000001,7
698080,Porridge-Gewürz Kurkuma-Orange,Lebensbaum,Diverse,100% Biozutaten,6x50g,12.0696,0.7896000000000001,7
94980,Probier mal! Würz Dich um die Welt,Sonnentor,Diverse,100% Biozutaten,8x50g,30.388,1.988000000000003,7
698049,Punsch- und Glühweingewürz,Lebensbaum,Diverse,100% Biozutaten,6x10g,8.667,0.5670000000000002,7
94988,Quarkgewürz,Lebensbaum,Diverse,100% Biozutaten,6x30g,12.0696,0.7896000000000001,7
556197,Querbeet Gemüsebrühe,Herbaria,Diverse,Bioland,90g,4.8043000000000005,0.31430000000000025,7
685425,Ras el Hanout - Dose,Herbaria,Diverse,100% Biozutaten,25g,3.9590000000000005,0.25900000000000034,7
697455,Ras el Hanout Gewürz,Sonnentor,Diverse,100% Biozutaten,6x38g,15.600600000000002,1.0206000000000017,7
699234,Ras El Hanout,Lebensbaum,Diverse,100% Biozutaten,6x45g,12.0696,0.7896000000000001,7
699883,Red Hot Chili Curry,Herbaria,Diverse,100% Biozutaten,65g,5.671,0.37100000000000044,7
56061,Resi - Brathendlgewürz,Herbaria,Diverse,100% Biozutaten,90g,6.088300000000001,0.39830000000000076,7
682007,Rodriguez' Chili con Carne Gewürz,Sonnentor,Diverse,100% Biozutaten,6x40g,16.371000000000002,1.0710000000000015,7
697452,Rub me Tender Grillgewürzmischung,Sonnentor,Diverse,100% Biozutaten,6x60g,16.7562,1.0961999999999996,7
56019,Ruf der Oase Taboule- & Salatgewürz,Herbaria,Diverse,100% Biozutaten,110g,6.088300000000001,0.39830000000000076,7
698087,Rühreigewürz - Streudose,Lebensbaum,Diverse,100% Biozutaten,6x100g,18.8748,1.2348,7
698791,Safran gemahlen,Herbaria,Marokko,EG-Bio,"0,5g",7.8966,0.5166000000000004,7
698792,Safranfäden,Herbaria,Marokko,EG-Bio,"0,5g",6.987100000000001,0.4571000000000005,7
96027,Salatgewürz Alles im Grünen - Streudose,Sonnentor,Diverse,100% Biozutaten,6x15g,16.435200000000002,1.0752000000000024,7
697963,Salatgewürz Alles im Grünen,Sonnentor,Diverse,100% Biozutaten,6x15g,11.2992,0.7392000000000003,7
95992,Salatgewürz gemahlen,Sonnentor,Diverse,100% Biozutaten,6x35g,12.0696,0.7896000000000001,7
94989,Salatgewürz,Lebensbaum,Diverse,100% Biozutaten,6x40g,11.2992,0.7392000000000003,7
698596,Salattopping Gewürzzubereitung,Sonnentor,Diverse,100% Biozutaten,6x30g,16.371000000000002,1.0710000000000015,7
698532,Sams Porridgegewürz,Sonnentor,Diverse,100% Biozutaten,6x70g,16.7562,1.0961999999999996,7
94965,Shantis Tandoori Masala Gewürz,Sonnentor,Diverse,100% Biozutaten,6x32g,16.371000000000002,1.0710000000000015,7
94976,Sieglindes Erdäpfelgewürz - Streudose,Sonnentor,Diverse,100% Biozutaten,6x22g,19.581000000000003,1.2810000000000024,7
698830,Sieglindes Erdäpfelgewürz,Sonnentor,Diverse,100% Biozutaten,6x25g,16.371000000000002,1.0710000000000015,7
56062,Sissis Sünd - Apfelstrudelgewürz,Herbaria,Diverse,100% Biozutaten,100g,8.0036,0.5236000000000001,7
699163,Sommergemüse Gewürz,Sonnentor,Diverse,100% Biozutaten,6x35g,15.600600000000002,1.0206000000000017,7
530036,Spekulatiusgewürz,Lecker's,Diverse,100% Biozutaten,10x16g,7.383000000000001,0.48300000000000054,7
697711,Spekulatiusgewürz,Lebensbaum,Diverse,100% Biozutaten,6x50g,12.4548,0.8148,7
697450,Steak That Grillgewürzmischung,Sonnentor,Diverse,100% Biozutaten,6x50g,16.7562,1.0961999999999996,7
698788,Taco- und Burittogewürz,Lebensbaum,Diverse,100% Biozutaten,6x50g,12.0696,0.7896000000000001,7
56020,Tango Spice - Argentinisches Steakgewürz,Herbaria,Diverse,100% Biozutaten,100g,6.088300000000001,0.39830000000000076,7
698085,Thai-Küche,Lebensbaum,Diverse,100% Biozutaten,6x50g,12.0696,0.7896000000000001,7
699034,Tofugewürz Umami,Lebensbaum,Diverse,100% Biozutaten,6x60g,11.2992,0.7392000000000003,7
699462,Tomaten Gewürzsalz - Streudose,Lebensbaum,Diverse,100% Biozutaten,6x100g,15.087,0.9870000000000001,7
56096,"Trüffelglück - Risotto-, Pasta- & Salatgewürz",Herbaria,Diverse,100% Biozutaten,110g,6.8266,0.4466000000000001,7
556173,Tutto Mio - Antipastigewürz,Herbaria,Diverse,100% Biozutaten,65g,5.6603,0.3703000000000003,7
556179,Tutto mio! Antipastigewürz - Gewürzmühle,Herbaria,Diverse,100% Biozutaten,40g,4.0553,0.26529999999999987,7
699889,Tutto Mio! Antipastigewürz,Herbaria,Diverse,100% Biozutaten,50g,6.666100000000001,0.4361000000000006,7
685254,Umami Gewürzmischung,Sonnentor,Diverse,100% Biozutaten,6x60g,19.5168,1.2768000000000015,7
699304,Veggie Kick - Streuglas,Herbaria,Diverse,100% Biozutaten,40g,3.3812,0.22120000000000006,7
699035,Veggie Küche Umamigewürz,Lebensbaum,Diverse,100% Biozutaten,6x40g,11.2992,0.7392000000000003,7
699453,VORORDER-DISPLAY - Backen,Sonnentor,Diverse,100% Biozutaten,Display,86.67,5.670000000000002,7
699180,VORORDER-DISPLAY - Tee Adventskalender,Sonnentor,Diverse,100% Biozutaten,Display,271.78000000000003,17.78000000000003,7
699037,VORORDER-DISPLAY - Wintergewürze,Lebensbaum,Diverse,100% Biozutaten,Display,116.09500000000001,7.595000000000013,7
699797,VORORDER-DISPLAY - Wintergewürze,Lebensbaum,Diverse,100% Biozutaten,Display,290.505,19.004999999999995,7
56002,Waldeslust - Wildgewürz,Herbaria,Diverse,100% Biozutaten,120g,5.6603,0.3703000000000003,7
581093,Wasabi Meerrettich Pulver,Arche,Japan,100% Biozutaten,6x25g,32.1,2.1000000000000014,7
699886,Wiesn Resi Hänchen & Grillgerichte,Herbaria,Diverse,100% Biozutaten,70g,6.280900000000001,0.4109000000000007,7
56004,Wilde Hilde - Salatgewürz,Herbaria,Diverse,100% Biozutaten,100g,5.6603,0.3703000000000003,7
699164,Wintergemüse Gewürz,Sonnentor,Diverse,100% Biozutaten,6x40g,15.600600000000002,1.0206000000000017,7
698050,Wintergewürz,Lebensbaum,Diverse,100% Biozutaten,6x50g,12.4548,0.8148,7
94967,Witwe Boltes Brathendlgewürz,Sonnentor,Diverse,100% Biozutaten,6x35g,16.371000000000002,1.0710000000000015,7
56018,Wunderhuhn Orientalisches Gewürz - Gewürzmühle,Herbaria,Diverse,100% Biozutaten,50g,4.8043000000000005,0.31430000000000025,7
685427,Za'atar - Dose,Herbaria,Diverse,100% Biozutaten,25g,3.9590000000000005,0.25900000000000034,7
699884,Za'atar Levante,Herbaria,Diverse,100% Biozutaten,55g,6.280900000000001,0.4109000000000007,7
699423,Zimt Zucker,Lebensbaum,Diverse,100% Biozutaten,6x140g,15.087,0.9870000000000001,7
699169,"Zimt, Zucker & Co",Sonnentor,Diverse,100% Biozutaten,6x90g,15.600600000000002,1.0206000000000017,7
699184,"Zimtflöckchen, Zuckerröckchen - Streudose",Sonnentor,Diverse,100% Biozutaten,6x70g,18.8748,1.2348,7
580519,B12 Hefeflocken - Doypack,Agrano,Europäische Union,100% Biozutaten,6x100g,25.038,1.6380000000000017,7
98665,Bierhefe-Würzflocken konventionell,Cenovis,Deutschland,konventionell,12x200g,53.928000000000004,3.528000000000006,7
181450,Bruderhahn-Gockelfond DEMETER,Hofgut Brachenreuthe WIR.,Deutschland,Demeter (Deutschland),6x400ml,22.791,1.4909999999999997,7
98630,Cenofix Feinwürzmittel universell glf - Beutel,Cenovis,Diverse,95%,12x80g,13.225200000000001,0.8652000000000015,7
95004,Feinkostsauce dunkel - Vorrat,Erntesegen,Diverse,100% Biozutaten,6x200g,18.8748,1.2348,7
95010,Feinkostsauce hell - Vorrat,Erntesegen,Diverse,95%,6x200g,18.8748,1.2348,7
98333,Flüssigwürze hefefrei glutenfrei,Naturata,Diverse,100% Biozutaten,6x90ml,14.894400000000001,0.974400000000001,7
566196,Frische Gemüsebrühe im Glas - klassisch,Swema,Deutschland,100% Biozutaten,6x210g,26.643,1.743000000000002,7
566197,Frische Gemüsebrühe im Glas - klassisch,Swema,Deutschland,100% Biozutaten,6x320g,31.779,2.0790000000000006,7
566195,Frische Gemüsebrühe im Glas - klassisch,Swema,Deutschland,100% Biozutaten,6x85g,13.803,0.9030000000000005,7
566198,Frische Gemüsebrühe im Glas - mild,Swema,Deutschland,100% Biozutaten,6x210g,26.643,1.743000000000002,7
566199,Frische Kraftbrühe im Glas - mediterran,Swema,Deutschland,100% Biozutaten,6x210g,26.643,1.743000000000002,7
98753,Geflügelfond BIOLAND,Gut Krauscha,Deutschland,Bioland,6x320g,25.359,1.6590000000000025,7
702031,Gemüse Bouillon ohne Hefeextrakt - Nachfüllbeutel,Bio Company,Diverse,100% Biozutaten,8x220g,17.8904,1.1704000000000008,7
696079,Gemüsebasis Korkenglas,Beltane,Diverse,100% Biozutaten,6x90g,21.828,1.4280000000000008,7
696075,Gemüsebasis Nachfüllpackung,Beltane,Diverse,Demeter (Deutschland),6x200g,27.285,1.7850000000000001,7
695683,Gemüsebrühe glutenfrei KONVENTIONELL - Eimer,Naturata,Diverse,konventionell,7kg,70.2883,4.598300000000009,7
95202,Gemüsebrühe glutenfrei KONVENTIONELL - Nachfüllb.,Naturata,Diverse,konventionell,6x500g,34.0902,2.2302000000000035,7
598936,Gemüsebrühe hefefrei glutenfrei - Brühwürfel,Naturata,Diverse,100% Biozutaten,15x6x12g,16.371000000000002,1.0710000000000015,7
95075,Gemüsebrühe hefefrei glutenfrei - Glas,Naturata,Diverse,100% Biozutaten,6x200g,20.1588,1.3187999999999995,7
95077,Gemüsebrühe hefefrei glutenfrei - Nachfüllbeutel,Naturata,Diverse,100% Biozutaten,6x500g,35.2458,2.305800000000005,7
95086,Gemüsebrühe hefefrei m. Kräutern glutenfrei - Glas,Naturata,Diverse,100% Biozutaten,6x200g,18.8748,1.2348,7
598942,Gemüsebrühe hefefrei mediterran glutenfrei - Glas,Naturata,Diverse,100% Biozutaten,6x200g,18.8748,1.2348,7
575038,Gemüsebrühe in der Dose,Erntesegen,Diverse,95%,6x125g,10.272,0.6720000000000006,7
575769,Gemüsebrühe klar - Brühwürfel,Erntesegen,Diverse,95%,12x12x11g,14.894400000000001,0.974400000000001,7
95007,Gemüsebrühe klar - Brühwürfel,Erntesegen,Diverse,96%,15x6Stück,13.3215,0.871500000000001,7
95705,Gemüsebrühe klar fettfrei,Natur Compagnie,Diverse,95%,6x162g,15.151200000000001,0.991200000000001,7
95475,Gemüsebrühe klar hefefrei - Brühwürfel,Erntesegen,Diverse,100% Biozutaten,15x6Stück,13.3215,0.871500000000001,7
575773,Gemüsebrühe klar hefefrei - Nachfüllbeutel,Erntesegen,Diverse,100% Biozutaten,7x250g,14.680400000000002,0.9604000000000017,7
95003,Gemüsebrühe klar hefefrei,Erntesegen,Diverse,100% Biozutaten,6x220g,17.9118,1.171800000000001,7
95708,Gemüsebrühe klar,Natur Compagnie,Diverse,96%,6x100g,15.5364,1.0164000000000009,7
95051,Gemüsebrühe klar,Erntesegen,Diverse,95%,6x250g,19.773600000000002,1.2936000000000014,7
695539,Gemüsebrühe klar,Green organics,Diverse,100% Biozutaten,6x290g,15.408000000000001,1.008000000000001,7
696078,Gemüsebrühe Korkenglas,Beltane,Diverse,100% Biozutaten,6x110g,21.1218,1.381800000000002,7
95019,Gemüsebrühe mediterran,Erntesegen,Diverse,95%,6x125g,11.8128,0.7728000000000002,7
598933,Gemüsebrühe mit Biohefe glutenfrei - Glas,Naturata,Diverse,100% Biozutaten,6x200g,21.314400000000003,1.394400000000001,7
598932,Gemüsebrühe mit Biohefe glutenfrei - Nachfüllbtl.,Naturata,Diverse,100% Biozutaten,6x500g,40.0608,2.6208000000000027,7
95014,Gemüsebrühe mit Ur-Salz - Nachfüllbeutel,Erntesegen,Diverse,95%,12x250g,31.329600000000003,2.0496000000000016,7
575771,Gemüsebrühe mit Ur-Salz - Nachfüllbeutel,Erntesegen,Diverse,95%,7x250g,17.0023,1.1123000000000012,7
696073,Gemüsebrühe Nachfüllpackung,Beltane,Diverse,Demeter (Deutschland),6x250g,27.285,1.7850000000000001,7
575042,Gemüsebrühe ohne Hefe in der Dose,Erntesegen,Diverse,100% Biozutaten,6x125g,9.309,0.609,7
194155,Gemüsebrühe vegan,Ökoland,Deutschland,100% Biozutaten,6x380ml,21.378600000000002,1.3986000000000018,7
98758,Gemüsefond BIOLAND,Gut Krauscha,Deutschland,Bioland,6x320g,29.853,1.953000000000003,7
95859,Gemüsefond hefefrei,La Selva,Italien,100% Biozutaten,6x340g,16.05,1.0500000000000007,7
96057,Hühnerbouillon hefefrei,Erntesegen,Diverse,100% Biozutaten,6x120g,19.195800000000002,1.2558000000000007,7
95712,Hühnerbouillon klar,Natur Compagnie,Diverse,100% Biozutaten,6x100g,15.408000000000001,1.008000000000001,7
95001,Hühnerbouillon,Erntesegen,Diverse,95%,6x90g,13.482000000000001,0.8820000000000014,7
95047,Hühnerbrühe - Brühwürfel,Erntesegen,Diverse,95%,15x6Stück,18.4575,1.2074999999999996,7
567454,Hühnerbrühe mit Fleisch BIOLAND,Kiebitzhof,Diverse,Bioland,6x380g,32.0358,2.0958000000000006,7
581082,Ketjap Manis,Arche,Europäische Union,100% Biozutaten,6x155ml,13.2894,0.8694000000000006,7
98644,Klare Gemüsebrühe glutenfrei - Brühwürfel 3er-Pack,Cenovis,Diverse,100% Biozutaten,24x3x12Stück,102.46320000000001,6.70320000000001,7
98640,Klare Gemüsebrühe glutenfrei fettfrei,Cenovis,Diverse,100% Biozutaten,6x162g,15.0228,0.982800000000001,7
98671,Klare Gemüsebrühe glutenfrei hefefrei - Brühwürfel,Cenovis,Diverse,100% Biozutaten,12x12Stück,18.7464,1.2264000000000017,7
194150,Knochenbrühe vom Huhn,Ökoland,Deutschland,100% Biozutaten,6x380ml,21.378600000000002,1.3986000000000018,7
194145,Knochenbrühe vom Rind,Ökoland,Deutschland,100% Biozutaten,6x380ml,21.378600000000002,1.3986000000000018,7
15357,Kräuter-Flüssigwürze - Tischflasche,Erntesegen,Diverse,95%,6x107g,15.664800000000001,1.0248000000000008,7
15356,Kräuterflüssigwürze,Erntesegen,Diverse,95%,6x297g,27.413400000000003,1.7934000000000019,7
580676,Meerrettich Soße,Frank Erhardt,Deutschland,99%,6x190ml,11.491800000000001,0.7518000000000011,7
629378,Meine vegane - Sauce Hollandaise glutenfrei,Biovegan,Diverse,100% Biozutaten,15x25g,12.6795,0.8295000000000012,7
629379,Meine vegane Sauce - Carbonara glutenfrei,Biovegan,Diverse,100% Biozutaten,15x27g,12.358500000000001,0.8085000000000004,7
598998,Melasse Hefeflocken glutenfrei - Nachfüllb.,Naturata,Estland,EG-Bio,8x200g,69.67840000000001,4.558400000000006,7
95041,Melasse-Hefeflocken glf KONVENTIONELL - Nachfüllb.,Naturata,Österreich,konventionell,8x200g,25.594400000000004,1.674400000000002,7
598944,Melasse-Hefeflocken glutenfrei - Streudose,Naturata,Diverse,EG-Bio,6x100g,30.109800000000003,1.9698000000000029,7
81183,Mikawa Mirin Würzsauce aus Reis,Arche,Japan,100% Biozutaten,6x250ml,40.698,6.4979999999999976,19
695868,Miso Brühwürfel,Arche,Diverse,100% Biozutaten,15x60g,30.174,1.9740000000000002,7
581293,Misobrühe,Arche,Diverse,100% Biozutaten,6x120g,21.892200000000003,1.4322000000000017,7
581081,No Fishsauce,Arche,Europäische Union,100% Biozutaten,6x155ml,17.2056,1.1256000000000022,7
575033,Pastöse Gewürzbrühe Mediterran,Erntesegen,Diverse,95%,6x200g,17.2698,1.1297999999999995,7
575035,Pastöse Gewürzbrühe Miso,Erntesegen,Diverse,95%,6x200g,19.195800000000002,1.2558000000000007,7
575037,Pastöse Gewürzbrühe Pur,Erntesegen,Diverse,95%,6x200g,17.2698,1.1297999999999995,7
96058,Rinderbouillon hefefrei,Erntesegen,Diverse,100% Biozutaten,6x120g,19.195800000000002,1.2558000000000007,7
598749,Rinderbouillon klar,Natur Compagnie,Diverse,95%,6x100g,18.1686,1.188600000000001,7
95046,Rinderbrühe - Brühwürfel,Erntesegen,Diverse,95%,15x6Stück,18.4575,1.2074999999999996,7
98757,Rinderfond BIOLAND,Gut Krauscha,Deutschland,Bioland,6x320g,30.109800000000003,1.9698000000000029,7
567460,Rinderfond BIOLAND,Kiebitzhof,Deutschland,Bioland,6x380ml,17.2698,1.1297999999999995,7
194092,Rindfleisch in Brühe,Ökoland,Deutschland,100% Biozutaten,6x320ml,25.615800000000004,1.6758000000000024,7
95493,"Sauce Hollandaise hefefrei für 0,2l",Erntesegen,Diverse,95%,12Tüten,12.4548,0.8148,7
29055,Soßenbinder glutenfrei,Bauck,Diverse,100% Biozutaten,6x250g,9.63,0.6300000000000008,7
695851,Tamari salzreduziert,Arche,USA,100% Biozutaten,6x250ml,26.001,1.7010000000000005,7
529973,Vollkorn-Hefeflocken - Schachtel,Agrano,Deutschland,100% Biozutaten,6x100g,20.9934,1.3734000000000002,7
695263,WIR. Gemüse für Brühe und Würze klassisch BIOZBW,Delikat essen,Deutschland,Demeter (Deutschland),8x250g,27.392000000000003,1.7920000000000016,7
530763,Würzhefeflocken - Doypack,Agrano,Europäische Union,100% Biozutaten,6x100g,20.9934,1.3734000000000002,7
695079,Würzl Klare Suppe - Nachfüllpackung,Eden Reform,Diverse,100% Biozutaten,7x250g,18.050900000000002,1.1809000000000012,7
695058,Würzl Klare Suppe hefefrei - Glas,Eden Reform,Diverse,100% Biozutaten,6x250g,15.408000000000001,1.008000000000001,7
695049,Würzl Klare Suppe hefefrei - Nachfüllpackung,Eden Reform,Diverse,100% Biozutaten,7x250g,13.2573,0.8673000000000002,7
80570,Arganöl Arganpur geröstet handgepresst,Arganpur,Marokko,EG-Bio,250ml,26.215,1.7149999999999999,7
80062,Arganöl geröstet nach Berberart,Bioplanete,Marokko,EG-Bio,6x100ml,56.4318,3.6918000000000006,7
587949,Aroma Basilikum DEMETER,Baldini,Diverse,Demeter (Deutschland),5ml,5.271699999999999,0.8416999999999994,19
597772,Aroma Bergamotte DEMETER,Baldini,Diverse,Demeter (Deutschland),5ml,5.271699999999999,0.8416999999999994,19
597774,Aroma Ingwer,Baldini,Diverse,EG-Bio,5ml,7.842099999999999,1.2520999999999995,19
597776,Aroma Lavendel fein DEMETER,Baldini,Diverse,Demeter (Deutschland),5ml,5.9381,0.9481000000000002,19
587951,Aroma Lemongras DEMETER,Baldini,Diverse,Demeter (Deutschland),5ml,3.2725,0.5225,19
587952,Aroma Limette,Baldini,Diverse,100% Biozutaten,5ml,4.6053,0.7352999999999996,19
587954,Aroma Nelkenblüte,Baldini,Diverse,100% Biozutaten,5ml,4.6053,0.7352999999999996,19
587955,Aroma Orange DEMETER,Baldini,Diverse,Demeter (Deutschland),5ml,3.2725,0.5225,19
587956,Aroma Oregano,Baldini,Diverse,EG-Bio,5ml,6.6045,1.0545,19
597783,Aroma Pfefferminze DEMETER,Baldini,Diverse,Demeter (Deutschland),5ml,4.6053,0.7352999999999996,19
587948,Aroma Rose rein 3%,Baldini,Bulgarien,100% Biozutaten,5ml,9.936499999999999,1.5864999999999991,19
587957,Aroma Rosmarin,Baldini,Diverse,EG-Bio,5ml,4.6053,0.7352999999999996,19
597797,Aroma Tonka-Extrakt,Baldini,Diverse,EG-Bio,5ml,7.736100000000001,0.5061000000000009,7
587958,Aroma Vanille,Baldini,Diverse,100% Biozutaten,5ml,11.9305,0.7805,7
597787,Aroma Zimt DEMETER,Baldini,Diverse,Demeter (Deutschland),5ml,8.6037,1.3736999999999995,19
587959,Aroma Zitrone DEMETER,Baldini,Diverse,Demeter (Deutschland),5ml,3.9507999999999996,0.6307999999999998,19
580509,Avocadoöl nativ,Bioplanete,Kenia,EG-Bio,6x250ml,48.0858,3.1458000000000013,7
580298,Back- & Bratöl aus Sonnenblumenkernen BIOLAND,Rösslerhof,Regional,Bioland,6x500ml,32.0358,2.0958000000000006,7
695646,Back-Öl Klassik,Byodo,Diverse,100% Biozutaten,6x750ml,27.5418,1.8018,7
580682,Biovenue Bratöl gedämpft,Biovenue,Europäische Union,EG-Bio,"6x1,0l",25.615800000000004,1.6758000000000024,7
580681,Biovenue Sonnenblumenöl nativ,Biovenue,Diverse,EG-Bio,"6x1,0l",25.615800000000004,1.6758000000000024,7
680107,Brat- und Backöl - Mehrweg,Bioplanete,Deutschland,EG-Bio,6x500ml,17.976000000000003,1.176000000000002,7
696004,Brat-Olive mild,Byodo,Frankreich,100% Biozutaten,6x750ml,42.5004,2.7804,7
680106,Brat-Olivenöl - Mehrweg,Bioplanete,Deutschland,100% Biozutaten,6x500ml,42.693,2.7929999999999993,7
80104,Brat-Olivenöl - raffiniertes und natives,Byodo,Diverse,EG-Bio,6x750ml,57.7158,3.775800000000004,7
580259,Brat-Olivenöl,Bioplanete,Europäische Union,EG-Bio,6x1l,76.9758,5.035800000000009,7
580262,Brat-Olivenöl,Bioplanete,Europäische Union,EG-Bio,6x500ml,42.693,2.7929999999999993,7
701560,Bratöl aus desodoriertem Sonnenblumenöl,Bio Company,Diverse,EG-Bio,6x750ml,20.7366,1.3566000000000003,7
580660,Bratöl gedämpft - OIL IN BOX,Bioplanete,Frankreich,EG-Bio,10l,41.195,2.6950000000000003,7
580631,Bratöl gedämpft - OIL IN BOX,Bioplanete,Frankreich,EG-Bio,3l,13.375,0.875,7
80060,Bratöl gedämpft,Bioplanete,Frankreich,EG-Bio,"6x1,0l",32.421,2.1209999999999987,7
80059,Bratöl gedämpft,Bioplanete,Frankreich,EG-Bio,6x500ml,18.1686,1.188600000000001,7
580640,Bratöl klassisch - Kanister,Byodo,Diverse,EG-Bio,5l,22.577,1.4770000000000003,7
80105,Bratöl klassisch,Byodo,Diverse,EG-Bio,6x750ml,25.615800000000004,1.6758000000000024,7
580387,Bratöl mit Ghee,Bioplanete,Europäische Union,100% Biozutaten,6x500ml,40.381800000000005,2.6418000000000035,7
680108,Bratöl mit Olive - Mehrweg,Bioplanete,Deutschland,100% Biozutaten,6x500ml,22.149,1.4490000000000016,7
80130,Bratöl mit Sesamöl,Byodo,Diverse,100% Biozutaten,6x500ml,25.615800000000004,1.6758000000000024,7
695655,Bratöl Raps,Byodo,Italien,100% Biozutaten,6x750ml,33.961800000000004,2.2218000000000053,7
80427,Bratöl Sonnenblume high oleic desodoriert,Naturata,Europäische Union,EG-Bio,6x750ml,24.075000000000003,1.5750000000000028,7
580343,Bratöl,Allgäuer Ölmühle,Rumänien,EG-Bio,4x500ml,18.3612,1.2012,7
80048,Bratöl,Green organics,Europäische Union,EG-Bio,6x750ml,17.1414,1.1214000000000013,7
701558,Bratolivenöl,Bio Company,Diverse,EG-Bio,6x750ml,40.7028,2.6628000000000043,7
580225,Erdnussöl nativ FairTrade,Bioplanete,Volksrepublik China,EG-Bio,6x250ml,36.208800000000004,2.3688000000000002,7
580529,Familienheld - natives Olivenöl extra,Mani Bläuel,Griechenland,EG-Bio,6x500ml,41.2806,2.7006000000000014,7
698113,Geröstetes Sesamöl,Terrasana,Diverse,EG-Bio,6x250ml,35.0532,2.293199999999999,7
580548,Ghee Butteröl,Finck,Diverse,EG-Bio,8x220g,50.3328,3.2927999999999997,7
580549,Ghee Butteröl,Finck,Diverse,EG-Bio,8x480g,99.9808,6.540800000000004,7
80125,Hanföl aus Oberschwaben BIOLAND,Rösslerhof,Regional,Bioland,4x250ml,28.3336,1.8536000000000001,7
698340,Hanföl,Chiron,Deutschland,EG-Bio,6x250ml,37.81380000000001,2.473800000000004,7
698341,Hanföl,Chiron,Deutschland,EG-Bio,6x500ml,64.1358,4.1958000000000055,7
580264,Haselnussöl geröstet,Bioplanete,Türkei,EG-Bio,6x100ml,36.273,2.3730000000000047,7
598807,Kreta-Olivenöl nativ extra Messara g.U.,Mani Bläuel,Griechenland,EG-Bio,6x500ml,57.9084,3.788400000000003,7
580541,Küchenheld - natives Olivenöl 1L,Mani Bläuel,Griechenland,EG-Bio,6x1l,82.176,5.376000000000005,7
580531,Küchenheld - natives Olivenöl,Mani Bläuel,Griechenland,EG-Bio,6x500ml,42.693,2.7929999999999993,7
80462,Kürbiskernöl geröstet,Naturata,Österreich,EG-Bio,4x250ml,33.4696,2.1895999999999987,7
580325,Kürbiskernöl geröstet,Allgäuer Ölmühle,Österreich,EG-Bio,6x100ml,25.359,1.6590000000000025,7
80087,Kürbiskernöl geröstet,Bioplanete,Europäische Union,EG-Bio,6x250ml,48.342600000000004,3.1626000000000047,7
680056,Kürbiskernöl nativ,Bioplanete,Österreich,EG-Bio,6x250ml,40.18920000000001,2.6292000000000044,7
580356,Kürbiskernöl ungeröstet,Allgäuer Ölmühle,Österreich,EG-Bio,6x100ml,21.1218,1.381800000000002,7
580414,L' Autentico - Olivenöl Primoljo nativ extra IGP,PRIMOLJO srl,Italien,EG-Bio,6x500ml,83.13900000000001,5.439000000000007,7
80485,Leindotteröl nativ aus Bayern BIOLAND,Kappelbauer Ölmühle,Bayern,Bioland,6x250ml,26.322000000000003,1.7220000000000013,7
580511,Leindotteröl nativ DEMETER,Naturata,Österreich,Demeter (Deutschland),6x100ml,20.0304,1.3104000000000013,7
680109,Leindotteröl nativ,Bioplanete,Deutschland,EG-Bio,6x250ml,28.569000000000003,1.8690000000000033,7
580322,Leindotteröl,Allgäuer Ölmühle,Deutschland,EG-Bio,4x250ml,19.688,1.2880000000000003,7
580235,Leinöl aus Oberschwaben BIOLAND,Rösslerhof,Regional,Bioland,4x250ml,17.334,1.1340000000000003,7
701559,Leinöl kaltgepresst,Bio Company,Diverse,EG-Bio,8x250ml,24.053600000000003,1.5736000000000026,7
80090,Leinöl nativ - 3D-Filtration,Bioplanete,Europäische Union,EG-Bio,6x250ml,19.902,1.3019999999999996,7
580266,Leinöl nativ - 3D-Filtration,Bioplanete,Europäische Union,EG-Bio,6x500ml,32.0358,2.0958000000000006,7
580292,Leinöl nativ - aus meiner Heimat,Bioplanete,Deutschland,EG-Bio,6x250ml,24.1392,1.5792000000000002,7
695578,Leinöl nativ - Dose,Byodo,USA,EG-Bio,6x250ml,26.322000000000003,1.7220000000000013,7
680102,Leinöl nativ 3D-Filtration - Mehrweg,Bioplanete,Deutschland,EG-Bio,6x500ml,32.0358,2.0958000000000006,7
580510,Leinöl nativ DEMETER,Naturata,Österreich,Demeter (Deutschland),6x100ml,19.195800000000002,1.2558000000000007,7
80080,Leinöl nativ,Bioplanete,Europäische Union,EG-Bio,6x100ml,15.985800000000001,1.0458000000000016,7
80008,Leinöl,Green organics,Diverse,EG-Bio,6x250ml,10.7856,0.7056000000000004,7
80081,Mandelöl geröstet,Bioplanete,Spanien,EG-Bio,6x100ml,40.574400000000004,2.6544000000000025,7
580673,Mandelöl nativ,Bioplanete,Europäische Union,EG-Bio,6x100ml,35.952000000000005,2.352000000000004,7
80113,Mandelöl nativ,Byodo,Italien,EG-Bio,6x100ml,35.2458,2.305800000000005,7
580329,Mandelöl,Allgäuer Ölmühle,Italien,EG-Bio,6x100ml,25.359,1.6590000000000025,7
698816,Mani-Olivenöl 100% nativ - Kanister,Mani Bläuel,Griechenland,EG-Bio,"4x1,5l",88.2964,5.7764000000000095,7
580535,Mani-Olivenöl nativ extra - BagInBox,Mani Bläuel,Griechenland,EG-Bio,3l,46.2775,3.0275000000000034,7
598809,Mani-Olivenöl nativ extra,Mani Bläuel,Griechenland,EG-Bio,"6x1,0l",106.1868,6.94680000000001,7
699066,Mani-Olivenöl nativ extra,Mani Bläuel,Griechenland,EG-Bio,6x500ml,57.9084,3.788400000000003,7
598808,Mani-Olivenöl nativ extra,Mani Bläuel,Griechenland,EG-Bio,6x750ml,80.6352,5.275199999999998,7
580327,Mariendistelöl,Allgäuer Ölmühle,Diverse,EG-Bio,6x100ml,25.359,1.6590000000000025,7
580328,Nachtkerzenöl,Allgäuer Ölmühle,Deutschland,EG-Bio,6x100ml,37.171800000000005,2.4318000000000026,7
575277,Novello Oliven extra - Olio extravergine di oliva,La Selva,Italien,EG-Bio,6x500ml,59.6418,3.9018000000000015,7
580364,O'range & Balsamico - 2-Phasen-Dressing,Bioplanete,Europäische Union,100% Biozutaten,6x250ml,33.705000000000005,2.2050000000000054,7
80071,Olivenöl & Balsamico 2-in-1,Bioplanete,Europäische Union,100% Biozutaten,6x250ml,33.705000000000005,2.2050000000000054,7
580315,Olivenöl & Basilikum,Bioplanete,Europäische Union,100% Biozutaten,4x100ml,18.3612,1.2012,7
580316,Olivenöl & Chili,Bioplanete,Europäische Union,100% Biozutaten,4x100ml,18.3612,1.2012,7
580317,Olivenöl & Knoblauch,Bioplanete,Europäische Union,100% Biozutaten,4x100ml,18.3612,1.2012,7
580388,Olivenöl & Trüffel,Bioplanete,Italien,100% Biozutaten,4x100ml,42.586,2.7860000000000014,7
685460,Olivenöl Agrestis Bell`Omio nativ,Bio Gourmet,Italien,EG-Bio,6x500ml,102.39900000000002,6.699000000000012,7
685461,Olivenöl Agrestis Nettar Ibleo nativ extra,Bio Gourmet,Italien,EG-Bio,6x500ml,115.239,7.5390000000000015,7
580770,Olivenöl Extra Nativ Naturtrüb,CSR,Italien,EG-Bio,6x750ml,66.0618,4.321800000000003,7
80198,Olivenöl extra vergine Colle del Maso,San Vicario,Italien,EG-Bio,6x500ml,104.004,6.804000000000002,7
638500,Olivenöl extra vergine,San Vicario,Italien,EG-Bio,6x250ml,58.743,3.8430000000000035,7
80148,Olivenöl extra vergine,La Selva,Italien,Naturland,6x500ml,52.323,3.423000000000002,7
80181,Olivenöl extra vergine,San Vicario,Italien,EG-Bio,6x500ml,82.176,5.376000000000005,7
80149,Olivenöl extra vergine,La Selva,Italien,Naturland,6x750ml,72.22500000000001,4.7250000000000085,7
80182,Olivenöl extra vergine,San Vicario,Italien,EG-Bio,6x750ml,121.9158,7.975800000000007,7
580513,Olivenöl Fraîcheur 2026,Bioplanete,Portugal,EG-Bio,6x500ml,64.1358,4.1958000000000055,7
80409,Olivenöl Kalamata nativ extra DEMETER,Epikouros,Griechenland,Demeter (Deutschland),6x500ml,46.80180000000001,3.061800000000005,7
598798,Olivenöl Kalamata nativ extra g.U.,Mani Bläuel,Griechenland,EG-Bio,6x500ml,57.9084,3.788400000000003,7
80146,Olivenöl mit Zitrone,La Selva,Italien,100% Biozutaten,6x250ml,39.483000000000004,2.5830000000000055,7
698811,Olivenöl nativ extra - 350mg/kg Polyphenole,Mani Bläuel,Griechenland,EG-Bio,6x375ml,53.799600000000005,3.519600000000004,7
575195,Olivenöl nativ extra - fruchtig,La Selva,Italien,EG-Bio,6x500ml,52.1304,3.4104000000000028,7
680103,Olivenöl nativ extra - Mehrweg,Bioplanete,Deutschland,EG-Bio,6x500ml,38.455799999999996,2.5157999999999987,7
575196,Olivenöl nativ extra - mild,La Selva,Italien,Naturland,6x500ml,52.1304,3.4104000000000028,7
580241,Olivenöl nativ extra DEMETER - Kanister,Il Cesto,Griechenland,Demeter (Deutschland),3l,51.3279,3.3579000000000008,7
580254,Olivenöl nativ extra DEMETER,Il Cesto,Griechenland,Demeter (Deutschland),6x1l,109.8462,7.1861999999999995,7
80252,Olivenöl nativ extra DEMETER,Il Cesto,Griechenland,Demeter (Deutschland),6x500ml,60.540600000000005,3.9606000000000066,7
80094,Olivenöl nativ extra fruchtig,Bioplanete,Europäische Union,EG-Bio,"6x1,0l",76.9758,5.035800000000009,7
80091,Olivenöl nativ extra fruchtig,Bioplanete,Europäische Union,EG-Bio,6x500ml,42.693,2.7929999999999993,7
695994,Olivenöl nativ extra fruchtig,Byodo,Italien,EG-Bio,6x500ml,53.863800000000005,3.5238000000000014,7
696008,Olivenöl nativ extra fruchtig,Byodo,Spanien,EG-Bio,6x500ml,55.147800000000004,3.6078000000000046,7
80474,Olivenöl nativ extra Italien DEMETER,Naturata,Italien,Demeter (Deutschland),6x500ml,80.1858,5.245800000000003,7
80407,Olivenöl nativ extra Kalamata,Epikouros,Griechenland,EG-Bio,6x500ml,44.8758,2.9358000000000004,7
580517,Olivenöl nativ extra Kreta DEMETER,Naturata,Griechenland,Demeter (Deutschland),6x500ml,59.6418,3.9018000000000015,7
580290,Olivenöl nativ extra Kreta PDO - Kanister,Naturata,Griechenland,EG-Bio,3l,46.1384,3.0183999999999997,7
80475,Olivenöl nativ extra Kreta PDO,Naturata,Griechenland,EG-Bio,6x500ml,56.1108,3.6708,7
695497,Olivenöl nativ extra mild - Kanister,Byodo,Tunesien,EG-Bio,5l,65.912,4.312000000000005,7
580659,Olivenöl nativ extra mild - OIL IN BOX,Bioplanete,Tunesien,EG-Bio,10l,106.94650000000001,6.996500000000012,7
580634,Olivenöl nativ extra mild - OIL IN BOX,Bioplanete,Tunesien,EG-Bio,3l,32.0465,2.0965000000000025,7
80067,Olivenöl nativ extra mild,Bioplanete,Diverse,EG-Bio,"6x1,0l",67.3458,4.405799999999999,7
80093,Olivenöl nativ extra mild,Bioplanete,Tunesien,EG-Bio,6x500ml,38.455799999999996,2.5157999999999987,7
696000,Olivenöl nativ extra mild,Byodo,Griechenland,EG-Bio,6x500ml,53.863800000000005,3.5238000000000014,7
580218,Olivenöl nativ extra mit Orange,Bioplanete,Diverse,100% Biozutaten,6x250ml,33.961800000000004,2.2218000000000053,7
80058,Olivenöl nativ extra mit Zitrone,Bioplanete,Diverse,100% Biozutaten,6x250ml,33.961800000000004,2.2218000000000053,7
580629,Olivenöl nativ extra mittelfruchtig - Kanister,Bioplanete,Europäische Union,EG-Bio,3l,37.289500000000004,2.4395000000000024,7
80056,Olivenöl nativ extra mittelfruchtig,Bioplanete,Europäische Union,EG-Bio,"6x1,0l",76.9758,5.035800000000009,7
80055,Olivenöl nativ extra mittelfruchtig,Bioplanete,Europäische Union,EG-Bio,6x500ml,42.051,2.7510000000000048,7
580675,Olivenöl nativ extra Novello 2025,San Vicario,Italien,EG-Bio,6x500ml,79.929,5.228999999999999,7
580542,Olivenöl nativ extra Selection NL Fair - Mehrweg,Mani Bläuel,Griechenland,NF,6x500ml,61.567800000000005,4.027800000000006,7
580516,Olivenöl nativ extra Spanien DEMETER,Naturata,Spanien,Demeter (Deutschland),6x500ml,60.9258,3.9858000000000047,7
701550,Olivenöl nativ extra,Bio Company,Diverse,EG-Bio,"6x1,0l",47.82900000000001,3.129000000000005,7
701554,Olivenöl nativ extra,Bio Company,Diverse,EG-Bio,6x500ml,27.5418,1.8018,7
580623,Olivenöl Primoljo nativ extra - Kanister,PRIMOLJO srl,Italien,EG-Bio,5l,81.855,5.355000000000004,7
80026,Olivenöl Primoljo nativ extra,PRIMOLJO srl,Italien,EG-Bio,"6x1,0l",107.21400000000001,7.01400000000001,7
80025,Olivenöl Primoljo nativ extra,PRIMOLJO srl,Italien,EG-Bio,6x500ml,60.9258,3.9858000000000047,7
80045,Olivenöl,Green organics,Spanien,EG-Bio,6x500ml,33.833400000000005,2.2134000000000036,7
680067,Ölkomposition für Curry & Co,Bioplanete,Diverse,100% Biozutaten,6x250ml,26.2578,1.7178000000000004,7
680064,Ölkomposition für Pizza & Pasta,Bioplanete,Diverse,100% Biozutaten,6x250ml,26.2578,1.7178000000000004,7
680065,Ölkomposition für Wokgerichte,Bioplanete,Diverse,100% Biozutaten,6x250ml,26.2578,1.7178000000000004,7
680075,Ölkomposition Thai-Küche,Bioplanete,Diverse,100% Biozutaten,6x250ml,26.2578,1.7178000000000004,7
580767,Omega Öl Balance Fruchtig,Byodo,Diverse,100% Biozutaten,4x100ml,20.073200000000003,1.313200000000002,7
580768,Omega Öl Balance Herzhaft,Byodo,Diverse,100% Biozutaten,4x100ml,20.073200000000003,1.313200000000002,7
580766,Omega Öl Schwarzkümmel,Byodo,Diverse,100% Biozutaten,4x100ml,20.073200000000003,1.313200000000002,7
580227,Omega Orange Leinöl-Mixtur,Bioplanete,Diverse,100% Biozutaten,4x100ml,21.357200000000002,1.3972000000000016,7
580239,Omega Pink Leinöl-Mixtur,Bioplanete,Diverse,100% Biozutaten,4x100ml,21.357200000000002,1.3972000000000016,7
580399,Omega Purple Leinöl-Mixtur,Bioplanete,Diverse,100% Biozutaten,4x100ml,21.357200000000002,1.3972000000000016,7
580379,Omega Red Leinöl-Mixtur,Bioplanete,Diverse,99%,4x100ml,21.357200000000002,1.3972000000000016,7
580419,Raps Brat- und Backöl,Naturata,Europäische Union,EG-Bio,6x750ml,23.304600000000004,1.524600000000003,7
566028,Rapskernöl mit Buttergeschmack,Die kleine Mühle,Europäische Union,99%,6x500ml,37.557,2.4570000000000007,7
580993,Rapskernöl nativ vielseitig BIOLAND,Die kleine Mühle,Europäische Union,Bioland,6x500ml,37.557,2.4570000000000007,7
580284,Rapskernöl vielseitig - Kanister,Davert Mühle,Europäische Union,EG-Bio,10l,47.294000000000004,3.094000000000001,7
80043,Rapskernöl,Green organics,Europäische Union,EG-Bio,6x500ml,11.556000000000001,0.7560000000000002,7
580360,Rapsöl DEMETER,Allgäuer Ölmühle,Deutschland,Demeter (Deutschland),6x500ml,25.359,1.6590000000000025,7
580319,Rapsöl kaltgepresst BIOLAND,Allgäuer Ölmühle,Deutschland,Bioland,4x250ml,10.3576,0.6776,7
580693,Rapsöl nativ - Dose,Byodo,Diverse,EG-Bio,6x250ml,17.655,1.1550000000000011,7
80487,Rapsöl nativ aus Bayern BIOLAND,Kappelbauer Ölmühle,Bayern,Bioland,6x500ml,26.643,1.743000000000002,7
80426,Rapsöl nativ DEMETER,Naturata,Deutschland,Demeter (Deutschland),6x500ml,30.109800000000003,1.9698000000000029,7
680105,Rapsöl nativ deutscher Herkunft - Mehrweg,Bioplanete,Deutschland,EG-Bio,6x500ml,20.223,1.3230000000000004,7
80078,Rapsöl nativ,Bioplanete,Europäische Union,EG-Bio,6x500ml,18.0402,1.1801999999999992,7
80063,Salatöl nativ,Bioplanete,Europäische Union,100% Biozutaten,6x500ml,22.020599999999998,1.4405999999999999,7
596466,Sanddorn Fruchtfleischöl,Sanatur,Deutschland,EG-Bio,50ml,16.4994,1.0794000000000015,7
580345,Schwarzkümmelöl kaltgepresst,Allgäuer Ölmühle,Ägypten,EG-Bio,4x250ml,45.582,2.9819999999999993,7
580318,Schwarzkümmelöl kaltgepresst,Allgäuer Ölmühle,Europäische Union,EG-Bio,6x100ml,33.961800000000004,2.2218000000000053,7
580705,Schwarzkümmelöl nativ mild,Byodo,Ägypten,EG-Bio,6x100ml,30.7518,2.011800000000001,7
580704,Schwarzkümmelöl nativ mild,Byodo,Ägypten,EG-Bio,6x250ml,57.7158,3.775800000000004,7
580662,Schwarzkümmelöl nativ,Bioplanete,Ägypten,EG-Bio,4x100ml,21.357200000000002,1.3972000000000016,7
580679,Schwarzkümmelöl nativ,Bioplanete,Diverse,EG-Bio,6x100ml,32.0358,2.0958000000000006,7
580512,Schwarzkümmelöl nativ,Naturata,Ägypten,EG-Bio,6x100ml,31.2654,2.0454000000000008,7
680057,Schwarzkümmelöl nativ,Bioplanete,Diverse,EG-Bio,6x250ml,59.6418,3.9018000000000015,7
680089,Sesamöl geröstet,Bioplanete,Burkina Faso,EG-Bio,6x100ml,19.902,1.3019999999999996,7
690519,Sesamöl geröstet,Arche,Diverse,EG-Bio,6x145ml,19.3884,1.2683999999999997,7
680090,Sesamöl geröstet,Bioplanete,Burkina Faso,EG-Bio,6x250ml,26.193600000000004,1.7136000000000031,7
680101,Sesamöl nativ - Mehrweg,Bioplanete,Deutschland,EG-Bio,6x500ml,43.977000000000004,2.8770000000000024,7
680088,Sesamöl nativ,Bioplanete,Burkina Faso,EG-Bio,6x500ml,44.23380000000001,2.893800000000006,7
80044,Sesamöl,Green organics,Diverse,EG-Bio,6x500ml,29.9172,1.9572000000000003,7
580997,Sonnenblumenkernöl nativ BIOLAND,Die kleine Mühle,Europäische Union,Bioland,6x500ml,29.211000000000002,1.9110000000000014,7
580320,Sonnenblumenkernöl,Allgäuer Ölmühle,Deutschland,EG-Bio,4x250ml,10.657200000000001,0.6972000000000005,7
80486,Sonnenblumenöl aus Bayern BIOLAND,Kappelbauer Ölmühle,Bayern,Bioland,6x500ml,21.507,1.407,7
580635,Sonnenblumenöl nativ - OIL IN BOX,Bioplanete,Frankreich,EG-Bio,3l,12.733,0.8330000000000002,7
80420,Sonnenblumenöl nativ DEMETER,Naturata,Ungarn,Demeter (Deutschland),6x500ml,26.0652,1.7052000000000014,7
680104,Sonnenblumenöl nativ deutscher Herkunft - Mehrweg,Bioplanete,Deutschland,EG-Bio,6x500ml,20.0304,1.3104000000000013,7
80052,Sonnenblumenöl nativ,Bioplanete,Frankreich,EG-Bio,"6x1,0l",28.1838,1.8438000000000017,7
80051,Sonnenblumenöl nativ,Bioplanete,Frankreich,EG-Bio,6x500ml,15.985800000000001,1.0458000000000016,7
80405,Sonnenblumenöl nativ,Naturata,Europäische Union,EG-Bio,6x750ml,31.393800000000002,2.0538000000000025,7
701556,Sonnenblumenöl,Bio Company,Diverse,EG-Bio,6x750ml,20.223,1.3230000000000004,7
80047,Sonnenblumenöl,Green organics,Europäische Union,EG-Bio,6x750ml,14.6376,0.9576000000000011,7
580395,Steirisches Kürbiskernöl geröstet ggA,Bioplanete,Österreich,EG-Bio,4x100ml,20.116000000000003,1.3160000000000025,7
695645,Steirisches Kürbiskernöl ggA - Glas,Byodo,Österreich,Bio Austria,"6x0,25l",50.01180000000001,3.271800000000006,7
80117,Steirisches Kürbiskernöl ggA,Byodo,Österreich,Bio Austria,6x100ml,28.825800000000005,1.8858000000000033,7
580326,Traubenkernöl,Allgäuer Ölmühle,Deutschland,EG-Bio,6x100ml,33.705000000000005,2.2050000000000054,7
685630,Trüffelöl,Bio Gourmet,Diverse,95%,6x60ml,30.238200000000003,1.978200000000001,7
80116,Walnusskernöl nativ,Byodo,Diverse,EG-Bio,6x100ml,25.615800000000004,1.6758000000000024,7
80083,Walnussöl geröstet,Bioplanete,Europäische Union,EG-Bio,6x100ml,28.504800000000003,1.8648000000000025,7
80085,Walnussöl nativ,Bioplanete,Europäische Union,EG-Bio,6x100ml,26.322000000000003,1.7220000000000013,7
580323,Walnussöl,Allgäuer Ölmühle,Ungarn,EG-Bio,6x100ml,25.359,1.6590000000000025,7
80465,Weizenkeimöl KONVENTIONELL,Naturata,Deutschland,konventionell,4x250ml,32.0572,2.097200000000001,7
580344,Weizenkeimöl,Allgäuer Ölmühle,Deutschland,EG-Bio,6x100ml,73.18800000000002,4.788000000000011,7
580444,Weizenkeimöl,Naturata,Europäische Union,EG-Bio,6x100ml,76.33380000000001,4.993800000000007,7
80560,Butterschmalz,Sonnenweg,Bayern,EG-Bio,8x250g,40.4032,2.6432,7
280027,Ghee BIOLAND,Bergpracht,Regional,Bioland,6x230g,31.2654,2.0454000000000008,7
280028,Ghee BIOLAND,Bergpracht,Regional,Bioland,6x420g,54.762600000000006,3.5826000000000064,7
67232,Kokoscreme Creamed Coconut NATURLAND,Morgenland,Sri Lanka-Ceylon,Naturland,6x200g,13.9314,0.9114000000000004,7
680055,Kokosfett mild gedämpft desodoriert,Bioplanete,Indonesien,EG-Bio,4x950ml,36.3372,2.377200000000002,7
580245,Kokosfett mild gedämpft desodoriert,Bioplanete,Indonesien,EG-Bio,6x400ml,23.0478,1.5077999999999996,7
80166,Kokosöl extra virgin,Amanprana,Sri Lanka-Ceylon,EG-Bio,"1,6l",33.2235,2.1735000000000007,7
80165,Kokosöl extra virgin,Amanprana,Sri Lanka-Ceylon,EG-Bio,4x325ml,34.839200000000005,2.279200000000003,7
580668,Kokosöl nativ - Eimer,Bioplanete,Indonesien,EG-Bio,"2,5l",30.923000000000002,2.0230000000000032,7
580568,Kokosöl nativ DEMETER,Morgenland,Sri Lanka-Ceylon,Demeter (Deutschland),6x220ml,18.618,1.218,7
580369,Kokosöl nativ DEMETER,Morgenland,Sri Lanka-Ceylon,Demeter (Deutschland),6x450ml,35.952000000000005,2.352000000000004,7
580305,Kokosöl nativ NATURLAND,Morgenland,Sri Lanka-Ceylon,Naturland,6x450ml,31.201200000000004,2.0412000000000035,7
580306,Kokosöl nativ NATURLAND,Morgenland,Sri Lanka-Ceylon,Naturland,6x950ml,59.06400000000001,3.8640000000000043,7
680054,Kokosöl nativ,Bioplanete,Diverse,EG-Bio,4x950ml,42.32920000000001,2.769200000000005,7
80036,Kokosöl nativ,Bioplanete,Philippinen,EG-Bio,6x200ml,17.2698,1.1297999999999995,7
80039,Kokosöl nativ,Bioplanete,Philippinen,EG-Bio,6x400ml,25.1664,1.6463999999999999,7
701553,Kokosöl neutral,Bio Company,Philippinen,EG-Bio,6x300ml,19.8378,1.2978000000000023,7
680215,Kokosöl Neutral,Dr. Goerg,Philippinen,EG-Bio,6x500ml,36.273,2.3730000000000047,7
580216,Kokosöl,Dr. Goerg,Philippinen,EG-Bio,6x1l,103.362,6.7620000000000005,7
580243,Kokosöl,Dr. Goerg,Philippinen,EG-Bio,6x200ml,27.5418,1.8018,7
580310,Kokosöl,Kulau,Philippinen,EG-Bio,6x200ml,26.129400000000004,1.7094000000000023,7
580311,Kokosöl,Kulau,Philippinen,EG-Bio,6x450ml,46.224000000000004,3.024000000000001,7
580215,Kokosöl,Dr. Goerg,Philippinen,EG-Bio,6x500ml,58.357800000000005,3.8178000000000054,7
580721,Kokosöl,Biotropic,Sri Lanka-Ceylon,EG-Bio,6x500ml,29.1468,1.9068000000000005,7
699533,MCT Öl aus 100% Kokosöl,Kulau,Sri Lanka-Ceylon,98%,500ml,15.996500000000001,1.0465000000000018,7
80171,Palmöl rot extra virgin,Amanprana,Kolumbien,EG-Bio,4x325ml,34.839200000000005,2.279200000000003,7
680113,Aceto Balsamico di Modena I.G.P.,Bioplanete,Italien,EG-Bio,6x250ml,43.591800000000006,2.8518000000000043,7
695467,Aceto Balsamico di Modena IGP - Kanister,Byodo,Italien,100% Biozutaten,5l,33.063,2.163000000000004,7
95198,Aceto Balsamico di Modena IGP DEMETER,Naturata,Italien,Demeter (Deutschland),6x250ml,34.0902,2.2302000000000035,7
695005,Aceto Balsamico di Modena IGP Gold,La Selva,Italien,Naturland,6x250ml,23.0478,1.5077999999999996,7
697223,Aceto Balsamico di Modena IGP invecchiata 3 Jahre,La Selva,Italien,100% Biozutaten,6x250ml,48.214200000000005,3.154200000000003,7
580765,Aceto Balsamico di Modena IGP Linea Gold,Byodo,Italien,100% Biozutaten,"6x0,25l",21.1218,1.381800000000002,7
697219,Aceto Balsamico di Modena IGP Luigi,La Selva,Italien,100% Biozutaten,6x250ml,44.23380000000001,2.893800000000006,7
95630,Aceto Balsamico di Modena IGP,Byodo,Italien,100% Biozutaten,6x500ml,23.433,1.5330000000000013,7
95672,Aceto Balsamico di Modena IGP,Green organics,Italien,100% Biozutaten,6x500ml,12.7758,0.8358000000000008,7
92107,Aceto Balsamico di Modena IGP,La Selva,Italien,Naturland,6x500ml,21.507,1.407,7
95197,Aceto Balsamico di Modena IGP,Naturata,Italien,100% Biozutaten,6x500ml,27.6702,1.8102000000000018,7
98699,Aceto Balsamico di Modena IGP,San Vicario,Italien,100% Biozutaten,6x500ml,33.384,2.184000000000001,7
566029,Aceto Balsamico di Modena IGP,Schneider Fruchtsaft und Naturkost Vertrieb,Italien,100% Biozutaten,6x500ml,32.0358,2.0958000000000006,7
80204,Aceto Balsamico di Modena invecchiato,San Vicario,Italien,100% Biozutaten,"2x0,25l",48.89900000000001,3.199000000000005,7
95499,Aceto Balsamico invecchiato Franatoni,Greenlotus,Italien,IA,6x250ml,58.99980000000001,3.859800000000007,7
95038,Aceto Balsamico Villa Franatoni,Greenlotus,Italien,100% Biozutaten,6x500ml,32.0358,2.0958000000000006,7
697987,Aceto di mele - Apfelessig naturtrüb,La Selva,Italien,EG-Bio,6x500ml,14.059800000000001,0.9198000000000004,7
695618,Apfel Balsam - 5% Säure,Byodo,Deutschland,100% Biozutaten,6x250ml,25.615800000000004,1.6758000000000024,7
680112,Apfelbalsam,Bioplanete,Italien,100% Biozutaten,6x250ml,40.381800000000005,2.6418000000000035,7
695677,Apfelessig DEMETER - Kanister,Beutelsbacher,Baden-Württemberg,Demeter (Deutschland),10l,25.038,1.6380000000000017,7
95609,Apfelessig klar - 5% Säure,Byodo,Diverse,100% Biozutaten,"6x0,5l",15.2796,0.9996000000000009,7
95063,Apfelessig klar,Beutelsbacher,Baden-Württemberg,EG-Bio,"6x0,75l",12.519,0.8190000000000008,7
95608,Apfelessig naturtrüb - 5% Säure,Byodo,Diverse,100% Biozutaten,"6x0,5l",15.2796,0.9996000000000009,7
695331,Apfelessig naturtrüb DEMETER,Beutelsbacher,Europäische Union,100% Biozutaten,"12x0,33l",16.692,1.0920000000000005,7
95031,Apfelessig naturtrüb DEMETER,Beutelsbacher,Baden-Württemberg,Demeter (Deutschland),"6x0,75l",13.161000000000001,0.8610000000000007,7
32531,Apfelessig naturtrüb,Voelkel,Deutschland,EG-Bio,"6x0,75l",15.5364,1.0164000000000009,7
95622,Apfelessig naturtrüb,Green organics,Deutschland,EG-Bio,"6x0,75l",10.143600000000001,0.6636000000000006,7
695330,Balsam-Apfelessig,Beutelsbacher,Europäische Union,100% Biozutaten,"12x0,33l",33.5124,2.1923999999999992,7
566031,Balsamico Bianco Condimento IGP,Schneider Fruchtsaft und Naturkost Vertrieb,Italien,100% Biozutaten,6x500ml,32.0358,2.0958000000000006,7
95060,Balsamico bianco Villa Franatoni,Greenlotus,Italien,100% Biozutaten,6x500ml,32.0358,2.0958000000000006,7
95039,Branntweinessig klar,Beutelsbacher,Deutschland,EG-Bio,"6x0,75l",10.4646,0.6846000000000014,7
98698,Condimento Balsamico bianco,San Vicario,Italien,100% Biozutaten,6x500ml,33.961800000000004,2.2218000000000053,7
695465,Condimento bianco - Kanister,Byodo,Italien,100% Biozutaten,5l,33.1165,2.1665000000000028,7
592110,Condimento Bianco - Kanister,La Selva,Italien,100% Biozutaten,5l,28.355,1.8550000000000004,7
95137,Condimento bianco DEMETER,Naturata,Italien,Demeter (Deutschland),6x250ml,34.0902,2.2302000000000035,7
697220,Condimento bianco Sofia,La Selva,Italien,100% Biozutaten,6x250ml,44.23380000000001,2.893800000000006,7
95631,Condimento bianco,Byodo,Italien,100% Biozutaten,6x500ml,23.754,1.554000000000002,7
95052,Condimento bianco,Green organics,Italien,100% Biozutaten,6x500ml,12.7758,0.8358000000000008,7
92108,Condimento bianco,La Selva,Italien,Naturland,6x500ml,21.507,1.407,7
95196,Condimento bianco,Naturata,Italien,100% Biozutaten,6x500ml,24.1392,1.5792000000000002,7
592115,Condimento Rosato,La Selva,Italien,100% Biozutaten,6x500ml,21.507,1.407,7
592416,Condimento rosso,Byodo,Italien,100% Biozutaten,6x500ml,23.754,1.554000000000002,7
638502,Crema al Balsamico bianco,San Vicario,Italien,100% Biozutaten,6x150ml,26.2578,1.7178000000000004,7
697988,Crema all' aceto di mele - Apfel-Balsamcreme,La Selva,Italien,100% Biozutaten,6x250ml,23.561400000000003,1.541400000000003,7
638501,Crema all`Aceto Balsamico di Modena IGP,San Vicario,Italien,100% Biozutaten,6x150ml,26.2578,1.7178000000000004,7
95877,Crema bianca - helle Balsamcreme,La Selva,Italien,100% Biozutaten,6x250ml,23.561400000000003,1.541400000000003,7
95199,Crema con Aceto Balsamico di Modena IGP DEMETER,Naturata,Italien,Demeter (Deutschland),6x150ml,24.781200000000002,1.6212000000000018,7
95690,Crema con Aceto Balsamico di Modena IGP,Byodo,Italien,100% Biozutaten,6x150ml,19.195800000000002,1.2558000000000007,7
95876,Crema di Aceto Balsamico di Modena IGP mit Kakao,La Selva,Italien,100% Biozutaten,6x250ml,27.927000000000003,1.8270000000000017,7
95887,Crema di Aceto Balsamico di Modena IGP,La Selva,Italien,100% Biozutaten,6x250ml,23.561400000000003,1.541400000000003,7
615049,Crema di Aceto Balsamico di Modena IGP,La Selva,Italien,100% Biozutaten,6x500ml,38.455799999999996,2.5157999999999987,7
695887,Crema gialla - helle Balsamcreme mit Zitrone,La Selva,Italien,100% Biozutaten,6x250ml,27.927000000000003,1.8270000000000017,7
695640,Crema mit Basilikum,Byodo,Italien,100% Biozutaten,6x150ml,21.1218,1.381800000000002,7
695639,Crema mit schwarzer Johannisbeere,Byodo,Italien,100% Biozutaten,6x150ml,21.1218,1.381800000000002,7
695643,Einführungspaket - Muster,Byodo,Italien,100% Biozutaten,Stück,0,0,7
95600,Eos-Apfelessig naturtrüb,EOS,Baden-Württemberg,EG-Bio,"6x0,75l",11.491800000000001,0.7518000000000011,7
696086,Feiner Würzessig - 5% Säure,Byodo,Deutschland,100% Biozutaten,"6x0,5l",13.803,0.9030000000000005,7
695621,Granatapfel Balsam - 5% Säure,Byodo,Deutschland,100% Biozutaten,6x250ml,25.615800000000004,1.6758000000000024,7
695620,Himbeer Balsam - 5% Säure,Byodo,Deutschland,100% Biozutaten,6x250ml,27.5418,1.8018,7
95620,Himbeeressig - 5% Säure,Byodo,Diverse,100% Biozutaten,6x500ml,29.853,1.953000000000003,7
95605,Kräuteressig aus Branntwein- 5% Säure,Byodo,Diverse,100% Biozutaten,6x500ml,14.059800000000001,0.9198000000000004,7
95036,Kräuteressig klar,Beutelsbacher,Diverse,100% Biozutaten,"6x0,75l",12.519,0.8190000000000008,7
695619,Lemon Balsam - 5% Säure,Byodo,Diverse,100% Biozutaten,6x250ml,25.615800000000004,1.6758000000000024,7
581084,Reisessig Genmai Su,Arche,Japan,EG-Bio,6x250ml,19.6452,1.2851999999999997,7
95610,Rotweinessig - 6% Säure,Byodo,Italien,EG-Bio,6x500ml,14.059800000000001,0.9198000000000004,7
701530,Rotweinessig,Bio Company,Italien,EG-Bio,12x500ml,18.8748,1.2348,7
695861,Ume Su,Arche,Japan,100% Biozutaten,6x145ml,10.5288,0.6888000000000005,7
695461,Weißweinessig 6% Säure - Kanister,Byodo,Bayern,EG-Bio,5l,13.8565,0.9065000000000012,7
95615,Weißweinessig 6% Säure,Byodo,Italien,EG-Bio,6x500ml,14.059800000000001,0.9198000000000004,7
698158,Weißweinessig DEMETER,Il Cesto,Griechenland,Demeter (Deutschland),6x500ml,21.699600000000004,1.4196000000000026,7
95040,Weißweinessig naturtrüb DEMETER,Beutelsbacher,Italien,Demeter (Deutschland),"6x0,75l",16.306800000000003,1.0668000000000024,7
701532,Weißweinessig,Bio Company,Italien,EG-Bio,12x500ml,18.8748,1.2348,7
95068,Weißweinessig,Green organics,Italien,EG-Bio,6x500ml,8.474400000000001,0.5544000000000011,7
629397,Natron Vitavegan KONVENTIONELL,Biovegan,Diverse,S#,1kg,3.317,0.21700000000000008,7
574083,Agava Dattelsirup - Spenderflasche,Agava,AE,100% Biozutaten,6x350g,15.985800000000001,1.0458000000000016,7
574062,Agavendicksaft - Glas,Agava,Mexico,100% Biozutaten,6x1000g,48.0858,3.1458000000000013,7
586839,Agavendicksaft - Spenderflasche,Green organics,Mexico,EG-Bio,5x700g,19.795,1.2950000000000017,7
86101,Agavendicksaft - Spenderflasche,Allos,Mexico,EG-Bio,6x250ml,22.791,1.4909999999999997,7
574060,Agavendicksaft - Spenderflasche,Agava,Mexico,Naturland,6x350g,15.985800000000001,1.0458000000000016,7
586102,Agavendicksaft - Spenderflasche,Allos,Mexico,EG-Bio,6x500ml,44.298,2.8980000000000032,7
574061,Agavendicksaft - Spenderflasche,Agava,Mexico,Naturland,6x700g,28.248,1.8480000000000025,7
586173,Agavendicksaft - Spenderflasche,Green organics,Mexico,EG-Bio,6x700g,23.754,1.554000000000002,7
86055,Agavendicksaft dunkel - Glas,Green organics,Mexico,EG-Bio,6x1kg,34.347,2.247,7
586116,Agavendicksaft dunkel - Spenderflasche,Green organics,Mexico,EG-Bio,6x350g,13.803,0.9030000000000005,7
701750,Agavendicksaft hell - rPET Spenderflasche,Bio Company,Mexico,EG-Bio,6x500g,19.26,1.2600000000000016,7
86109,Agavendicksaft,Allos,Mexico,EG-Bio,3x2kg,58.101,3.801000000000002,7
86108,Agavendicksaft,Allos,Mexico,EG-Bio,6x1kg,67.28160000000001,4.401600000000009,7
586890,Agavensüße,Naturata,Mexico,EG-Bio,7x60g,18.1258,1.1858000000000004,7
86146,Ahornsirup Grad A,Naturata,Kanada,EG-Bio,6x250ml,32.0358,2.0958000000000006,7
86147,Ahornsirup Grad A,Naturata,Kanada,EG-Bio,6x375ml,47.4438,3.1037999999999997,7
586079,Ahornsirup Grad C,Green organics,Kanada,EG-Bio,12x250ml,47.122800000000005,3.082800000000006,7
86056,Ahornsirup Grad C,Green organics,Kanada,EG-Bio,12x375ml,68.9508,4.510800000000003,7
86148,Ahornsirup Grad C,Naturata,Kanada,EG-Bio,6x250ml,32.0358,2.0958000000000006,7
86149,Ahornsirup Grad C,Naturata,Kanada,EG-Bio,6x375ml,47.4438,3.1037999999999997,7
586891,Ahornsüße,Naturata,Kanada,EG-Bio,7x50g,18.1258,1.1858000000000004,7
699783,Amazake Brauner Reis vegan glutenfrei,Terrasana,Diverse,100% Biozutaten,6x380g,21.6354,1.4154000000000018,7
699782,Amazake Hirse vegan glutenfrei,Terrasana,Diverse,100% Biozutaten,6x370g,10.849800000000002,0.7098000000000013,7
586892,Bananensüße,Naturata,Ecuador,EG-Bio,7x60g,22.1704,1.450400000000002,7
586715,Birkenzucker BIO-Xylit,Bio Vita,Diverse,100% Biozutaten,6x600g,39.626999999999995,6.326999999999998,19
685217,Birkenzucker Xylit Goldstaub Puder,Birkengold,Diverse,EG-Bio,6x350g,32.3568,2.1168000000000013,7
685216,Birkenzucker Xylit Kristallin,Birkengold,Diverse,EG-Bio,6x500g,32.3568,2.1168000000000013,7
685218,Birkenzucker Xylit Sticks 50St.,Birkengold,Diverse,EG-Bio,6x200g,21.507,1.407,7
29014,Bourbon-Vanillezucker,Bio Vita,Diverse,100% Biozutaten,35x10g,25.0915,1.6415000000000006,7
699689,Dattel Rohmasse,Govinda,AE,EG-Bio,6x250g,9.886800000000001,0.6468000000000007,7
698877,Dattel Rohmasse,Govinda,AE,EG-Bio,6x500g,15.5364,1.0164000000000009,7
699261,Dattelsirup,Govinda,AE,EG-Bio,6x250g,13.161000000000001,0.8610000000000007,7
586917,Dattelsirup,Green organics,Diverse,EG-Bio,6x250g,10.721400000000001,0.7014000000000014,7
698878,Dattelzucker,Govinda,AE,EG-Bio,6x400g,27.927000000000003,1.8270000000000017,7
586894,Erdbeersüße,Naturata,Deutschland,100% Biozutaten,7x55g,27.1887,1.7787000000000006,7
685219,Erythrit,Birkengold,Diverse,EG-Bio,6x500g,28.89,1.8900000000000006,7
574066,Flüssige Reissüße - Spenderflasche,Agava,Italien,EG-Bio,6x350g,15.985800000000001,1.0458000000000016,7
586706,Gelierzucker aus Baden-Württemberg BIOLAND,Landmacher,Baden-Württemberg,Bioland,10x500g,24.503,1.6030000000000015,7
86043,Gerstenmalz,Arche,Italien,EG-Bio,6x400g,19.902,1.3019999999999996,7
586098,Gerstenmalzextrakt DEMETER,Lindenmeyer,Diverse,Demeter (Deutschland),6x400g,24.3318,1.5918000000000028,7
86029,Gula Java brut Kokosblütenzucker grob gemahlen,Amanprana,Indonesien,EG-Bio,4x310g,31.329600000000003,2.0496000000000016,7
586895,Himbeersüße,Naturata,Deutschland,100% Biozutaten,7x55g,27.1887,1.7787000000000006,7
586896,Johannisbeersüße,Naturata,Deutschland,100% Biozutaten,7x60g,27.1887,1.7787000000000006,7
529585,Karamell Sauce Classic,Kuhbonbon,Polen,100% Biozutaten,8x250g,26.964000000000002,1.764000000000003,7
529586,Karamell Sauce Salted Caramel,Kuhbonbon,Polen,100% Biozutaten,8x250g,26.964000000000002,1.764000000000003,7
574064,Kokosblütendicksaft - Spenderflasche,Agava,Philippinen,EG-Bio,6x350g,20.4798,1.3398000000000003,7
586586,Kokosblütenzucker,Morgenland,Indonesien,EG-Bio,6x300g,12.262200000000002,0.8022000000000009,7
586829,Kokosblütenzucker,Unverpackt für Alle,Indonesien,EG-Bio,6x390g,24.3318,1.5918000000000028,7
586893,Mangosüße,Naturata,Mexico,EG-Bio,7x55g,22.1704,1.450400000000002,7
86001,Puderzucker aus Rohrohrzucker,Naturata,Diverse,EG-Bio,10x200g,15.301000000000002,1.0010000000000012,7
86016,Puderzucker DEMETER,Naturata,Paraguay,Demeter (Deutschland),10x125g,11.984,0.7840000000000007,7
586916,Reissirup braun,Green organics,Pakistan,EG-Bio,6x180ml,8.8596,0.579600000000001,7
626855,Reissirup glutenfrei,Naturkostmühle Werz,Europäische Union,EG-Bio,6x460G,17.462400000000002,1.142400000000002,7
586915,Reissirup weiß,Green organics,Pakistan,EG-Bio,6x180ml,8.8596,0.579600000000001,7
86046,Reissirup,Arche,Italien,EG-Bio,6x400g,19.067400000000003,1.2474000000000025,7
586136,Rohrohrzucker - lose,Naturata,Diverse,EG-Bio,25kg,68.373,4.473000000000006,7
586133,Rohrohrzucker Demerara,Naturata,Indien,EG-Bio,5x1kg,21.0255,1.3755000000000024,7
586071,Rohrohrzucker Demerara,Naturata,Indien,EG-Bio,6x500g,14.3808,0.9408000000000012,7
586135,Rohrohrzucker fein DEMETER,Naturata,Paraguay,Demeter (Deutschland),5x1kg,21.1325,1.3825000000000003,7
586074,Rohrohrzucker fein Syramena,Naturata,Diverse,EG-Bio,6x500g,12.7758,0.8358000000000008,7
586169,Rohrohrzucker UFRA-Projekt,Davert Mühle,Brasilien,Naturland,8x1kg,25.5088,1.668800000000001,7
702022,Rohrohrzucker,Bio Company,Diverse,EG-Bio,10x1kg,21.079,1.3790000000000013,7
86050,Rohrohrzucker,Green organics,Diverse,EG-Bio,10x500g,13.696000000000002,0.8960000000000008,7
86051,Rohrohrzucker,Green organics,Diverse,EG-Bio,12x1kg,24.6528,1.6128,7
702020,Rohrohrzucker,Bio Company,Paraguay,EG-Bio,12x500g,22.213200000000004,1.4532000000000025,7
586131,Rohrohrzucker,Naturata,Diverse,EG-Bio,5x1kg,18.3505,1.2005000000000017,7
586721,Rohrohrzucker,Burgermühle,Diverse,EG-Bio,6x1kg,13.225200000000001,0.8652000000000015,7
586720,Rohrohrzucker,Burgermühle,Diverse,EG-Bio,9x500g,11.459700000000002,0.7497000000000007,7
586718,Rübenzucker BIOLAND,Burgermühle,Deutschland,Bioland,6x1kg,15.0228,0.982800000000001,7
586137,Rübenzucker DEMETER,Naturata,Deutschland,Demeter (Deutschland),6x500g,14.894400000000001,0.974400000000001,7
586705,Rübenzucker weiß aus Baden-Württemberg BIOLAND,Landmacher,Baden-Württemberg,Bioland,10x1kg,28.462000000000003,1.8620000000000019,7
586132,Rübenzucker,Naturata,Deutschland,EG-Bio,5x1kg,17.9225,1.1724999999999994,7
586076,Rübenzucker,Naturata,Deutschland,EG-Bio,6x500g,12.390600000000001,0.8106000000000009,7
96993,Steevia Dulce Flüssigextrakt,Vitaldoc,Diverse,konventionell,100ml,5.2002999999999995,0.8302999999999994,19
695982,Steevia Extrakt Pulver,Vitaldoc,Diverse,konventionell,50g,10.709999999999999,1.709999999999999,19
96994,Steevia Fluid Flüssigextrakt,Vitaldoc,Diverse,konventionell,50ml,5.831,0.931,19
96991,Steevia Steviosid - Nachfüllbeutel,Vitaldoc,Diverse,konventionell,50g,9.7104,1.5503999999999998,19
96996,Steevia Tabs - Nachfüllbeutel,Vitaldoc,Diverse,konventionell,500Stück,7.2233,1.1532999999999998,19
96995,Steevia Tabs - Spenderbox,Vitaldoc,Diverse,konventionell,300Stück,5.0456,0.8056000000000001,19
96599,Stevia Tabs - Spenderbox,Govinda,Diverse,konventionell,6x300Stück,15.472200000000003,1.0122000000000018,7
586716,Tafelsüße BIO-Erythritol,Bio Vita,Diverse,100% Biozutaten,6x550g,39.626999999999995,6.326999999999998,19
86026,Traubenzucker,Bio Vita,Diverse,100% Biozutaten,6x400g,24.3318,1.5918000000000028,7
85073,Vanillezucker,Arche,Diverse,100% Biozutaten,18x5Stück,47.9574,3.1373999999999995,7
687058,Vollrohrzucker Mascobado,GEPA,Philippinen,Naturland,5x500g,17.2805,1.1305000000000014,7
586130,Vollrohrzucker Sucanat,Naturata,Costa Rica,EG-Bio,5x800g,22.042,1.4420000000000002,7
586075,Vollrohrzucker Sucanat,Naturata,Costa Rica,EG-Bio,6x400g,15.2796,0.9996000000000009,7
86014,Würfelzucker DEMETER,Naturata,Paraguay,Demeter (Deutschland),10x500g,31.458000000000002,2.0580000000000034,7
529974,Agar-Agar GelierFIX glutenfrei,Biovegan,Marokko,EG-Bio,15x30g,41.9475,6.697499999999998,19
681244,AgarAgar gemahlen,Arche,Diverse,EG-Bio,12x30g,35.557199999999995,5.677199999999996,19
629253,Agaranta pflanzliches Geliermittel glutenfrei,Biovegan,Diverse,95%,12x18g,14.766000000000002,0.9660000000000011,7
699273,Apfelpektin - KONVENTIONELL,Arche,Diverse,konventionell,15x20g,26.964000000000002,1.764000000000003,7
529163,Apfelpektin nicht amidiert - KONVENTIONELL,Bio Vita,Diverse,konventionell,12x15g,18.7464,1.2264000000000017,7
29007,Blatt-Gelatine,Sobo,Deutschland,EG-Bio,20x6Blatt,16.05,1.0500000000000007,7
629356,Ei-Ersatz,Biovegan,Frankreich,100% Biozutaten,15x20g,14.445,0.9450000000000003,7
529214,Fruchtgel,Arche,Diverse,95%,18x22g,19.6452,1.2851999999999997,7
29009,Gelatine gemahlen,Sobo,Deutschland,EG-Bio,15x9g,10.7535,0.7035,7
86020,Gelierzucker 2:1 aus Rohrohrzucker,Naturata,Diverse,97%,8x500g,21.828,1.4280000000000008,7
529996,Gelierzucker 2:1 glutenfrei,Biovegan,Diverse,98%,8x500g,16.692,1.0920000000000005,7
629197,Gelierzucker 3:1 glutenfrei,Biovegan,Diverse,96%,8x500g,26.450400000000002,1.730400000000003,7
626303,Guarkernmehl BindeFIX Kaltspeisen glutenfrei,Biovegan,Indien,EG-Bio,8x100g,22.7528,3.6327999999999996,19
29132,Guarkernmehl,Arche,Indien,EG-Bio,6x125g,19.992,3.192,19
629312,Johannisbrotkernmehl BindeFIX für Warmspeisen glf,Biovegan,Deutschland,EG-Bio,12x50g,44.98199999999999,7.181999999999995,19
529260,Konfitura Geliermittel glutenfrei,Biovegan,Diverse,95%,15x22g,18.1365,1.1865000000000023,7
629254,Konfitura Geliermittel glutenfrei,Biovegan,Diverse,95%,8x100g,30.9872,2.0272000000000006,7
629448,Mein Tortenguss klar glutenfrei,Biovegan,Diverse,96%,12x2x6g,9.1164,0.5964000000000009,7
561014,My.Yo Joghurtferment Lacto Pro + Inulin,Metafood,Diverse,EG-Bio,3x25g,5.6603,0.3703000000000003,7
561015,My.Yo Joghurtferment mild,Metafood,Diverse,EG-Bio,3x5g,4.3763000000000005,0.28630000000000067,7
561017,My.Yo Joghurtferment vegan,Metafood,Diverse,EG-Bio,3x5g,5.6603,0.3703000000000003,7
561016,My.Yo Kefirferment Lacto Pro,Metafood,Deutschland,EG-Bio,3x5g,4.8043000000000005,0.31430000000000025,7
29142,Pfeilwurzelstärke,Arche,Indien,EG-Bio,6x125g,16.422,2.622,19
29128,Sahne Fest,Arche,Deutschland,100% Biozutaten,20x3x8g,14.124,0.9240000000000013,7
629411,Sahnestark,Lecker's,Österreich,100% Biozutaten,15x4x8g,9.951,0.6509999999999998,7
530029,Sahnesteif glutenfrei,Biovegan,Deutschland,100% Biozutaten,16x3x6g,12.1552,0.7952000000000012,7
567083,Tapiokastärke,Arche,Diverse,EG-Bio,6x200g,13.482000000000001,0.8820000000000014,7
629156,Tortenguss rot glutenfrei,Biovegan,Deutschland,96%,12x2x7g,9.1164,0.5964000000000009,7
529184,VegEgg Ei-Ersatz,Arche,Diverse,100% Biozutaten,6x175g,23.9466,1.566600000000001,7
29094,Zitronensäure glutenfrei - KONVENTIONELL,Biovegan,Österreich,konventionell,20x10g,13.09,2.09,19
29018,Zitronensäure zum Einkochen - KONVENTIONELL,Bio Vita,Diverse,konventionell,12x10g,7.7112,1.2311999999999994,19
29908,Aktive Trockenhefe granuliert,Agrano,Deutschland,EG-Bio,40x9g,20.972,1.3719999999999999,7
586124,Backmalz aus Gerstenmalzmehl DEMETER,Lindenmeyer,Diverse,Demeter (Deutschland),6x200g,18.104400000000002,1.1844000000000001,7
29927,Backoblaten 44mm Ø DEMETER,Hoch Oblatenfabrik,Deutschland,Demeter (Deutschland),16x100Stück,16.264,1.064,7
629414,Backpulver,Agava,Deutschland,100% Biozutaten,16x3x15g,9.416000000000002,0.6160000000000014,7
701061,Bourbon Vanilleschoten,Bio Company,RM,EG-Bio,10x2Stück,29.96,1.9600000000000009,7
635295,Bourbon Vanilleschoten,Lebensbaum,RM,EG-Bio,8Stück,19.088800000000003,1.2488000000000028,7
530007,Bourbon-Vanille gemahlen - Glas,Biovegan,RM,EG-Bio,6x15g,39.483000000000004,2.5830000000000055,7
629391,Bourbon-Vanille gemahlen,Biovegan,Diverse,EG-Bio,20x5g,38.306,2.5060000000000002,7
85081,Bourbon-Vanille gemahlen,Naturata,COM,EG-Bio,6x10g,25.615800000000004,1.6758000000000024,7
629394,Bourbon-Vanilleschoten 2St,Biovegan,RM,EG-Bio,10x2Stück,28.141000000000002,1.841000000000001,7
85083,Bourbon-Vanillezucker DEMETER,Naturata,Diverse,Demeter (Deutschland),30x8g,18.939,1.2390000000000008,7
85535,Bourbon-Vanillezucker,Lebensbaum,Diverse,100% Biozutaten,20x4x8g,31.458000000000002,2.0580000000000034,7
529896,Bourbon-Vanillezucker,Lecker's,Diverse,100% Biozutaten,35x2Bt,45.3145,2.964500000000001,7
35027,Carobpulver glutenfrei,Naturkostmühle Werz,Brasilien,EG-Bio,6x200g,15.664800000000001,1.0248000000000008,7
55160,Cashewbruch,Naturata,Vietnam,EG-Bio,7x200g,24.3425,1.5925000000000011,7
55063,Edel-Kakaostücke,Flores Farm,Diverse,EG-Bio,6x100g,16.064999999999998,2.5649999999999977,19
35024,Edelkakao schwach entölt 20-22%,Naturata,Dominikanische Republik,EG-Bio,10x125g,38.734,2.533999999999999,7
629306,Eiweiß-Ersatz,Biovegan,Diverse,100% Biozutaten,10x2x10g,6.42,0.41999999999999993,7
698370,EyGelb Eigelb-Ersatz vegan,My Egg,Europäische Union,100% Biozutaten,6x200g,50.397000000000006,3.297000000000004,7
698368,EyWeiß Eiweiß-Ersatz vegan,My Egg,Europäische Union,95%,6x200g,50.397000000000006,3.297000000000004,7
629193,Farbspaß glutenfrei - färbende Lebensmittel,Biovegan,Diverse,100% Biozutaten,7x6x8g,40.4005,6.450499999999998,19
699501,Feine Bitter Kuvertüre 70% vegan,Vivani,Diverse,100% Biozutaten,12x150g,48.02160000000001,3.141600000000004,7
29052,Feine Speisestärke aus Mais glutenfrei,Bauck,Diverse,EG-Bio,6x250g,9.63,0.6300000000000008,7
529157,Feine Speisestärke glutenfrei,Biovegan,Österreich,EG-Bio,4x250g,6.2488,0.4088000000000003,7
699326,Flohsamenschalen Pulver glutenfrei,Naturkostmühle Werz,Indien,EG-Bio,500g,10.582300000000002,0.6923000000000012,7
699540,Haferpulver Barista Base,Blue Farm,Diverse,99%,6x300g,31.779,2.0790000000000006,7
699542,Haferpulver Chai Latte,Blue Farm,Diverse,99%,6x300g,55.533,3.6330000000000027,7
699543,Haferpulver Matcha Latte,Blue Farm,Diverse,99%,6x300g,52.579800000000006,3.4398000000000053,7
699541,Haferpulver Pure Base,Blue Farm,Diverse,100% Biozutaten,6x300g,29.853,1.953000000000003,7
580332,Hanfprotein aus Hanfmehl,Allgäuer Ölmühle,Baden-Württemberg,EG-Bio,4x500g,21.0148,1.3748000000000005,7
555533,Haselnusskerne gehackt,Morgenland,Türkei,EG-Bio,8x100g,21.485599999999998,1.4055999999999997,7
555534,Haselnusskerne gemahlen,Morgenland,Türkei,EG-Bio,8x150g,29.104,1.904,7
29012,Hirschhornsalz KONVENTIONELL,Bio Vita,Deutschland,konventionell,12x20g,9.501600000000002,0.6216000000000008,7
699107,Johannisbrotkernmehl,Govinda,Italien,EG-Bio,100g,6.961499999999999,1.1114999999999995,19
555553,Kakao Nibs Fairtrade,Davert Mühle,Peru,EG-Bio,8x150g,57.596,9.195999999999998,19
35034,Kakao schwach entölt 20-22%,Naturata,Dominikanische Republik,EG-Bio,10x125g,38.734,2.533999999999999,7
35036,Kakao stark entölt 10-12%,Naturata,Dominikanische Republik,EG-Bio,10x125g,33.17,2.1700000000000017,7
592785,Kakaobohnen,Terrasana,Diverse,EG-Bio,6x250g,69.8292,11.1492,19
592786,Kakaonibs,Terrasana,Diverse,EG-Bio,6x230g,78.0402,12.4602,19
529231,Kartoffelmehl glutenfrei,Spielberger,Diverse,EG-Bio,4x250g,5.1788,0.3388,7
29053,Kartoffelmehl glutenfrei,Bauck,Diverse,EG-Bio,6x250g,9.63,0.6300000000000008,7
555900,Kokoschips ungeröstet,Biotropic,Diverse,EG-Bio,6x100g,7.6398,0.49980000000000047,7
555902,Kokosraspeln,Biotropic,Diverse,EG-Bio,6x250g,12.262200000000002,0.8022000000000009,7
29129,Kuzu feines Bindemittel,Arche,Japan,EG-Bio,6x125g,45.582,2.9819999999999993,7
85048,Lübecker Honigmarzipan ohne Überzug,Lubs,Diverse,100% Biozutaten,12x100g,44.811600000000006,2.931600000000003,7
85052,Lübecker Honigmarzipan ohne Überzug,Lubs,Diverse,100% Biozutaten,6x250g,44.747400000000006,2.9274000000000058,7
29946,Mandarinen- & Limettenöl - je 2x2ml im Blister,Lecker's,Diverse,EG-Bio,8x4Stück,27.5128,4.392799999999998,19
592873,Mandeln gehobelt,Morgenland,Europäische Union,EG-Bio,8x100g,18.660800000000002,1.2208000000000006,7
592874,Mandeln gemahlen,Morgenland,Europäische Union,EG-Bio,8x150g,25.252000000000002,1.652000000000001,7
592875,Mandeln gestiftelt,Morgenland,Europäische Union,EG-Bio,8x100g,18.660800000000002,1.2208000000000006,7
629419,Mein Backferment,Biovegan,Diverse,100% Biozutaten,10x18g,9.309,0.609,7
529216,Mein Kakao schwach entölt - Fairtrade,Biovegan,Diverse,EG-Bio,6x125g,26.001,1.7010000000000005,7
529217,Meine Bourbon Vanille Paste,Biovegan,Diverse,100% Biozutaten,10x50g,27.713,1.8130000000000024,7
629451,Meine Meisterbackhefe Familienpack,Biovegan,Diverse,Naturland,24x3x7g,42.885600000000004,2.8056000000000054,7
629450,Meine Meisterbackhefe trocken,Biovegan,Diverse,Naturland,25x7g,17.3875,1.1374999999999993,7
629196,Meister Backpulver mit Tapiokastärke,Biovegan,Deutschland,100% Biozutaten,16x3x17g,10.272,0.6720000000000006,7
529949,Natron glutenfrei - KONVENTIONELL,Biovegan,Deutschland,konventionell,20x20g,13.054,0.854000000000001,7
29029,Natron KONVENTIONELL,Bio Vita,Deutschland,konventionell,12x20g,7.1904,0.4704000000000006,7
626305,Natron KONVENTIONELL,Biovegan,Diverse,konventionell,8x100g,10.0152,0.6552000000000007,7
542252,Natron,Gesund & Leben Guterrat,Diverse,konventionell,200g,2.8997,0.1897000000000002,7
29900,Natur-Sauerteig flüssig,Fontaine,Deutschland,100% Biozutaten,15x150g,23.112000000000002,1.5120000000000005,7
29126,Natursauerteig,Arche,Deutschland,100% Biozutaten,6x125g,13.610400000000002,0.8904000000000014,7
699188,Orange ätherisches Gewürzöl,Sonnentor,Diverse,EG-Bio,5ml,3.4775,0.22750000000000004,7
529950,Orangeat gewürfelt - Becher,Lecker's,Italien,100% Biozutaten,10x100g,13.803,0.9030000000000005,7
29933,Orangenöl - Blister,Lecker's,Italien,EG-Bio,8x4Stück,20.563200000000002,3.283200000000001,19
530010,Orangenschale gerieben glutenfrei,Biovegan,Italien,EG-Bio,20x9g,16.906000000000002,1.1060000000000016,7
29013,Pottasche KONVENTIONELL,Bio Vita,Deutschland,konventionell,12x20g,9.7584,0.6384000000000007,7
699189,Punsch und Kekse ätherisches Gewürzöl,Sonnentor,Diverse,100% Biozutaten,5ml,5.671,0.37100000000000044,7
629422,Roggen Sauerteig im Glas,Agava,Deutschland,100% Biozutaten,6x180g,11.877,0.777000000000001,7
629410,Rosenwasser,Agava,Italien,EG-Bio,5x100ML,16.6492,1.0892,7
699190,Salate und Dips ätherisches Gewürzöl,Sonnentor,Diverse,100% Biozutaten,5ml,5.671,0.37100000000000044,7
629112,Sauerteig Dinkel flüssig,Biovegan,Deutschland,100% Biozutaten,10x100g,18.725,1.2250000000000014,7
529958,Sauerteig Extrakt aus Dinkel BIOLAND,Biovegan,Deutschland,Bioland,12x30g,12.4548,0.8148,7
529959,Sauerteig Extrakt aus Roggen BIOLAND,Biovegan,Deutschland,Bioland,12x30g,13.096800000000002,0.8568000000000016,7
529164,Sauerteig Roggen flüssig BIOLAND,Biovegan,Deutschland,Bioland,10x150g,18.725,1.2250000000000014,7
585876,Schoko-Streusel,Bio Vita,Diverse,100% Biozutaten,12x50g,22.213200000000004,1.4532000000000025,7
530020,Schoko-Tropfen Zartbitter backstabil,Lecker's,Diverse,99%,12x100g,35.31,2.3100000000000023,7
529230,Speisestärke aus Mais glutenfrei,Spielberger,Diverse,EG-Bio,4x250g,5.1788,0.3388,7
681243,Tempura Fix,Arche,Diverse,97%,6x200g,11.556000000000001,0.7560000000000002,7
29919,Trockenhefe,Lecker's,Deutschland,EG-Bio,40x9g,18.404,1.2040000000000006,7
699191,Vanille-Extrakt ätherisches Gewürzöl,Sonnentor,Diverse,EG-Bio,5ml,6.7410000000000005,0.4410000000000007,7
95968,Vanillepulver,Sonnentor,RM,EG-Bio,6x10g,35.1174,2.297400000000003,7
629195,Vanillezucker glutenfrei,Biovegan,Diverse,100% Biozutaten,12x4x8g,15.408000000000001,1.008000000000001,7
95962,Vanillezucker,Sonnentor,Diverse,100% Biozutaten,6x50g,17.5908,1.1508000000000003,7
698369,VollEy Vollei-Ersatz vegan,My Egg,Europäische Union,95%,6x200g,50.653800000000004,3.3138000000000005,7
699502,Vollmilch Kuvertüre,Vivani,Diverse,100% Biozutaten,12x150g,42.757200000000005,2.7972000000000037,7
699796,Wallnussbruch,Kauf,Spanien,EG-Bio,8x450g,39.804,2.603999999999999,7
55188,Walnussbruch,Naturata,Republik Moldau,EG-Bio,7x150g,19.9234,1.3034,7
29067,Weinsteinbackpulver,Bio Vita,Diverse,100% Biozutaten,"12x25,5g",6.42,0.41999999999999993,7
29910,Weinsteinbackpulver,Lecker's,Österreich,100% Biozutaten,12x4Beutel,8.217600000000001,0.5376000000000012,7
690504,Weinsteinbackpulver,Arche,Deutschland,100% Biozutaten,15x3x18g,10.7535,0.7035,7
584959,Weiße Kuvertüre,Vivani,Diverse,100% Biozutaten,10x200g,36.38,2.3800000000000026,7
699503,Weiße Kuvertüre,Vivani,Diverse,100% Biozutaten,12x150g,44.041199999999996,2.8811999999999998,7
529951,Zitronat gewürfelt - Becher,Lecker's,Italien,100% Biozutaten,10x100g,13.803,0.9030000000000005,7
699187,Zitrone ätherisches Gewürzöl,Sonnentor,Diverse,EG-Bio,5ml,3.4775,0.22750000000000004,7
29934,Zitronenöl - Blister,Lecker's,Italien,EG-Bio,8x4Stück,20.563200000000002,3.283200000000001,19
530009,Zitronenschale gerieben glutenfrei,Biovegan,Italien,EG-Bio,20x9g,16.906000000000002,1.1060000000000016,7
29016,Zitronenschalen gerieben,Bio Vita,Diverse,EG-Bio,12x11g,9.501600000000002,0.6216000000000008,7
695920,Beeren Mousse,Byodo,Italien,100% Biozutaten,20Tüten,26.964000000000002,1.764000000000003,7
29085,Gourmetpudding Schokolade glutenfrei,Byodo,Italien,100% Biozutaten,20Tüten,19.046000000000003,1.2460000000000022,7
29081,Gourmetpudding Vanille glutenfrei - Vorrat,Byodo,Diverse,100% Biozutaten,kg,15.836000000000002,1.0360000000000014,7
29080,Gourmetpudding Vanille glutenfrei,Byodo,Italien,100% Biozutaten,20Tüten,19.046000000000003,1.2460000000000022,7
67636,Grießpudding glutenfrei,Bauck,Diverse,100% Biozutaten,6x2x65g,9.244800000000001,0.6048000000000009,7
695862,Mandel Pudding,Arche,Deutschland,100% Biozutaten,10x46g,8.453000000000001,0.5530000000000008,7
29021,Milchreis Bourbon-Vanille,Bio Vita,Diverse,100% Biozutaten,10x115g,13.803,0.9030000000000005,7
695919,Mousse au Chocolat,Byodo,Italien,100% Biozutaten,20Tüten,26.964000000000002,1.764000000000003,7
29095,Mousse-au-Chocolat instant,Sobo,Diverse,100% Biozutaten,12x77g,17.976000000000003,1.176000000000002,7
29082,Panna Cotta glutenfrei,Byodo,Diverse,100% Biozutaten,20Tüten,26.964000000000002,1.764000000000003,7
629434,Paradies-Pudding Vanille glutenfrei,Biovegan,Deutschland,100% Biozutaten,10x36g,6.313000000000001,0.41300000000000026,7
629311,Pudding Schoko mit Kokosblütenzucker,Biovegan,Deutschland,100% Biozutaten,10x55g,9.523000000000001,0.6230000000000011,7
29034,Puddingpulver Vanille,Bio Vita,Diverse,100% Biozutaten,15Stück,10.1115,0.6615000000000002,7
629243,Schlagcreme glf - nur mit Sojadrinks aufschlagbar,Biovegan,Diverse,100% Biozutaten,12x54g,18.618,1.218,7
695867,Schoko Pudding,Arche,Deutschland,99%,10x50g,8.453000000000001,0.5530000000000008,7
695918,Vanille Mousse,Byodo,Italien,100% Biozutaten,20Tüten,26.964000000000002,1.764000000000003,7
695866,Vanille Pudding,Arche,Deutschland,99%,10x40g,9.951,0.6509999999999998,7
690516,Vanille Soße,Arche,Diverse,100% Biozutaten,16x3x16g,28.9328,1.8928000000000011,7
629270,Vanille Soßen Zauber glutenfrei,Biovegan,Diverse,100% Biozutaten,7x2x16g,8.9131,0.5831,7
695897,Winterpudding,Arche,Diverse,100% Biozutaten,10x50g,10.700000000000001,0.7000000000000011,7
699324,4-Korn Rübli Häschen Vollkornkekse glutenfrei,Naturkostmühle Werz,Diverse,100% Biozutaten,6x125g,14.8302,0.9702000000000002,7
567944,Backmischung Apple Crumble Muffins glf.DEMETER,Bauck,Diverse,Demeter (Deutschland),6x400g,16.692,1.0920000000000005,7
567818,Backmischung Banana Bread Muffins glutenfrei,Bauck,Diverse,100% Biozutaten,6x280g,16.05,1.0500000000000007,7
567910,Backmischung Bauernbrot Vollkorn DEMETER,Spielberger,Diverse,Demeter (Deutschland),4x500g,5.1788,0.3388,7
567920,Backmischung Brownies glutenfrei,Spielberger,Diverse,100% Biozutaten,4x400g,10.657200000000001,0.6972000000000005,7
67645,Backmischung Brownies glutenfrei,Bauck,Diverse,100% Biozutaten,6x400g,17.9118,1.171800000000001,7
567945,Backmischung Cheesecake Brownies glutenfrei,Bauck,Diverse,100% Biozutaten,6x350g,17.9118,1.171800000000001,7
699132,Backmischung Crazy Carrot Cake glutenfrei,Naturkostmühle Werz,Diverse,100% Biozutaten,5x500g,22.6305,1.4805000000000028,7
699131,Backmischung die Schwäbische Seele glutenfrei,Naturkostmühle Werz,Diverse,100% Biozutaten,5x500g,21.988500000000002,1.4385000000000012,7
567639,Backmischung Dinkel-Muffins Schoko DEMETER,Bauck,Diverse,Demeter (Deutschland),6x300g,16.692,1.0920000000000005,7
67613,Backmischung Dinkel-Streuselkuchen DEMETER,Bauck,Diverse,Demeter (Deutschland),6x425g,16.692,1.0920000000000005,7
567637,Backmischung Dinkel-Zitronenkuchen DEMETER,Bauck,Diverse,Demeter (Deutschland),6x485g,17.9118,1.171800000000001,7
567778,Backmischung Hafer Pancakes glutenfrei,Bauck,Diverse,100% Biozutaten,6x180g,9.244800000000001,0.6048000000000009,7
567927,Backmischung Hefezopf glutenfrei,Spielberger,Diverse,100% Biozutaten,6x500g,15.985800000000001,1.0458000000000016,7
67618,Backmischung Käsekuchen glutenfrei,Bauck,Diverse,100% Biozutaten,6x485g,16.692,1.0920000000000005,7
567916,Backmischung Kraftbrot glutenfrei,Spielberger,Diverse,100% Biozutaten,6x600g,15.5364,1.0164000000000009,7
567817,Backmischung Lemonies glutenfrei,Bauck,Diverse,100% Biozutaten,6x500g,17.5908,1.1508000000000003,7
567662,Backmischung Marmorkuchen glutenfrei,Bauck,Diverse,100% Biozutaten,6x415g,17.9118,1.171800000000001,7
567917,Backmischung Pizzateig glutenfrei,Spielberger,Diverse,100% Biozutaten,4x350g,7.2332,0.4732000000000003,7
567815,Backmischung Schnelle Brötchen Hafer glutenfrei,Bauck,Diverse,100% Biozutaten,6x500g,16.692,1.0920000000000005,7
567816,Backmischung Schnelle Brötchen Saaten glutenfrei,Bauck,Diverse,100% Biozutaten,6x500g,16.692,1.0920000000000005,7
567819,Backmischung schneller Obstkuchen glutenfrei,Bauck,Diverse,100% Biozutaten,6x2x225g,16.05,1.0500000000000007,7
567633,Backmischung Schokokuchen DEMETER,Bauck,Diverse,Demeter (Deutschland),6x425g,17.9118,1.171800000000001,7
567661,Backmischung Waffeln & Pfannkuchen glutenfrei,Bauck,Diverse,100% Biozutaten,6x200g,9.244800000000001,0.6048000000000009,7
567961,Backmischung Wunderbrödchen Hafer glf. DEMETER,Bauck,Diverse,Demeter (Deutschland),6x350g,16.692,1.0920000000000005,7
567960,Backmischung Wunderbrödchen Original glf.DEMET,Bauck,Diverse,Demeter (Deutschland),6x350g,16.692,1.0920000000000005,7
567969,Backmischung Wunderbrödchen Protein glutenfrei,Bauck,Diverse,100% Biozutaten,6x350g,16.692,1.0920000000000005,7
567973,Backmischung Wunderbrödchen Weltmeister glf,Bauck,Diverse,100% Biozutaten,6x350g,16.692,1.0920000000000005,7
567976,Backmischung Wunderbrot Protein glutenfrei,Bauck,Diverse,100% Biozutaten,6x550g,20.865000000000002,1.365000000000002,7
567687,Brotbackmischung Haferbrot glutenfrei DEMETER,Bauck,Diverse,Demeter (Deutschland),6x500g,17.9118,1.171800000000001,7
567707,Brotbackmischung Krustenbrot Hafer glutenfrei,Bauck,Diverse,100% Biozutaten,6x500g,17.9118,1.171800000000001,7
567708,Brotbackmischung Mühlenbrot 7-Saaten glutenfrei,Bauck,Diverse,100% Biozutaten,6x500g,17.9118,1.171800000000001,7
67602,Brotbackmischung Schnellbrot glutenfrei,Bauck,Diverse,100% Biozutaten,6x500g,20.223,1.3230000000000004,7
635284,Brotbackmischung Schwarzbrot glutenfrei,Bauck,Diverse,100% Biozutaten,6x500g,17.9118,1.171800000000001,7
567597,Brotbackmischung Wunderbrot glutenfrei,Bauck,Diverse,100% Biozutaten,6x600g,20.865000000000002,1.365000000000002,7
567709,Brotbackmischung Wunderbrot Gold glutenfrei,Bauck,Diverse,100% Biozutaten,6x600g,20.865000000000002,1.365000000000002,7
567660,Brotbackmischung Wunderbrot mit Nüssen glutenfrei,Bauck,Diverse,100% Biozutaten,6x600g,25.359,1.6590000000000025,7
67641,Dinkel Kaiserschmarrn ohne Rosinen DEMETER,Bauck,Diverse,Demeter (Deutschland),6x160g,9.244800000000001,0.6048000000000009,7
67640,Dinkel Pfannkuchen ungesüßt DEMETER,Bauck,Diverse,Demeter (Deutschland),6x180g,9.244800000000001,0.6048000000000009,7
699666,Dinkel Vollkorn Häschen mit Schokolade,Naturkostmühle Werz,Diverse,100% Biozutaten,6x125g,9.309,0.609,7
567992,Fladenbrot-Backmischung glutenfrei,Bauck,Diverse,100% Biozutaten,6x350g,15.729000000000001,1.0290000000000017,7
567704,Flammkuchen-Backmischung glutenfrei,Bauck,Diverse,Demeter (Deutschland),6x2x200g,13.995600000000001,0.9156000000000013,7
567990,Hafer Baguette Backmischung glutenfrei,Bauck,Diverse,100% Biozutaten,6x400g,16.435200000000002,1.0752000000000024,7
626206,Keksbackmischung BIOLAND,Bohlsener Mühle,Diverse,Bioland,6x450g,13.161000000000001,0.8610000000000007,7
529219,Mein Tassenkuchen Salted Caramel Brownie vegan,Biovegan,Diverse,100% Biozutaten,12x55g,11.4276,0.7476000000000003,7
529218,Mein Tassenkuchen Schoko vegan,Biovegan,Diverse,100% Biozutaten,12x55g,11.4276,0.7476000000000003,7
629389,Mein Zitronenkuchen,Biovegan,Diverse,100% Biozutaten,6x450g,17.013,1.1130000000000013,7
629386,Meine Cheesecake Brownies,Biovegan,Diverse,100% Biozutaten,6x420g,19.195800000000002,1.2558000000000007,7
629387,Meine Cinnamon Rolls,Biovegan,Diverse,99%,6x440g,17.013,1.1130000000000013,7
629335,Meine Pancakes,Biovegan,Diverse,100% Biozutaten,6x200g,11.106600000000002,0.7266000000000012,7
567991,Pinsa Teig-Backmischung glutenfrei,Bauck,Diverse,100% Biozutaten,6x350g,16.435200000000002,1.0752000000000024,7
67612,Pizzateig-Backmischung Dinkel DEMETER,Bauck,Diverse,Demeter (Deutschland),6x350g,13.995600000000001,0.9156000000000013,7
567496,Pizzateig-Backmischung glutenfrei,Bauck,Diverse,100% Biozutaten,6x350g,13.995600000000001,0.9156000000000013,7
699325,Reis Häschen Schokolade Vollkornkekse glutenfrei,Naturkostmühle Werz,Diverse,100% Biozutaten,6x125g,18.4254,1.205400000000001,7
542390,Sternbackform+Rezeptheft mit 1kg WM 550 DEMETER,Spielberger,Europäische Union,Demeter (Deutschland),3Set,21.3486,3.4086,19
542389,VORORDER Sternbackform+Rezeptheft mit 1kg WM 550 D,Spielberger,Europäische Union,Demeter (Deutschland),3Set,21.3486,3.4086,19
542391,VORORDER Weihnachtsdose+Keksausstecher m. 1kg WM 5,Spielberger,Europäische Union,Demeter (Deutschland),5xSE,23.740499999999997,3.790499999999998,19
630382,Hafer Cuisine 13%,Oatly,Diverse,100% Biozutaten,18x250ml,20.800800000000002,1.3608000000000011,7
30400,Hafer Cuisine 8%,Natumi,Diverse,100% Biozutaten,15x200ml,13.803,0.9030000000000005,7
532572,Hafer Cuisine DEMETER Flasche,Voelkel,Diverse,Demeter (Deutschland),"10x0,33l",14.338000000000001,0.9380000000000006,7
530842,Hafer Cuisine,Allos,Diverse,100% Biozutaten,15x200ml,10.7535,0.7035,7
530829,Kokos Cuisine,Allos,Diverse,100% Biozutaten,15x200ml,19.26,1.2600000000000016,7
667789,Kokos Cuisine,Natumi,Diverse,100% Biozutaten,15x200ml,18.1365,1.1865000000000023,7
698997,Kokos Schlagcreme 30% Fett vegan,Terrasana,Diverse,100% Biozutaten,6x400ml,17.398200000000003,1.1382000000000012,7
699074,Kokosnuss Creme 100%,Terrasana,Diverse,EG-Bio,6x200g,16.8846,1.1045999999999996,7
530811,Mandel Cuisine,Allos,Diverse,100% Biozutaten,15x200ml,19.26,1.2600000000000016,7
667790,Mandel Cuisine,Natumi,Österreich,100% Biozutaten,15x200ml,18.1365,1.1865000000000023,7
30383,Reis Cuisine glutenfrei 8%,Natumi,Diverse,100% Biozutaten,15x200ml,13.803,0.9030000000000005,7
630404,Soja Cuisine glutenfrei 16%,Natumi,Diverse,100% Biozutaten,15x200ml,12.037500000000001,0.7875000000000014,7
530812,Soja Cuisine,Allos,Diverse,100% Biozutaten,15x200ml,10.7535,0.7035,7
530881,3 Nuss Macadamia Mandel Haselnuss Drink,Allos,Italien,100% Biozutaten,"6x1,0l",15.208199999999998,2.4281999999999986,19
530783,Barista Haferdrink,Green organics,Diverse,100% Biozutaten,"10x1,0l",12.376,1.975999999999999,19
667777,Cashewdrink Pur,Natumi,Vietnam,100% Biozutaten,"8x1,0l",18.9448,3.024800000000001,19
667797,Dinkeldrink mit Mandel,Natumi,Europäische Union,100% Biozutaten,"8x1,0l",18.9448,3.024800000000001,19
667804,Dinkeldrink natur,Natumi,Deutschland,100% Biozutaten,"8x1,0l",15.136800000000001,2.4168000000000003,19
530806,Dinkeldrink naturell,Allos,Europäische Union,100% Biozutaten,"12x1,0l",21.419999999999998,3.419999999999998,19
530882,Erdnuss Drink,Allos,Italien,100% Biozutaten,"6x1,0l",12.9948,2.0747999999999998,19
530869,Hafer Barista Drink,Allos,Europäische Union,100% Biozutaten,"6x1,0l",11.995199999999999,1.9151999999999987,19
667796,Hafer Chai Drink,Natumi,Diverse,100% Biozutaten,"6x1,0l",13.2804,2.1204,19
530846,Hafer Drink 0% Zucker,Allos,Europäische Union,100% Biozutaten,"6x1,0l",9.8532,1.5732,19
530859,Hafer Drink fettarm,Allos,Europäische Union,100% Biozutaten,"6x1,0l",9.8532,1.5732,19
530781,Hafer Drink natur,Green organics,Diverse,100% Biozutaten,"10x1,0l",12.376,1.975999999999999,19
630444,Hafer Kaffee,Natumi,Europäische Union,100% Biozutaten,"6x1,0l",12.7806,2.0405999999999995,19
530884,Hafer Macha Latte,Allos,Diverse,100% Biozutaten,"6x1,0l",12.852,2.0519999999999996,19
530844,Hafer-Mandel Drink ungesüßt,Allos,Diverse,100% Biozutaten,"6x1,0l",12.9948,2.0747999999999998,19
630378,Haferdrink Barista BIOLAND,Velike,Baden-Württemberg,Bioland,"12x1,0l",23.990399999999998,3.8303999999999974,19
532576,Haferdrink Barista Flasche,Voelkel,Diverse,100% Biozutaten,"6x0,75l",11.5668,1.8468,19
630515,Haferdrink Barista zuckerfrei,Natumi,Deutschland,100% Biozutaten,"8x1,0l",14.8512,2.3712,19
701995,Haferdrink Barista,Bio Company,Diverse,100% Biozutaten,10X1L,13.922999999999998,2.222999999999999,19
630396,Haferdrink Barista,Oatly,Schweden,100% Biozutaten,"6x1,0l",13.209,2.109,19
630513,Haferdrink Barista,Natumi,Diverse,100% Biozutaten,"8x1,0l",14.8512,2.3712,19
532574,Haferdrink DEMETER Flasche,Voelkel,Diverse,Demeter (Deutschland),"6x0,75l",10.5672,1.687199999999999,19
532575,Haferdrink Flasche,Voelkel,Diverse,100% Biozutaten,"6x0,75l",10.1388,1.6188000000000002,19
630377,Haferdrink mit Mandel BIOLAND,Velike,Baden-Württemberg,Bioland,"12x1,0l",23.990399999999998,3.8303999999999974,19
630447,Haferdrink mit Mandel,Natumi,Europäische Union,100% Biozutaten,"8x1,0l",19.2304,3.0703999999999994,19
630380,Haferdrink mit Meersalz,Oatly,Europäische Union,100% Biozutaten,"6x1,0l",11.352599999999999,1.8125999999999998,19
630375,Haferdrink natur BIOLAND,Velike,Baden-Württemberg,Bioland,"12x1,0l",23.990399999999998,3.8303999999999974,19
667776,Haferdrink natur NATURLAND glutenfrei,Natumi,Europäische Union,Naturland,"8x1,0l",13.613599999999998,2.1735999999999986,19
630450,Haferdrink natur NATURLAND,Natumi,Deutschland,Naturland,"8x1,0l",13.518399999999998,2.1583999999999985,19
530261,Haferdrink natur,Hofgut Storzeln,Regional,Bioland,"10x1,0l",19.397,3.0969999999999978,19
530805,Haferdrink naturell,Allos,Europäische Union,100% Biozutaten,"12x1,0l",19.7064,3.1464,19
667792,Haferdrink Omega-3,Natumi,Deutschland,100% Biozutaten,"8x1,0l",14.3752,2.2951999999999995,19
630451,Haferdrink Pur,Natumi,Diverse,100% Biozutaten,"8x1,0l",14.8512,2.3712,19
630514,Haferdrink Schoko,Natumi,Deutschland,100% Biozutaten,"8x1,0l",17.612,2.8119999999999976,19
630448,Haferdrink Vanille,Natumi,Diverse,100% Biozutaten,"8x1,0l",14.089599999999999,2.249599999999999,19
667801,Haferdrink Zero glutenfrei,Natumi,Diverse,EG-Bio,"8x1,0l",13.518399999999998,2.1583999999999985,19
701996,Haferdrink,Bio Company,Diverse,100% Biozutaten,10X1L,12.018999999999998,1.9189999999999987,19
686485,Haferdrinkpulver,Fairfood,Europäische Union,EG-Bio,8x360g,47.508,3.108000000000004,7
630510,Hirsedrink natural,Natumi,Italien,100% Biozutaten,"6x1,0l",13.780199999999999,2.200199999999999,19
530840,Kokos-Drink,Allos,Diverse,100% Biozutaten,"6x1,0l",12.9948,2.0747999999999998,19
699778,Kokosmilch Barista laktosefrei,Dr.  Antonio Martins,Sri Lanka-Ceylon,99%,12x500ml,22.276799999999998,3.556799999999999,19
699135,Kokosmilch zum Kochen FairTrade,Dr.  Antonio Martins,Sri Lanka-Ceylon,99%,"12x0,5l",28.504800000000003,1.8648000000000025,7
699139,"Kokosmilch zum Trinken 2,0% FairTrade",Dr.  Antonio Martins,Sri Lanka-Ceylon,99%,6x1l,15.350999999999999,2.4509999999999987,19
699409,"Kokosmilch zum Trinken 3,8% FairTrade",Dr.  Antonio Martins,Sri Lanka-Ceylon,99%,12x500ml,20.563200000000002,3.283200000000001,19
699103,"Kokosmilch zum Trinken 3,8% FairTrade",Dr.  Antonio Martins,Sri Lanka-Ceylon,99%,6x1l,15.350999999999999,2.4509999999999987,19
530801,Mandel Drink naturell 0% Zucker,Allos,Europäische Union,100% Biozutaten,"6x1,0l",13.2804,2.1204,19
530883,Mandel geröstet Drink,Allos,Italien,100% Biozutaten,"6x1,0l",9.996,1.596,19
667778,Mandeldrink Barista,Natumi,Europäische Union,100% Biozutaten,"8x1,0l",16.0888,2.5687999999999995,19
667775,Mandeldrink Pur,Natumi,Diverse,100% Biozutaten,"8x1,0l",20.9321,3.3420999999999985,19
630446,Mandeldrink ungesüßt,Natumi,Europäische Union,100% Biozutaten,"8x1,0l",15.136800000000001,2.4168000000000003,19
701999,Mandeldrink,Bio Company,Diverse,100% Biozutaten,10X1L,16.541,2.641,19
667805,Matcha Reis-Kokos Drink,Natumi,Diverse,100% Biozutaten,"8x1,0l",20.468,3.2680000000000007,19
297691,Milch Alternative Barista frisch,Harvest Moon,Diverse,100% Biozutaten,"6x1,0l",13.209,2.109,19
630361,Oatly Cappuccino,Oatly,Schweden,95%,12x235ml,17.4216,2.781600000000001,19
630362,Oatly Moccaccino,Oatly,Schweden,95%,12x235ml,17.4216,2.781600000000001,19
530856,"Ohne Muhhh Drink 1,5% Fett",Allos,Europäische Union,100% Biozutaten,"6x1,0l",9.8532,1.5732,19
530868,"Ohne Muhhh Drink 3,5% Fett",Allos,Europäische Union,100% Biozutaten,"6x1,0l",10.709999999999999,1.709999999999999,19
530866,Ohne Muhhh zum Kochen,Allos,Diverse,100% Biozutaten,15x200ml,10.7535,0.7035,7
667800,Reis-Drink natural glutenfrei,Natumi,Italien,100% Biozutaten,"8x1,0l",12.7568,2.0367999999999995,19
530845,Reis-Haselnuss Drink,Allos,Europäische Union,100% Biozutaten,"6x1,0l",14.422799999999999,2.3027999999999995,19
630449,Reis-Kokos-Drink glutenfrei,Natumi,Spanien,100% Biozutaten,"8x1,0l",16.66,2.66,19
530803,Reis-Kokos-Drink naturell,Allos,Diverse,100% Biozutaten,"6x1,0l",12.9948,2.0747999999999998,19
530809,Reis-Mandel Drink,Allos,Europäische Union,100% Biozutaten,"6x1,0l",12.9948,2.0747999999999998,19
530720,Reis-Vanilla-Drink glutenfrei,Natumi,Diverse,100% Biozutaten,"8x1,0l",15.136800000000001,2.4168000000000003,19
530802,Reisdrink naturell,Allos,Europäische Union,100% Biozutaten,"12x1,0l",21.419999999999998,3.419999999999998,19
701998,Reisdrink,Bio Company,Diverse,100% Biozutaten,10X1L,13.328,2.128,19
530841,Soja Barista-Drink,Allos,Diverse,100% Biozutaten,"6x1,0l",10.709999999999999,1.709999999999999,19
530780,Soja Drink natur,Green organics,Diverse,100% Biozutaten,"10x1,0l",11.067,1.7669999999999995,19
530843,Soja Drink naturell ungesüßt,Allos,Diverse,100% Biozutaten,"6x1,0l",9.8532,1.5732,19
630445,Sojadrink ungesüßt glutenfrei,Natumi,Frankreich,100% Biozutaten,"8x1,0l",11.6144,1.8544,19
701997,Sojadrink,Bio Company,Diverse,100% Biozutaten,10X1L,11.899999999999999,1.8999999999999986,19
636114,vly Barista Milchalternative,VLB,Kanada,99%,"8x1,0l",17.612,2.8119999999999976,19
636115,vly High Protein Milchalternative,VLB,Diverse,99%,"8x1,0l",17.612,2.8119999999999976,19
667803,"Voll Hafer + Soja Drink 3,5%",Natumi,Europäische Union,100% Biozutaten,"8x1,0l",13.518399999999998,2.1583999999999985,19
5867621,Champagner Trüffel vegan,Booja Booja,Diverse,100% Biozutaten,92g,4.0446,0.26460000000000017,7
5867641,Espresso Trüffel vegan,Booja Booja,Diverse,100% Biozutaten,92g,4.0446,0.26460000000000017,7
5867681,Haselnuss Crunch Trüffel mini vegan,Booja Booja,Diverse,100% Biozutaten,23g,1.0914000000000001,0.07140000000000013,7
6996321,Lemon Cake Ball,Dig Snacks,Diverse,100% Biozutaten,16x25g,10.7856,0.7056000000000004,7
5867691,Mandel Karamell Trüffel mit Meersalz mini vegan,Booja Booja,Diverse,100% Biozutaten,23g,1.0914000000000001,0.07140000000000013,7
6851881,Orangen Trüffel mini vegan,Booja Booja,Diverse,100% Biozutaten,23g,1.0914000000000001,0.07140000000000013,7
6851461,Schoko Trüffel Sticks Choclate Orange vegan,Booja Booja,Diverse,100% Biozutaten,115g,6.0348,0.39480000000000004,7
6851451,Schoko Trüffel Sticks Haselnuss Crunch vegan,Booja Booja,Diverse,100% Biozutaten,115g,6.0348,0.39480000000000004,7
6996311,Swedish Chocolate Ball,Dig Snacks,Diverse,100% Biozutaten,16x25g,10.7856,0.7056000000000004,7
5868301,Trüffel Auswahl the Signature vegan,Booja Booja,Diverse,100% Biozutaten,184g,8.025,0.5250000000000004,7
626209,VORORDER DISPLAY Weihnachten 2026 Bohlsener Mühle,Bohlsener Mühle,Deutschland,Bioland,Display,293.71500000000003,19.215000000000032,7
699719,100% Cocoafruit vegan,Lovechock,Diverse,100% Biozutaten,8x70g,33.2128,2.1728000000000023,7
586416,"Advent, Advent der Christbaum brennt",Zotter,Diverse,100% Biozutaten,5x70g,16.852500000000003,1.1025000000000027,7
699417,Adventskalender Genussmomente vegan,Govinda,Diverse,100% Biozutaten,216G,12.037500000000001,0.7875000000000014,7
699826,Adventskalender Kinder Schokosnacks FairTrade,Landgarten,Diverse,100% Biozutaten,380g,26.589500000000005,1.7395000000000032,7
686436,Adventskalender Labooko,Zotter,Diverse,100% Biozutaten,192g,21.6675,1.4175000000000004,7
699825,Adventskalender Schokosnacks vegan,Landgarten,Diverse,100% Biozutaten,380g,26.589500000000005,1.7395000000000032,7
699523,Adventskalender Süße Weihnachten,Zotter,Diverse,100% Biozutaten,196g,21.6675,1.4175000000000004,7
699524,Adventskalender Trinkschokolade,Zotter,Diverse,100% Biozutaten,528g,36.059000000000005,2.3590000000000018,7
86300,Alles Liebe,Zotter,Diverse,100% Biozutaten,5x70g,16.317500000000003,1.0675000000000026,7
586845,Almond Butter Cups vegan,Bett'r,Diverse,100% Biozutaten,12x39g,18.2328,1.1928000000000019,7
586661,Award Winning Box vegan,Booja Booja,Diverse,100% Biozutaten,5x184g,80.25,5.25,7
592821,Bananenchips gesüßt & geröstet - lose,Morgenland,Philippinen,100% Biozutaten,"2,5kg",23.0906,1.5106000000000002,7
592881,Bananenchips,Morgenland,Diverse,100% Biozutaten,7x150g,12.9577,0.8477000000000015,7
686909,Barrita Sesamriegel FairTrade,GEPA,Diverse,100% Biozutaten,45x20g,24.075000000000003,1.5750000000000028,7
555769,Beeren in dreierlei Schokoladen FairTrade,Landgarten,Diverse,100% Biozutaten,10x50g,20.009,1.309000000000001,7
699940,Belzemädl - Zimtapfel + Honig,Zotter,Diverse,100% Biozutaten,5x70g,16.852500000000003,1.1025000000000027,7
687027,Best of Adventskalender vegan,Zotter,Diverse,100% Biozutaten,306g,27.659500000000005,1.8095000000000034,7
687026,Best of Adventskalender,Zotter,Diverse,100% Biozutaten,300g,27.659500000000005,1.8095000000000034,7
686408,Bunte Osterhasen,Zotter,Diverse,100% Biozutaten,5x70g,16.317500000000003,1.0675000000000026,7
699415,Butter Bites Variety Pack,Foodloose,Diverse,100% Biozutaten,20x40g,31.03,2.030000000000001,7
86256,Butter Caramel,Zotter,Diverse,100% Biozutaten,5x70g,16.317500000000003,1.0675000000000026,7
685506,Cacao & Dates 72% vegan FairTrade,BioeCacao,Diverse,100% Biozutaten,12x90g,49.3056,3.2256,7
685505,Cacao & Dates Dark Cream 81% vegan FairTrade,BioeCacao,Diverse,100% Biozutaten,10x90g,41.195,2.6950000000000003,7
685507,Cacao & Dates Hazelnut 65% vegan FairTrade,BioeCacao,Diverse,100% Biozutaten,12x90g,49.3056,3.2256,7
685510,Cacao & Dates White Pistachio vegan FairTrade,BioeCacao,Diverse,100% Biozutaten,11x90g,48.257000000000005,3.1570000000000036,7
685508,Cacao & Double Dates Nibs vegan FairTrade,BioeCacao,Diverse,100% Biozutaten,12x90g,49.3056,3.2256,7
685509,Cacao & Double Dates vegan FairTrade,BioeCacao,Diverse,100% Biozutaten,12x90g,49.3056,3.2256,7
85923,Café Blanc FairTrade,GEPA,Diverse,Naturland,10x100g,29.853,1.953000000000003,7
685624,Caramel & Cream Schokoriegel,Naturata,Diverse,100% Biozutaten,24x33g,31.843200000000003,2.0832000000000015,7
527381,Cashew Butterkeks Snack-Mix,Rosengarten,Diverse,100% Biozutaten,12x50g,16.05,1.0500000000000007,7
699653,Cashewkerne in Salz-Karamell Schokolade FairTrade,Landgarten,Diverse,100% Biozutaten,5x90g,16.692,1.0920000000000005,7
696068,Cashews in Vollmilchschokolade m Karamell u. Salz,Landgarten,Diverse,100% Biozutaten,8x170g,32.1,2.1000000000000014,7
555489,Chai Pralinen,Rosengarten,Diverse,100% Biozutaten,8x75g,29.4464,1.926400000000001,7
586762,Champagner Trüffel vegan,Booja Booja,Diverse,100% Biozutaten,8x92g,64.628,4.2280000000000015,7
699816,Choc Bites Coco,Govinda,Diverse,100% Biozutaten,10x60g,27.392000000000003,1.7920000000000016,7
699815,Choc Bites Salty Caramel,Govinda,Diverse,100% Biozutaten,10x64g,27.392000000000003,1.7920000000000016,7
699861,Choc Delights Peanut Caramel vegan,Foodloose,Diverse,100% Biozutaten,12x40g,19.1316,1.2515999999999998,7
699702,Choc Drops 100% vegan,Vivani,Diverse,100% Biozutaten,8x100g,32.0144,2.0944000000000003,7
686411,Choco Cookie vegan,iChoc,Diverse,100% Biozutaten,10x80g,20.116000000000003,1.3160000000000025,7
699354,Choco Dragées Cashew vegan,Vivani,Diverse,100% Biozutaten,8x75g,21.314400000000003,1.394400000000001,7
699353,Choco Dragées Cranberry vegan,Vivani,Diverse,100% Biozutaten,8x75g,21.314400000000003,1.394400000000001,7
699352,Choco Dragées Espresso vegan,Vivani,Diverse,100% Biozutaten,8x75g,21.314400000000003,1.394400000000001,7
685278,Choco Lini Mini bunte Schokolinsen,Ökovital,Diverse,100% Biozutaten,12x90g,25.68,1.6799999999999997,7
85391,Chocolat Vollmilch ganze Haselnuss,Naturata,Diverse,100% Biozutaten,10x100g,30.709,2.0090000000000003,7
699264,Cinnamon Roll vegan,iChoc,Diverse,100% Biozutaten,10x80g,20.116000000000003,1.3160000000000025,7
686426,Classic Frohe Weihnachten,Zotter,Diverse,100% Biozutaten,10x70g,33.17,2.1700000000000017,7
686410,Classic Style vegan,iChoc,Diverse,100% Biozutaten,10x80g,20.116000000000003,1.3160000000000025,7
586654,Clementine kandiert in Schokolade,Aiello,Diverse,100% Biozutaten,6x100g,30.495,1.995000000000001,7
685625,Cocoa & Coffee Schokoriegel,Naturata,Diverse,100% Biozutaten,24x33g,28.248,1.8480000000000025,7
685623,Coconut & Cream Schokoriegel,Naturata,Diverse,100% Biozutaten,24x33g,28.248,1.8480000000000025,7
686101,Coffee-Toffee,Zotter,Diverse,100% Biozutaten,5x70g,16.317500000000003,1.0675000000000026,7
699808,Cranberrys in Orangen Schokolade FairTrade,Landgarten,Diverse,100% Biozutaten,5x100g,16.692,1.0920000000000005,7
699708,Cremosini Espresso,Vivani,Diverse,100% Biozutaten,8x100g,42.714400000000005,2.794400000000003,7
699709,Cremosini Minze,Vivani,Diverse,100% Biozutaten,8x100g,42.714400000000005,2.794400000000003,7
686413,Crunchy Hazelnut vegan,iChoc,Diverse,100% Biozutaten,10x80g,20.116000000000003,1.3160000000000025,7
686288,Danke Marzipan und Mandel,Zotter,Diverse,100% Biozutaten,5x70g,16.317500000000003,1.0675000000000026,7
529493,Dattel & Cashew vegan,Zotter,Diverse,100% Biozutaten,5x70g,16.317500000000003,1.0675000000000026,7
85963,Dattel Kokos Fruchtkugeln,Govinda,Diverse,100% Biozutaten,6x120g,15.985800000000001,1.0458000000000016,7
555485,Dattel Lebkuchen Konfekt m.VM-Schokolade,Rosengarten,Diverse,100% Biozutaten,6x100g,16.05,1.0500000000000007,7
699401,Dattelkonfekt Hibiskus DEMETER,SEKEM Manufaktur,Ägypten,Demeter (Deutschland),8x120g,18.7464,1.2264000000000017,7
699594,Dattelkonfekt Kardamom DEMETER,SEKEM Manufaktur,Ägypten,Demeter (Deutschland),8x120g,18.7464,1.2264000000000017,7
699403,Dattelkonfekt Kokos DEMETER,SEKEM Manufaktur,Ägypten,Demeter (Deutschland),8x120g,18.7464,1.2264000000000017,7
699596,Dattelkonfekt Mandel Orange DEMETER,SEKEM Manufaktur,Ägypten,Demeter (Deutschland),8x120g,18.7464,1.2264000000000017,7
699402,Dattelkonfekt Mix DEMETER,SEKEM Manufaktur,Ägypten,Demeter (Deutschland),8x120g,18.7464,1.2264000000000017,7
699688,Dattelkonfekt Sesam DEMETER,SEKEM Manufaktur,Ägypten,Demeter (Deutschland),8x120g,18.7464,1.2264000000000017,7
699595,Dattelkonfekt Zimt DEMETER,SEKEM Manufaktur,Ägypten,Demeter (Deutschland),8x120g,18.7464,1.2264000000000017,7
697048,DISPLAY Schoko-Hohlfiguren 2026 - Rosengarten,Rosengarten,Diverse,100% Biozutaten,Display,547.091,35.791,7
586835,Dominosteine ZB-Schokolade glutenfrei vegan,Hammermühle,Diverse,100% Biozutaten,7x140g,24.4174,1.5974000000000004,7
586156,Dunkle Edelvollmilchschokolade Madagaskar 55%,Naturata,Diverse,100% Biozutaten,10x100g,33.384,2.184000000000001,7
686295,Dunkles Schokomousse,Zotter,Diverse,100% Biozutaten,5x70g,16.317500000000003,1.0675000000000026,7
85440,Edelbitterschokolade Ecuador 70%,Naturata,Diverse,100% Biozutaten,10x100g,33.384,2.184000000000001,7
85461,Edelbitterschokolade Indien 85%,Naturata,Diverse,100% Biozutaten,10x100g,36.808,2.4080000000000013,7
585404,Edelbitterschokolade Karibik 90%,Naturata,Diverse,100% Biozutaten,10x100g,35.417,2.317,7
586563,Edelbitterschokolade Lateinamerika 100 %,Naturata,Diverse,100% Biozutaten,10x80g,32.742000000000004,2.142000000000003,7
85442,Edelbitterschokolade Panama 80%,Naturata,Diverse,100% Biozutaten,10x100g,34.133,2.233000000000004,7
85441,Edelbitterschokolade Peru 75%,Naturata,Diverse,100% Biozutaten,10x100g,33.384,2.184000000000001,7
586561,Edelvollmilchschokolade Costa Rica 50%,Naturata,Diverse,100% Biozutaten,10x100g,31.993000000000002,2.0930000000000035,7
85443,Edelvollmilchschokolade Ecuador 42%,Naturata,Diverse,100% Biozutaten,10x100g,33.384,2.184000000000001,7
586481,Eierlikör,Zotter,Diverse,100% Biozutaten,5x70g,16.317500000000003,1.0675000000000026,7
586196,Ein Stück vom Glück - Orangen Likör,Zotter,Diverse,100% Biozutaten,5x70g,16.317500000000003,1.0675000000000026,7
85964,Energie Fruchtkugeln,Govinda,Diverse,100% Biozutaten,6x120g,15.985800000000001,1.0458000000000016,7
698876,Erdbeer & Cashew,Zotter,Diverse,100% Biozutaten,5x70g,18.6715,1.2215000000000025,7
527380,Erdbeer Cheesecake Snack-Mix,Rosengarten,Diverse,100% Biozutaten,12x40g,16.05,1.0500000000000007,7
586439,Erdbeer Hasi,Zotter,Diverse,100% Biozutaten,5x70g,16.317500000000003,1.0675000000000026,7
555768,Erdbeere in Vollmilch-Schokolade FairTrade,Landgarten,Diverse,100% Biozutaten,10x50g,20.009,1.309000000000001,7
699651,Erdbeeren in weißer Zitronenschokolade FairTrade,Landgarten,Diverse,100% Biozutaten,5x90g,16.692,1.0920000000000005,7
529461,Erdbeeren,Zotter,Diverse,100% Biozutaten,5x70g,16.317500000000003,1.0675000000000026,7
86304,Erste Hilfe,Zotter,Diverse,100% Biozutaten,5x70g,16.317500000000003,1.0675000000000026,7
586764,Espresso Trüffel vegan,Booja Booja,Diverse,100% Biozutaten,8x92g,64.628,4.2280000000000015,7
586564,Feinbitterschoko. Brasilien 70% DEMETER,Naturata,Diverse,Demeter (Deutschland),10x80g,27.392000000000003,1.7920000000000016,7
586155,Feinbitterschokolade Togo 65%,Naturata,Diverse,100% Biozutaten,10x100g,30.709,2.0090000000000003,7
699701,Feine Bitter Dattelsüße 80% vegan,Vivani,Diverse,100% Biozutaten,10x80g,33.384,2.184000000000001,7
585872,Feine Bitter Naps 71%,Vivani,Diverse,100% Biozutaten,200x5g,47.080000000000005,3.0800000000000054,7
585873,Feine Vollmilch Naps,Vivani,Diverse,100% Biozutaten,200x5g,47.080000000000005,3.0800000000000054,7
685185,Fine de Champagne Trüffel vegan,Booja Booja,Diverse,100% Biozutaten,5x184g,80.25,5.25,7
685829,Four the love of Chocolate Geschenkset 4x70g,Original Beans,Diverse,100% Biozutaten,3x280g,38.841,2.541000000000004,7
686163,Französischer weißer Nougat,Zotter,Diverse,100% Biozutaten,5x70g,16.317500000000003,1.0675000000000026,7
686373,Freche Hasen,Zotter,Diverse,100% Biozutaten,5x70g,16.317500000000003,1.0675000000000026,7
555330,Frohe Ostern Gebrannte Mandeln mit Sesam,Govinda,Diverse,100% Biozutaten,6x50g,13.482000000000001,0.8820000000000014,7
586233,Frohe Ostern,Zotter,Diverse,100% Biozutaten,5x70g,16.317500000000003,1.0675000000000026,7
699942,Frohe Weihnachten & guten Rutsch! - Orange-Karamel,Zotter,Diverse,100% Biozutaten,5x70g,16.852500000000003,1.1025000000000027,7
586211,Fröhliche Weihnacht Gewürzmarzipan auf Zimtnougat,Zotter,Diverse,100% Biozutaten,5x70g,16.852500000000003,1.1025000000000027,7
687043,Fruchtcreme Riegel Apfel-Erdbeere,Foodloose Cool Kids,Diverse,100% Biozutaten,10x3x28g,23.005000000000003,1.5050000000000026,7
527144,Füll-Osterei mit Schoko-Keksfiguren,Rosmarin,Diverse,100% Biozutaten,12Stück,76.39800000000001,4.998000000000005,7
86200,Für Brave Nikolaus - Schokobiene m. Honigblättchen,Zotter,Diverse,100% Biozutaten,5x70g,16.852500000000003,1.1025000000000027,7
86302,"Für den besten Papa, den es gibt!",Zotter,Diverse,100% Biozutaten,5x70g,16.317500000000003,1.0675000000000026,7
86306,Für Dich - Nougatvariation,Zotter,Diverse,100% Biozutaten,5x70g,16.317500000000003,1.0675000000000026,7
699941,Für die besten Mitarbeiter*innen der Welt! - Mande,Zotter,Diverse,100% Biozutaten,5x70g,16.852500000000003,1.1025000000000027,7
586314,"Für die liebste Mama, überhaupt!",Zotter,Diverse,100% Biozutaten,5x70g,16.317500000000003,1.0675000000000026,7
86202,Für Engerl Nougatvariationen,Zotter,Diverse,100% Biozutaten,5x70g,16.852500000000003,1.1025000000000027,7
586315,Für Fleißige,Zotter,Diverse,100% Biozutaten,5x70g,16.317500000000003,1.0675000000000026,7
686370,Für süße Hasen,Zotter,Diverse,100% Biozutaten,5x70g,16.317500000000003,1.0675000000000026,7
86261,Ge-Nüsse,Zotter,Diverse,100% Biozutaten,5x70g,16.317500000000003,1.0675000000000026,7
699345,Gebrannte Cashewkerne Vanille & Zimt vegan,Landgarten,Diverse,100% Biozutaten,8x150g,32.1,2.1000000000000014,7
699347,Gebrannte Kürbiskerne Vanille & Zimt vegan,Landgarten,Diverse,100% Biozutaten,8x150g,32.1,2.1000000000000014,7
699118,Gebrannte Mandeln Zimt & Vanille vegan,Landgarten,Diverse,100% Biozutaten,8x150g,32.1,2.1000000000000014,7
686378,Gebrannte Mandeln,Zotter,Diverse,100% Biozutaten,5x70g,16.317500000000003,1.0675000000000026,7
555484,Gewürz Splitter Vollmilch Schokolade,Rosengarten,Diverse,100% Biozutaten,6x90g,16.05,1.0500000000000007,7
687053,Gewürzmarzipan auf Zimtnougat,Zotter,Diverse,100% Biozutaten,5x70g,16.852500000000003,1.1025000000000027,7
686089,Gin Zitronic,Zotter,Diverse,100% Biozutaten,5x70g,16.317500000000003,1.0675000000000026,7
686422,Glücksbringer Milchschoko Mousse,Zotter,Diverse,100% Biozutaten,5x70g,16.852500000000003,1.1025000000000027,7
686172,Glühwein,Zotter,Diverse,100% Biozutaten,5x70g,16.852500000000003,1.1025000000000027,7
85921,Grand Chocolat Cardamom FairTrade,GEPA,Diverse,Naturland,10x100g,29.853,1.953000000000003,7
687039,Grand Chocolat Earl Grey Blanc,GEPA,Diverse,100% Biozutaten,10x80g,29.96,1.9600000000000009,7
85920,Grand Chocolat Espresso-Caramel FairTrade,GEPA,Diverse,Naturland,10x100g,29.853,1.953000000000003,7
85922,Grand Chocolat Fleur de Sel FairTrade,GEPA,Diverse,Naturland,10x100g,29.853,1.953000000000003,7
686886,Grand Chocolat Fleur de Sel Noir 70% FairTrade,GEPA,Diverse,Naturland,10x100g,29.853,1.953000000000003,7
85937,Grand Chocolat Mandel-Orange FairTrade,GEPA,Diverse,Naturland,10x100g,29.96,1.9600000000000009,7
686881,Grand Chocolat Matcha Blanc,GEPA,Diverse,NF,10x80g,29.853,1.953000000000003,7
686899,Grand Noir Cacao Nibs 70% FairTrade,GEPA,Diverse,Naturland,10x100g,29.853,1.953000000000003,7
85914,Grand Noir Edelbitter 85% FairTrade,GEPA,Diverse,Naturland,10x100g,29.853,1.953000000000003,7
85912,Grand Noir Feinherb 55% FairTrade,GEPA,Diverse,Naturland,10x100g,29.853,1.953000000000003,7
699715,Hafer Nuss Burger Erdbeere,Foodloose Cool Kids,Diverse,100% Biozutaten,15x51g,33.544500000000006,2.194500000000005,7
699716,Hafer Nuss Burger Haselnuss Kakao,Foodloose Cool Kids,Diverse,100% Biozutaten,15x51g,33.544500000000006,2.194500000000005,7
686360,Hanfpraline vegan,Zotter,Diverse,100% Biozutaten,5x70g,16.317500000000003,1.0675000000000026,7
698343,Hanfsamen schokoliert Vollmilch,Chiron,Europäische Union,100% Biozutaten,6x175g,26.322000000000003,1.7220000000000013,7
698342,Hanfsamen schokoliert Zartbitter,Chiron,Europäische Union,100% Biozutaten,6x175g,26.322000000000003,1.7220000000000013,7
699244,Happy Birthday - Gebrannte Mandeln,Zotter,Diverse,100% Biozutaten,5x70g,16.317500000000003,1.0675000000000026,7
699171,Happy Hasi vegan,Zotter,Diverse,100% Biozutaten,5x70g,16.317500000000003,1.0675000000000026,7
586768,Haselnuss Crunch Trüffel mini vegan,Booja Booja,Diverse,100% Biozutaten,16x23g,35.096,2.2959999999999994,7
586761,Haselnuss Crunch Trüffel vegan,Booja Booja,Diverse,100% Biozutaten,8x92g,64.628,4.2280000000000015,7
699806,Haselnüsse in Lebkuchen Schokoloade FairTrade,Landgarten,Diverse,100% Biozutaten,5x100g,16.692,1.0920000000000005,7
529549,Haselnussnougat,Krämers Bio-Manufaktur,Diverse,100% Biozutaten,2kg,45.956500000000005,3.0065000000000026,7
686374,Hasengras vegan,Zotter,Diverse,100% Biozutaten,5x70g,8.132,0.532,7
685622,Hazelnut & Crisp Schokoriegel,Naturata,Diverse,100% Biozutaten,24x33g,31.843200000000003,2.0832000000000015,7
699412,Hazelnut Butter Bites mit Kakao,Foodloose,Diverse,100% Biozutaten,20x40g,30.602000000000004,2.0020000000000024,7
586846,Hazelnut Butter Cups vegan,Bett'r,Diverse,100% Biozutaten,12x39g,18.2328,1.1928000000000019,7
685951,Heavenly Cinnamin vegan,Terrasana,Diverse,100% Biozutaten,10x150g,55.854000000000006,3.6540000000000035,7
686191,Heidelbeeren auf Zitronencreme,Zotter,Diverse,100% Biozutaten,5x70g,16.317500000000003,1.0675000000000026,7
699245,Herzlichen Glückwunsch - Waffelkrokant,Zotter,Diverse,100% Biozutaten,5x70g,16.317500000000003,1.0675000000000026,7
555766,Himbeere in Beeren-Schokolade FairTrade,Landgarten,Diverse,100% Biozutaten,10x50g,20.009,1.309000000000001,7
555765,Himbeere in Zartbitter-Schokolade FairTrade,Landgarten,Diverse,100% Biozutaten,10x50g,20.009,1.309000000000001,7
699650,Himbeere in Zartbitterschokolade vegan FairTrade,Landgarten,Diverse,100% Biozutaten,5x90g,16.692,1.0920000000000005,7
686087,Himbeeren,Zotter,Diverse,100% Biozutaten,5x70g,16.317500000000003,1.0675000000000026,7
686419,Himmlische Genüsse,Zotter,Diverse,100% Biozutaten,5x70g,16.852500000000003,1.1025000000000027,7
685187,Honeycomb Karamell Trüffel mini vegan,Booja Booja,Diverse,100% Biozutaten,16x23g,35.096,2.2959999999999994,7
586831,Honeycomb Karamell Trüffel vegan,Booja Booja,Diverse,100% Biozutaten,8x92g,64.628,4.2280000000000015,7
699805,Ingwer in weisser Kurkuma Schokolade FairTrade,Landgarten,Diverse,100% Biozutaten,5x100g,16.692,1.0920000000000005,7
555772,Ingwer in Zartbitter-Schokolade FairTrade,Landgarten,Diverse,100% Biozutaten,10x70g,20.009,1.309000000000001,7
82008,Ingwer kandiert,Sonnentor,Diverse,100% Biozutaten,6x75g,13.161000000000001,0.8610000000000007,7
592947,Ingwerstäbchen kandiert - lose,Morgenland,Volksrepublik China,100% Biozutaten,"4,5kg",54.035000000000004,3.5350000000000037,7
592882,Ingwerstäbchen kandiert,Morgenland,Diverse,100% Biozutaten,9x100g,14.156100000000002,0.9261000000000017,7
687054,Jingle Bells Rock Rotwein vegan,Zotter,Diverse,100% Biozutaten,5x70g,16.852500000000003,1.1025000000000027,7
699848,Kids Schoko Fruchties Cranberry FairTrade,Landgarten,Diverse,100% Biozutaten,10x30g,14.445,0.9450000000000003,7
699845,Kids Schoko Fruchties Erdbeere FairTrade,Landgarten,Diverse,100% Biozutaten,10x30g,14.445,0.9450000000000003,7
699846,Kids Schoko Fruchties Himbeere FairTrade,Landgarten,Diverse,100% Biozutaten,10x30g,14.445,0.9450000000000003,7
699243,Kirsch auf Nusswaffel,Zotter,Diverse,100% Biozutaten,5x70g,16.317500000000003,1.0675000000000026,7
699400,Kirsche in Zartbitter-Schokolade FairTrade,Landgarten,Diverse,100% Biozutaten,10x50g,20.009,1.309000000000001,7
699818,Koffein Kick Bites Kaffee,Govinda,Diverse,100% Biozutaten,8x40g,12.5832,0.8231999999999999,7
699817,Koffein Kick Bites Mango,Govinda,Diverse,100% Biozutaten,8x40g,12.5832,0.8231999999999999,7
586547,Kokosmilch vegan & laktosefrei,Naturata,Diverse,100% Biozutaten,12x100g,36.0804,2.3603999999999985,7
697382,Kürbis in Vollmilch-Schokolade,Landgarten,Diverse,100% Biozutaten,10x50g,12.947000000000001,0.8470000000000013,7
697381,Kürbis in Zartbitter-Schokolade,Landgarten,Diverse,100% Biozutaten,10x50g,12.947000000000001,0.8470000000000013,7
585999,Laddu Kokos Ayurvedisches Kichererbsenkonfekt,Govinda,Diverse,100% Biozutaten,6x120g,18.0402,1.1801999999999992,7
626175,Laugenkugeln Schoko & Salz glutenfrei,Hammermühle,Diverse,100% Biozutaten,10x100g,25.145000000000003,1.6450000000000031,7
686420,Lebkuchen & Früchte,Zotter,Diverse,100% Biozutaten,5x70g,16.852500000000003,1.1025000000000027,7
635757,Macadamia Süß Salzig,Tarabao,Diverse,100% Biozutaten,6x130g,29.532000000000004,1.9320000000000022,7
699615,Macadamia süß salzig,Tarabao,Diverse,100% Biozutaten,7x130g,34.60380000000001,2.2638000000000034,7
687055,Mandarine Tonka Karamell vegan,Zotter,Diverse,100% Biozutaten,5x70g,16.317500000000003,1.0675000000000026,7
586769,Mandel Karamell Trüffel mit Meersalz mini vegan,Booja Booja,Diverse,100% Biozutaten,16x23g,35.096,2.2959999999999994,7
586763,Mandel Karamell Trüffel mit Meersalz vegan,Booja Booja,Diverse,100% Biozutaten,8x92g,64.628,4.2280000000000015,7
584824,Mandel Kokos Splitter m. weißer Schokolade,Rosengarten,Diverse,100% Biozutaten,6x90g,20.094600000000003,1.3146000000000022,7
85965,Mandel Magic Fruchtkugeln,Govinda,Diverse,100% Biozutaten,6x120g,15.985800000000001,1.0458000000000016,7
699652,Mandeln in Rosenblüte Zitrone FairTrade,Landgarten,Diverse,100% Biozutaten,5x90g,16.692,1.0920000000000005,7
699807,Mandeln in Schokolade & Zimt vegan,Landgarten,Diverse,100% Biozutaten,5x100g,16.692,1.0920000000000005,7
696067,Mandeln in Zartbitterschokolade m Karamell u. Salz,Landgarten,Diverse,100% Biozutaten,8x170g,32.1,2.1000000000000014,7
529548,Mandelnougat,Krämers Bio-Manufaktur,Diverse,100% Biozutaten,2kg,25.6479,1.677900000000001,7
86269,Marc de Champagne,Zotter,Diverse,100% Biozutaten,5x70g,16.317500000000003,1.0675000000000026,7
686130,Marillenwalzer,Zotter,Diverse,100% Biozutaten,5x70g,16.317500000000003,1.0675000000000026,7
85758,Maroni Kastanien Fruchtkonfekt,Govinda,Diverse,100% Biozutaten,6x100g,13.9314,0.9114000000000004,7
555486,Marzipan Konfekt m. ZB-Schokolade vegan,Rosengarten,Diverse,100% Biozutaten,6x100g,16.05,1.0500000000000007,7
526197,Marzipan-Nasch-Eier bunt vegan 5St - Tüte,Rosmarin,Diverse,100% Biozutaten,20Stück,54.57,3.5700000000000003,7
527386,Milchcreme Kugeln Snack mit Dinkel Knusper Kern,Rosengarten,Diverse,100% Biozutaten,12x70g,17.7192,1.159200000000002,7
685621,Milk & Crunch Schokoriegel,Naturata,Diverse,100% Biozutaten,24x33g,31.843200000000003,2.0832000000000015,7
686375,Minis Frohe Ostern,Zotter,Diverse,100% Biozutaten,25x20g,16.585,1.0850000000000009,7
686237,Minis Für süße Engerl weiße Schokolade Karamell,Zotter,Diverse,100% Biozutaten,25x20g,34.5075,2.2575000000000003,7
686276,Minis für süsse Hasen,Zotter,Diverse,100% Biozutaten,25x20g,33.4375,2.1875,7
686425,Minis Glücksbringer Milchschoko Mousse,Zotter,Diverse,100% Biozutaten,25x20g,34.775,2.2749999999999986,7
687028,Minis Guten Rutsch Marc de Champagne,Zotter,Diverse,100% Biozutaten,25x20g,34.775,2.2749999999999986,7
686423,Minis Süße Weihnachten Lebkuchen und Früchte,Zotter,Diverse,100% Biozutaten,25x20g,34.775,2.2749999999999986,7
585408,Minitafel Vollmilchschokolade,Vivani,Diverse,100% Biozutaten,"40x12,5g",20.972,1.3719999999999999,7
585409,Minitafeln Feine Bitter 71%,Vivani,Diverse,100% Biozutaten,"40x12,5g",20.972,1.3719999999999999,7
529508,Mintinelli Schokolinsen vegan,Ökovital,Diverse,100% Biozutaten,12x90g,19.902,1.3019999999999996,7
584755,NaschTafel Dattelschokolade Crispy Erdbeer vegan,Nasch Natur,Diverse,100% Biozutaten,12x80g,44.298,2.8980000000000032,7
584753,NaschTafel Dattelschokolade Haselnuss vegan,Nasch Natur,Diverse,100% Biozutaten,12x80g,44.298,2.8980000000000032,7
584754,NaschTafel Dattelschokolade Pur vegan,Nasch Natur,Diverse,100% Biozutaten,12x80g,44.298,2.8980000000000032,7
584752,NaschTafel Dattelschokolade Zartbitter vegan,Nasch Natur,Diverse,100% Biozutaten,12x80g,44.298,2.8980000000000032,7
527265,Nougat Pralinen,Rosengarten,Diverse,100% Biozutaten,8x75g,29.4464,1.926400000000001,7
86272,Nougat Variationen,Zotter,Diverse,100% Biozutaten,5x70g,16.317500000000003,1.0675000000000026,7
555316,Nougat-Mandeln,Rosengarten,Diverse,100% Biozutaten,6x100g,20.1588,1.3187999999999995,7
687036,Nusscreme Riegel Erdnuss,Foodloose Cool Kids,Diverse,100% Biozutaten,10x3x28g,23.005000000000003,1.5050000000000026,7
687035,Nusscreme Riegel Haselnuss-Kakao,Foodloose Cool Kids,Diverse,100% Biozutaten,10x3x28g,23.005000000000003,1.5050000000000026,7
699943,O du fröhliche - Dattel & Cashew,Zotter,Diverse,100% Biozutaten,5x70g,16.852500000000003,1.1025000000000027,7
699944,Orangen Karamell + Kokos,Zotter,Diverse,100% Biozutaten,5x70g,16.317500000000003,1.0675000000000026,7
685188,Orangen Trüffel mini vegan,Booja Booja,Diverse,100% Biozutaten,16x23g,35.096,2.2959999999999994,7
686371,Ostergenüsse,Zotter,Diverse,100% Biozutaten,5x70g,16.317500000000003,1.0675000000000026,7
699266,Osterkugeln Cacao Crunch,Govinda,Diverse,100% Biozutaten,6x50g,12.390600000000001,0.8106000000000009,7
699267,Osterkugeln Salty Caramel,Govinda,Diverse,100% Biozutaten,6x50g,6.1632,0.4032,7
699710,Osterschoki - Himbeer + Kokos,Zotter,Diverse,100% Biozutaten,5x70g,16.317500000000003,1.0675000000000026,7
85756,Paradiso Kokoskonfekt,Govinda,Diverse,100% Biozutaten,6x100g,13.9314,0.9114000000000004,7
699411,Peanut Butter Bites Creamy,Foodloose,Diverse,100% Biozutaten,20x40g,30.602000000000004,2.0020000000000024,7
699410,Peanut Butter Bites Crunchy mit Meersalz,Foodloose,Diverse,100% Biozutaten,20x40g,30.602000000000004,2.0020000000000024,7
586848,Peanut Butter Cups Box vegan,Bett'r,Diverse,100% Biozutaten,6x156g,31.137000000000004,2.0370000000000026,7
586847,Peanut Butter Cups vegan,Bett'r,Diverse,100% Biozutaten,12x39g,16.5636,1.0836000000000006,7
699414,Pistachio Butter Bites Pistazie mit Meersalz,Foodloose,Diverse,100% Biozutaten,20x40g,32.1,2.1000000000000014,7
685224,Pistachio Butter Cups vegan,Bett'r,Diverse,100% Biozutaten,12x39g,20.0304,1.3104000000000013,7
86274,Pistazien,Zotter,Diverse,100% Biozutaten,5x70g,16.317500000000003,1.0675000000000026,7
699136,Pralines Dattel Marzipan vegan,Govinda,Diverse,100% Biozutaten,10x70g,26.215,1.7149999999999999,7
699138,Pralines Mango Ananas vegan,Govinda,Diverse,100% Biozutaten,10x70g,26.215,1.7149999999999999,7
699137,Pralines Mokka Nougat vegan,Govinda,Diverse,100% Biozutaten,10x70g,26.215,1.7149999999999999,7
699418,Präsentpackung Weihnachten vegan,Govinda,Diverse,100% Biozutaten,6x200g,36.4014,2.3813999999999993,7
685620,Pretzel & Milk Schokoriegel,Naturata,Diverse,100% Biozutaten,24x33g,31.843200000000003,2.0832000000000015,7
586193,Prosit Neujahr - Marc de Champagne,Zotter,Diverse,100% Biozutaten,5x70g,16.852500000000003,1.1025000000000027,7
699358,Riegel Lemon Cheesecake,Vivani,Diverse,100% Biozutaten,18x40g,17.7192,1.159200000000002,7
699269,Riegel Pistacchio Dubai Style,Vivani,Diverse,100% Biozutaten,18x40g,21.5712,1.411200000000001,7
555319,Rudi Rentier Gebrannte Mandeln mit Sesam,Govinda,Diverse,100% Biozutaten,6x50g,13.482000000000001,0.8820000000000014,7
86277,Safran Pistazien,Zotter,Diverse,100% Biozutaten,5x70g,16.317500000000003,1.0675000000000026,7
686414,Salty Pretzel vegan,iChoc,Diverse,100% Biozutaten,10x80g,20.116000000000003,1.3160000000000025,7
685189,Salzkaramell Trüffel mini vegan,Booja Booja,Diverse,100% Biozutaten,16x23g,35.096,2.2959999999999994,7
685186,Salzkaramell Trüffel vegan,Booja Booja,Diverse,100% Biozutaten,5x184g,71.1015,4.651499999999999,7
586834,Salzkaramell Trüffel vegan,Booja Booja,Diverse,100% Biozutaten,8x92g,64.628,4.2280000000000015,7
686284,Salzkaramell,Zotter,Diverse,100% Biozutaten,5x70g,16.317500000000003,1.0675000000000026,7
529547,Schichtnougat,Krämers Bio-Manufaktur,Diverse,100% Biozutaten,2kg,56.271300000000004,3.6813000000000002,7
527173,Schoko Apfelringe mit Vollmilchschokolade,Rosengarten,Diverse,100% Biozutaten,6x90g,16.05,1.0500000000000007,7
626436,Schoko Brezel,Huober,Diverse,100% Biozutaten,10x100g,24.717000000000002,1.6170000000000009,7
85967,Schoko Delight Schokokugeln,Govinda,Diverse,100% Biozutaten,6x120g,15.985800000000001,1.0458000000000016,7
635756,Schoko Haselnüsse,Tarabao,Diverse,100% Biozutaten,6x130g,23.2404,1.5204000000000022,7
527385,Schoko Splitter Snack,Rosengarten,Diverse,100% Biozutaten,10x50g,14.766000000000002,0.9660000000000011,7
527387,Schoko Sultaninen Snack,Rosengarten,Diverse,100% Biozutaten,12x100g,17.7192,1.159200000000002,7
685146,Schoko Trüffel Sticks Choclate Orange vegan,Booja Booja,Diverse,100% Biozutaten,8x115g,96.6424,6.322400000000002,7
685234,Schoko Trüffel Sticks Cocolate Salted Caramel vega,Booja Booja,Diverse,100% Biozutaten,8x115g,96.6424,6.322400000000002,7
685145,Schoko Trüffel Sticks Haselnuss Crunch vegan,Booja Booja,Diverse,100% Biozutaten,8x115g,96.6424,6.322400000000002,7
685233,Schoko Trüffel Sticks Raspberry Scrunch vegan,Booja Booja,Diverse,100% Biozutaten,8x115g,96.6424,6.322400000000002,7
685147,Schoko Trüffel Sticks Salzkaramell Mocha vegan,Booja Booja,Diverse,100% Biozutaten,8x115g,96.6424,6.322400000000002,7
527087,Schoko-Cranberry mit Zartbitterschokolade,Rosengarten,Diverse,100% Biozutaten,6x90g,18.0402,1.1801999999999992,7
527086,Schoko-Ingwer mit Zartbitterschokolade,Rosengarten,Diverse,100% Biozutaten,6x80g,20.094600000000003,1.3146000000000022,7
555317,Schoko-Knusperkugeln,Rosengarten,Diverse,100% Biozutaten,6x90g,16.05,1.0500000000000007,7
555281,Schoko-Kokos-Mandeln,Rosengarten,Diverse,100% Biozutaten,6x100g,20.094600000000003,1.3146000000000022,7
527088,Schoko-Pflaume mit Zartbitterschokolade,Rosengarten,Diverse,100% Biozutaten,6x90g,20.094600000000003,1.3146000000000022,7
555315,Schoko-Zimt-Mandeln,Rosengarten,Diverse,100% Biozutaten,6x100g,20.1588,1.3187999999999995,7
586253,Schokolade Amaretto-Marzipan,Zotter,Diverse,100% Biozutaten,5x70g,16.317500000000003,1.0675000000000026,7
699246,Schokolade macht glücklich - Salzkaramell,Zotter,Diverse,100% Biozutaten,5x70g,16.317500000000003,1.0675000000000026,7
699172,Schokomousse mit Rum vegan,Zotter,Diverse,100% Biozutaten,5x70g,16.317500000000003,1.0675000000000026,7
699521,Schöne Weihnachtszeit - Rote Früchtchen vegan,Zotter,Diverse,100% Biozutaten,5x70g,16.852500000000003,1.1025000000000027,7
86281,Scotch Whisky,Zotter,Diverse,100% Biozutaten,5x70g,16.317500000000003,1.0675000000000026,7
585874,Sesam Laddu Ayurvedisches Kichererbsenkonfekt,Govinda,Diverse,100% Biozutaten,6x120g,18.0402,1.1801999999999992,7
699590,Sesamriegel Natur DEMETER,SEKEM Manufaktur,Ägypten,Demeter (Deutschland),12x27g,6.42,0.41999999999999993,7
699591,Sesamriegel Orange DEMETER,SEKEM Manufaktur,Ägypten,Demeter (Deutschland),12x27g,6.42,0.41999999999999993,7
699593,Sesamriegel Schwarzkümmel DEMETER,SEKEM Manufaktur,Ägypten,Demeter (Deutschland),12x27g,6.42,0.41999999999999993,7
699592,Sesamriegel Zimt DEMETER,SEKEM Manufaktur,Ägypten,Demeter (Deutschland),12x27g,6.42,0.41999999999999993,7
699674,Snack Balls Mandel,Govinda,Tunesien,100% Biozutaten,6x100g,12.1338,0.793800000000001,7
699672,Snack Balls Schoko Kirsch,Govinda,Diverse,100% Biozutaten,6x100g,12.1338,0.793800000000001,7
699671,Snack Balls Schoko Pur,Govinda,Diverse,100% Biozutaten,6x100g,12.1338,0.793800000000001,7
699673,Snack Bites Kokos,Govinda,Diverse,100% Biozutaten,6x100g,12.1338,0.793800000000001,7
699675,Snack Bites Mango,Govinda,Diverse,100% Biozutaten,6x100g,12.1338,0.793800000000001,7
699249,Soul Food - Karamell Nougat Crunch,Zotter,Diverse,100% Biozutaten,5x70g,16.317500000000003,1.0675000000000026,7
699642,Strawberry Cashew Butter Cups vegan,Bett'r,Diverse,100% Biozutaten,12x39g,18.2328,1.1928000000000019,7
686119,Süße Ostern,Zotter,Diverse,100% Biozutaten,5x70g,16.317500000000003,1.0675000000000026,7
686229,Süße Weihnachtsgrüße vegan,Zotter,Diverse,100% Biozutaten,5x70g,16.852500000000003,1.1025000000000027,7
687050,Süßer Nikolo Mandarine Tonka Karamell vegan,Zotter,Diverse,100% Biozutaten,5x70g,16.852500000000003,1.1025000000000027,7
685842,Tafel Arhuaco 82%,Original Beans,Diverse,100% Biozutaten,13x70g,52.858000000000004,3.4580000000000055,7
685916,Tafel Blaubeere & Hanfsaat 85%,Lovechock,Diverse,100% Biozutaten,8x70g,33.2128,2.1728000000000023,7
85840,Tafel Cappuccino Vollmilch & Weiße,Vivani,Diverse,100% Biozutaten,10x100g,21.935000000000002,1.4350000000000023,7
685969,Tafel Caramel Inka Salz Vollmilch 44%,Vivani,Diverse,100% Biozutaten,10x80g,21.935000000000002,1.4350000000000023,7
699398,Tafel Chai Latte Vollmilch,Vivani,Diverse,100% Biozutaten,12x80g,23.754,1.554000000000002,7
685831,Tafel Cru Udzungwa 70%,Original Beans,Diverse,100% Biozutaten,13x70g,47.98950000000001,3.1395000000000053,7
685800,Tafel Cru Virunga Kongo 70%,Original Beans,Diverse,100% Biozutaten,13x70g,43.816500000000005,2.866500000000002,7
685816,Tafel Cusco Chuncho 100%,Original Beans,Diverse,100% Biozutaten,13x70g,59.09539999999999,9.435399999999994,19
685494,Tafel Dattel Dark Chocolate 69% vegan,Lovechock,Diverse,100% Biozutaten,8x70g,30.7304,2.0104000000000006,7
685493,Tafel Dattel Passionfruit Mango 69% vegan,Lovechock,Diverse,100% Biozutaten,8x70g,30.7304,2.0104000000000006,7
685492,Tafel Dattel Pistachio Almond 69% vegan,Lovechock,Diverse,100% Biozutaten,8x70g,30.7304,2.0104000000000006,7
685490,Tafel Dattel Raspberry Rosemary 69% vegan,Lovechock,Diverse,100% Biozutaten,8x70g,30.7304,2.0104000000000006,7
699491,Tafel Dunkle Nougat Gianduja vegan,Vivani,Diverse,100% Biozutaten,12x80g,23.754,1.554000000000002,7
697101,Tafel Dunkle Vollmilch mit Kokosblütenzucker 50%,Vivani,Diverse,100% Biozutaten,10x80g,21.293,1.3930000000000007,7
699915,Tafel Edel Bitter 100% Himbeer,Vivani,Diverse,100% Biozutaten,10x80g,33.384,2.184000000000001,7
697591,Tafel Edel Bitter 100% mit Nibs vegan,Vivani,Diverse,100% Biozutaten,10x80g,29.104,1.904,7
699497,Tafel Edel Bitter 70% Santo Domingo vegan,Vivani,Diverse,100% Biozutaten,10x80g,21.935000000000002,1.4350000000000023,7
699127,Tafel Edel Bitter Blutorange 100% vegan,Vivani,Diverse,Demeter (Deutschland),10x90g,29.96,1.9600000000000009,7
699498,Tafel Edel Bitter Chili Santo Domingo vegan,Vivani,Diverse,100% Biozutaten,10x80g,21.935000000000002,1.4350000000000023,7
699499,Tafel Edel Bitter Cranberry 70% Santo Dom. vegan,Vivani,Diverse,100% Biozutaten,10x80g,21.935000000000002,1.4350000000000023,7
699496,Tafel Edel Vollmilch Santo Domingo 37%,Vivani,Diverse,100% Biozutaten,10x80g,21.935000000000002,1.4350000000000023,7
685803,Tafel Esmeraldas Milk Ecuador 42%,Original Beans,Diverse,100% Biozutaten,13x70g,43.816500000000005,2.866500000000002,7
699356,Tafel Espresso Milch 38%,Vivani,Diverse,Demeter (Deutschland),10x90g,26.643,1.743000000000002,7
699357,Tafel Espresso Pistacchio Dark 75% vegan,Vivani,Diverse,100% Biozutaten,10x80g,33.384,2.184000000000001,7
699492,Tafel Feine Bitter 71% vegan,Vivani,Diverse,100% Biozutaten,12x80g,23.754,1.554000000000002,7
699500,Tafel Feine Bitter 85% Santo Domingo vegan,Vivani,Diverse,100% Biozutaten,10x80g,22.577,1.4770000000000003,7
584960,Tafel Feine Bitter 92% Cacao Panama,Vivani,Diverse,100% Biozutaten,10x80g,25.894000000000002,1.6940000000000026,7
698228,Tafel Feine Bitter Caramelcrisp Flor de Sal 62%veg,Vivani,Diverse,100% Biozutaten,10x80g,21.935000000000002,1.4350000000000023,7
698229,Tafel Feine Bitter Mallorca Flor de Sal 75% vegan,Vivani,Diverse,100% Biozutaten,10x80g,23.326,1.5259999999999998,7
585411,Tafel Feine Bitter Marzipan Amaretto,Vivani,Diverse,100% Biozutaten,10x100g,19.795,1.2950000000000017,7
699493,Tafel Feine Bitter Orange 70% vegan,Vivani,Diverse,100% Biozutaten,10x80g,21.935000000000002,1.4350000000000023,7
697132,Tafel Feine Bitter Panama 99% vegan,Vivani,Diverse,100% Biozutaten,10x80g,25.894000000000002,1.6940000000000026,7
85839,Tafel Feine Bitter Pfefferminz,Vivani,Diverse,100% Biozutaten,10x100g,19.795,1.2950000000000017,7
697120,Tafel Feine Bitter Schokolade 75% Panama,Vivani,Diverse,100% Biozutaten,10x80g,19.795,1.2950000000000017,7
699494,Tafel Feine Vollmilch,Vivani,Diverse,100% Biozutaten,12x80g,23.754,1.554000000000002,7
685814,Tafel Femmes de Virunga Kongo 55%,Original Beans,Diverse,100% Biozutaten,13x70g,43.816500000000005,2.866500000000002,7
697693,Tafel Gianduja Lebkuchen Caramel,Vivani,Diverse,100% Biozutaten,10x100g,19.795,1.2950000000000017,7
699406,Tafel Ginger Bells 75% vegan,Lovechock,Diverse,100% Biozutaten,8x70g,24.9952,1.635200000000001,7
685917,Tafel Mandel & Baobab 85%,Lovechock,Diverse,100% Biozutaten,8x70g,33.2128,2.1728000000000023,7
699810,Tafel Matcha Strawberry Limited Edition,Vivani,Diverse,100% Biozutaten,10x80g,26.643,1.743000000000002,7
699405,Tafel Merry Almond Cinnamon 63% vegan,Lovechock,Diverse,100% Biozutaten,8x70g,24.9952,1.635200000000001,7
699895,Tafel Pistachio & Raspberry 80% vegan,Lovechock,Diverse,100% Biozutaten,8x70g,33.2128,2.1728000000000023,7
685802,Tafel Piura Porcelana Peru 75%,Original Beans,Diverse,100% Biozutaten,13x70g,47.98950000000001,3.1395000000000053,7
85835,Tafel Praline Vollmilch Schokolade,Vivani,Diverse,100% Biozutaten,10x100g,21.935000000000002,1.4350000000000023,7
686463,Tafel Rohschokolade Himbeere & Kokosmilch vegan,Ombar,Diverse,100% Biozutaten,10x70g,33.384,2.184000000000001,7
686462,Tafel Rohschokolade Kokosmilch & Vanille vegan,Ombar,Diverse,100% Biozutaten,10x70g,33.384,2.184000000000001,7
686469,Tafel Rohschokolade Kokosmilch 55% vegan,Ombar,Diverse,100% Biozutaten,10x70g,33.384,2.184000000000001,7
686464,Tafel Rohschokolade Pistazie vegan,Ombar,Diverse,100% Biozutaten,10x70g,33.384,2.184000000000001,7
699508,Tafel Stracciatella Weiße mit Kakaonibs,Vivani,Diverse,100% Biozutaten,10x80g,19.795,1.2950000000000017,7
685990,Tafel Sweet Nibs & Seasalt 85%,Lovechock,Diverse,100% Biozutaten,8x70g,27.563200000000002,1.8032000000000004,7
686888,Tafel Vollmilch Salty Caramel FairTrade,GEPA,Diverse,Naturland,10x80g,24.503,1.6030000000000015,7
85459,Tafel Vollmilchschokolade mit ganzen Haselnüssen,Vivani,Diverse,100% Biozutaten,10x100g,23.326,1.5259999999999998,7
699495,Tafel Weiße Knusper,Vivani,Diverse,100% Biozutaten,12x80g,23.754,1.554000000000002,7
685965,Tafel Weiße Schokolade mit Vanille,Vivani,Diverse,100% Biozutaten,10x80g,21.935000000000002,1.4350000000000023,7
699355,Tafel Whole Cocoa Fruit 100% vegan,Vivani,Diverse,100% Biozutaten,10x80g,33.384,2.184000000000001,7
85479,Tafel Winterschokolade mit Spekulatius,Vivani,Diverse,100% Biozutaten,10x100g,19.795,1.2950000000000017,7
699507,Tafel Zartbitter Dattelsüße 60% vegan,Vivani,Diverse,100% Biozutaten,10x80g,33.384,2.184000000000001,7
697580,Tafel Zartbitter Gebrannte Mandel,Vivani,Diverse,100% Biozutaten,12x80g,23.754,1.554000000000002,7
685964,Tafel Zartbitter mit ganzen Haselnüssen,Vivani,Diverse,100% Biozutaten,10x100g,23.326,1.5259999999999998,7
685989,Tafel Zartbitterschokolade 93% Vanille & Lucuma,Lovechock,Diverse,100% Biozutaten,8x70g,33.2128,2.1728000000000023,7
685963,Tafel Zartbitterschokolade mit Mandeln,Vivani,Diverse,100% Biozutaten,10x100g,23.326,1.5259999999999998,7
635758,Tamari Sesam Cashews,Tarabao,Diverse,100% Biozutaten,6x130g,23.2404,1.5204000000000022,7
697046,THEKENDISPLAY Weihnachten 2026 - Rosengarten,Rosengarten,Diverse,100% Biozutaten,Display,132.466,8.666000000000011,7
555488,Tonka Pralinen,Rosengarten,Diverse,100% Biozutaten,8x75g,29.4464,1.926400000000001,7
586362,Trinkschokolade Klassik Variationen,Zotter,Diverse,100% Biozutaten,6x110g,33.3198,2.1798,7
686243,Trinkschokolade Winterzauber,Zotter,Diverse,100% Biozutaten,25x22g,29.96,1.9600000000000009,7
586830,Trüffel Auswahl the Signature vegan,Booja Booja,Diverse,100% Biozutaten,5x184g,80.25,5.25,7
697621,"Truffes Pralinen 0,9% Vol",Vivani,Diverse,100% Biozutaten,6x100g,52.002,3.402000000000001,7
629040,Überraschungs Ei FairTrade,Toddidoo,Diverse,100% Biozutaten,12x20g,21.828,1.4280000000000008,7
685970,Vollmilch Nuss,Lacoa,Diverse,100% Biozutaten,12x80g,24.010800000000003,1.570800000000002,7
701444,Vollmilch Schokolade mit Milchcremefüllung,Bio Company,Diverse,100% Biozutaten,10x100g,20.865000000000002,1.365000000000002,7
701446,Vollmilch Schokolade mit Nougatfüllung,Bio Company,Diverse,100% Biozutaten,10x100g,21.935000000000002,1.4350000000000023,7
701448,Vollmilch Schokolade,Bio Company,Diverse,100% Biozutaten,10x100g,22.470000000000002,1.4700000000000024,7
85463,Vollmilchschokolade,Lacoa,Diverse,100% Biozutaten,10x100g,20.009,1.309000000000001,7
687023,Vom Christkindl Vanille u. Crisps,Zotter,Diverse,100% Biozutaten,5x70g,16.852500000000003,1.1025000000000027,7
529517,Von Herzen Marzipanbusserl Zartbitter vegan,Krämers Bio-Manufaktur,Diverse,100% Biozutaten,42x21g,47.187000000000005,3.0870000000000033,7
529515,Von Herzen Nougat Busserl Vollmilch,Krämers Bio-Manufaktur,Diverse,100% Biozutaten,42x21g,47.187000000000005,3.0870000000000033,7
529516,Von Herzen Nougat Busserl Zartbitter vegan,Krämers Bio-Manufaktur,Diverse,100% Biozutaten,42x21g,51.681,3.3810000000000002,7
699728,VORDORDER-DISPLAY - Winter,Landgarten,Diverse,100% Biozutaten,Display,152.79600000000002,9.99600000000001,7
699729,VORDORDER-THEKENDISPLAY - Wintersnack,Landgarten,Diverse,100% Biozutaten,Display,216.675,14.175000000000011,7
699811,VORORDER-DISPLAY - Weihnachten,Vivani,Diverse,100% Biozutaten,Display,217.21,14.210000000000008,7
86286,Walnuss Marzipan,Zotter,Diverse,100% Biozutaten,5x70g,16.317500000000003,1.0675000000000026,7
686885,Weihnachts Schokolade Vollmilch,GEPA,Diverse,NF,10x100g,23.005000000000003,1.5050000000000026,7
687056,Weihnachtsüberraschung Karamell Nougat Crunch,Zotter,Diverse,100% Biozutaten,5x70g,16.852500000000003,1.1025000000000027,7
586194,Weihnachtswerkstatt französischer weißer Nougat,Zotter,Diverse,100% Biozutaten,5x70g,16.852500000000003,1.1025000000000027,7
699173,White Crisp vegan,Zotter,Diverse,100% Biozutaten,5x70g,16.317500000000003,1.0675000000000026,7
687060,White Delights Himbeere vegan,Foodloose,Diverse,100% Biozutaten,12x40g,20.544,1.3440000000000012,7
699519,White Delights Mango Maracuja Kugeln vegan,Foodloose,Diverse,100% Biozutaten,12x40g,20.544,1.3440000000000012,7
687061,White Delights Pistazie vegan,Foodloose,Diverse,100% Biozutaten,12x40g,20.544,1.3440000000000012,7
686416,White Nougat Crisp vegan,iChoc,Diverse,100% Biozutaten,10x80g,20.116000000000003,1.3160000000000025,7
686415,White Vanilla vegan,iChoc,Diverse,100% Biozutaten,10x80g,20.116000000000003,1.3160000000000025,7
699248,"Wie schön, dass es Dich gibt! vegan",Zotter,Diverse,100% Biozutaten,5x70g,16.317500000000003,1.0675000000000026,7
635755,Wildberry Cashews,Tarabao,Diverse,100% Biozutaten,6x130g,23.2404,1.5204000000000022,7
699612,Wildberry Cashews,Tarabao,Diverse,100% Biozutaten,7x130g,27.1138,1.7738000000000014,7
685485,Winter Collection vegan,Booja Booja,Diverse,100% Biozutaten,5x184g,72.17150000000001,4.721500000000006,7
685486,Winter Special Trüffel vegan,Booja Booja,Diverse,100% Biozutaten,8x92g,58.122400000000006,3.8024000000000058,7
555487,Winterzauber Pralinen m. cremiger Orangenfüllung,Rosengarten,Diverse,100% Biozutaten,8x75g,29.4464,1.926400000000001,7
699522,Wundervolles Weihnachtsfest! - Cheesecake,Zotter,Diverse,100% Biozutaten,5x70g,16.852500000000003,1.1025000000000027,7
699945,Wundervolles Weihnachtsfest! - Cheesecake,Zotter,Diverse,100% Biozutaten,5x70g,16.852500000000003,1.1025000000000027,7
686285,Yuzu Citrus aus Japan,Zotter,Diverse,100% Biozutaten,5x70g,16.317500000000003,1.0675000000000026,7
701450,Zartbitter Schokolade 70%,Bio Company,Diverse,100% Biozutaten,10x100g,22.470000000000002,1.4700000000000024,7
85465,Zartbitterschokolade,Lacoa,Diverse,100% Biozutaten,10x100g,20.009,1.309000000000001,7
85915,Zarte Bitter 70% FairTrade,GEPA,Diverse,Naturland,10x100g,29.853,1.953000000000003,7
85913,Zarte Bitter Orange 70% FairTrade,GEPA,Diverse,Naturland,10x100g,29.853,1.953000000000003,7
687025,Zimt Apfel u. Honig,Zotter,Diverse,100% Biozutaten,5x70g,16.852500000000003,1.1025000000000027,7
687051,Zwetschken Kramperl,Zotter,Diverse,100% Biozutaten,5x70g,16.852500000000003,1.1025000000000027,7
699531,Cacao Caramel Riegel vegan,Champs,Diverse,100% Biozutaten,20x43g,43.870000000000005,2.8700000000000045,7
699532,Coconut Cream Riegel vegan,Champs,Diverse,100% Biozutaten,20x38g,43.870000000000005,2.8700000000000045,7
699821,Crunchy Cacao vegan,Champs,Diverse,100% Biozutaten,15x50g,32.9025,2.1525000000000034,7
699820,Crunchy Peanut vegan,Champs,Diverse,100% Biozutaten,15x50g,32.9025,2.1525000000000034,7
699530,Peanut Caramel Riegel vegan,Champs,Diverse,100% Biozutaten,20x45g,43.870000000000005,2.8700000000000045,7
695941,Riegel Alles Liebe Hibiskus Kakaonibs vegan,Lovechock,Diverse,100% Biozutaten,12x40g,23.112000000000002,1.5120000000000005,7
697106,Riegel Black Cherry,Vivani,Diverse,100% Biozutaten,18x35g,17.7192,1.159200000000002,7
697107,Riegel Creamy Caramel,Vivani,Diverse,100% Biozutaten,18x40g,17.7192,1.159200000000002,7
699151,Riegel Crème Brulée,Vivani,Diverse,100% Biozutaten,18x40g,17.7192,1.159200000000002,7
699150,Riegel Crispy Nougat,Vivani,Diverse,100% Biozutaten,18x40g,17.7192,1.159200000000002,7
697108,Riegel Dark Nougat Croccante,Vivani,Diverse,100% Biozutaten,18x35g,17.7192,1.159200000000002,7
698606,Riegel Espresso Biscotti,Vivani,Diverse,100% Biozutaten,18x40g,17.7192,1.159200000000002,7
685987,Riegel Extra Pur vegan,Lovechock,Diverse,100% Biozutaten,12x40g,30.174,1.9740000000000002,7
699896,Riegel Fruity Cranberry 80% vegan,Lovechock,Diverse,100% Biozutaten,12x40g,30.174,1.9740000000000002,7
699898,Riegel Go Nuts 76% vegan,Lovechock,Diverse,100% Biozutaten,12x40g,23.112000000000002,1.5120000000000005,7
699078,Riegel Happy Orange 76% vegan,Lovechock,Diverse,100% Biozutaten,12x40g,23.112000000000002,1.5120000000000005,7
686483,Riegel Haselnuss Creme vegan,Ombar,Diverse,100% Biozutaten,15x42g,35.1495,2.299500000000002,7
685197,Riegel Herzenswärme 79% vegan,Lovechock,Diverse,100% Biozutaten,12x40g,23.112000000000002,1.5120000000000005,7
686481,Riegel Kokos Himbeere vegan,Ombar,Diverse,100% Biozutaten,15x42g,35.1495,2.299500000000002,7
685928,Riegel Kokos Kakaonibs Reisdrink 68% vegan,Lovechock,Diverse,100% Biozutaten,12x40g,30.174,1.9740000000000002,7
686480,Riegel Kokos Vanille vegan,Ombar,Diverse,100% Biozutaten,15x42g,35.1495,2.299500000000002,7
686484,Riegel Mandel Creme vegan,Ombar,Diverse,100% Biozutaten,15x42g,35.1495,2.299500000000002,7
699713,Riegel Mandel Feige vegan,Lovechock,Diverse,100% Biozutaten,12x40g,30.174,1.9740000000000002,7
685909,Riegel Maulbeere Crunch vegan,Lovechock,Diverse,100% Biozutaten,12x40g,30.174,1.9740000000000002,7
698471,Riegel Milch Creme,Vivani,Diverse,100% Biozutaten,18x40g,17.7192,1.159200000000002,7
699916,Riegel Nibs 100%,Vivani,Diverse,100% Biozutaten,24x25g,28.7616,1.8816000000000024,7
685196,Riegel Nuss Kuss Haselnuss 64% vegan,Lovechock,Diverse,100% Biozutaten,12x40g,23.112000000000002,1.5120000000000005,7
699897,Riegel Pistachio 80% vegan,Lovechock,Diverse,100% Biozutaten,12x40g,30.174,1.9740000000000002,7
686482,Riegel Pistazien Creme vegan,Ombar,Diverse,100% Biozutaten,15x42g,35.1495,2.299500000000002,7
685991,Riegel Pur Kakaonibs vegan,Lovechock,Diverse,100% Biozutaten,12x40g,30.174,1.9740000000000002,7
697112,Riegel Rice Bar White Nougat Crisp,Vivani,Diverse,100% Biozutaten,18x35g,17.7192,1.159200000000002,7
685988,Riegel Salted Pecan vegan,Lovechock,Diverse,100% Biozutaten,12x40g,30.174,1.9740000000000002,7
699899,Riegel Thank You 76% vegan,Lovechock,Diverse,100% Biozutaten,12x40g,23.112000000000002,1.5120000000000005,7
526814,Amaranth-Schokolette Zartbitter - 5er-Pack,Allos,Diverse,100% Biozutaten,10x5x28g,35.203,2.3030000000000044,7
26546,Amaranth-Schokolette Zartbitter,Allos,Diverse,100% Biozutaten,16x25g,14.3808,0.9408000000000012,7
525399,BODENSTELLER Schulstart Display,Mogli,Diverse,Demeter (Deutschland),Display,261.08000000000004,17.08000000000004,7
525437,Bundle Braun - Schleich DEMETER,Mogli,Diverse,Demeter (Deutschland),4x250g,24.396,1.596,7
525436,Bundle Gelb - Schleich DEMETER,Mogli,Diverse,Demeter (Deutschland),4x250g,24.396,1.596,7
525438,Bundle Lila - Schleich DEMETER,Mogli,Diverse,Demeter (Deutschland),4x250g,24.396,1.596,7
699737,Butter Bites Variety Pack,Foodloose,Diverse,100% Biozutaten,20x40g,31.244,2.0440000000000005,7
527351,Dattel Lebkuchen Brownie vegan,Rosengarten,Diverse,100% Biozutaten,16x40g,21.400000000000002,1.4000000000000021,7
699646,Dattelfruchtkugel mit Erdbeercremefüllung vegan,Roobar,Diverse,100% Biozutaten,15x45g,20.0625,1.3125,7
699645,Dattelfruchtkugel mit Kakaocremefüllung vegan,Roobar,Diverse,100% Biozutaten,15x45g,20.0625,1.3125,7
699644,Dattelfruchtkugel mit Pistaziencremefüllung vegan,Roobar,Diverse,100% Biozutaten,15x45g,20.0625,1.3125,7
687067,Edelmarzipanbrot in Zartbitterschokolade,Vitana,Diverse,100% Biozutaten,20x50g,21.186000000000003,1.3860000000000028,7
687065,Edelmarzipanriegel in Zartbitterschokolade,Vitana,Diverse,100% Biozutaten,24x40g,17.2056,1.1256000000000022,7
687066,Edelmarzipanriegel Nougat in Zartbitterschokolade,Vitana,Diverse,100% Biozutaten,24x40g,34.4112,2.2512000000000043,7
584714,Fruchtriegel Apfel Walnuss,Allos,Diverse,100% Biozutaten,25x40g,24.610000000000003,1.610000000000003,7
85952,Fruchtriegel Aronia vegan glutenfrei,Lubs,Diverse,100% Biozutaten,25x30g,21.6675,1.4175000000000004,7
584717,Fruchtriegel Banane Mandel,Allos,Diverse,100% Biozutaten,25x40g,24.610000000000003,1.610000000000003,7
584716,Fruchtriegel Blaubeere,Allos,Diverse,100% Biozutaten,25x40g,24.610000000000003,1.610000000000003,7
625618,Fruchtriegel Cashew Dattel vegan glutenfrei,Lubs,Diverse,100% Biozutaten,24x40g,26.964000000000002,1.764000000000003,7
584711,Fruchtriegel Cranberry Cashew,Allos,Diverse,100% Biozutaten,25x40g,24.610000000000003,1.610000000000003,7
584710,Fruchtriegel Dattel Orange,Allos,Diverse,100% Biozutaten,25x40g,24.610000000000003,1.610000000000003,7
625611,Fruchtriegel Erdbeere vegan glutenfrei,Lubs,Diverse,100% Biozutaten,25x30g,24.3425,1.5925000000000011,7
85950,Fruchtriegel Heidelbeere vegan glutenfrei,Lubs,Diverse,100% Biozutaten,25x30g,23.8075,1.557500000000001,7
625617,Fruchtriegel Himbeere vegan glutenfrei,Lubs,Diverse,100% Biozutaten,25x30g,40.660000000000004,2.6600000000000037,7
625610,Fruchtriegel Mandel Vanille vegan glutenfrei,Lubs,Diverse,100% Biozutaten,24x40g,20.800800000000002,1.3608000000000011,7
625580,Fruchtriegel Mango Maracuja vegan glutenfrei,Lubs,Diverse,100% Biozutaten,25x30g,21.6675,1.4175000000000004,7
584712,Fruchtriegel Mango,Allos,Diverse,100% Biozutaten,25x40g,24.610000000000003,1.610000000000003,7
584715,Fruchtriegel Maracuja,Allos,Diverse,100% Biozutaten,25x40g,24.610000000000003,1.610000000000003,7
585958,Fruchtriegel Spirulina Zitrone vegan glutenfrei,Lubs,Diverse,100% Biozutaten,24x40g,23.3688,1.5288000000000004,7
686819,Frühstücksriegel Haselnuss Tonka,Tzampas,Diverse,100% Biozutaten,16x70G,34.0688,2.2288000000000032,7
686818,Frühstücksriegel Himbeere Chia,Tzampas,Diverse,100% Biozutaten,16x70G,34.0688,2.2288000000000032,7
685226,Hafer Flapjack Landfrüchte,Allos,Diverse,100% Biozutaten,16x50g,21.7424,1.4223999999999997,7
685227,Hafer Flapjack Nuss,Allos,Diverse,100% Biozutaten,16x50g,21.7424,1.4223999999999997,7
685232,Hafer Flapjack Salted Caramel,Allos,Diverse,100% Biozutaten,16x50g,21.7424,1.4223999999999997,7
685225,Hafer Flapjack Schoko,Allos,Diverse,100% Biozutaten,16x50g,21.7424,1.4223999999999997,7
685235,Hafercrrrunch Riegel Schoko,Allos,Diverse,100% Biozutaten,12x50g,14.766000000000002,0.9660000000000011,7
26456,Haselnuss-Waffelriegel,Rosengarten,Diverse,100% Biozutaten,15x35g,20.0625,1.3125,7
514935,Kokos-Riegel,Mogli,Diverse,100% Biozutaten,20x25g,11.984,0.7840000000000007,7
699632,Lemon Cake Ball,Dig Snacks,Diverse,100% Biozutaten,16x25g,21.5712,1.411200000000001,7
625603,lifebar Aprikose,Lifefood,Diverse,100% Biozutaten,15x40g,21.988500000000002,1.4385000000000012,7
625609,lifebar Blaubeere Quinoa,Lifefood,Diverse,100% Biozutaten,15x40g,21.988500000000002,1.4385000000000012,7
625605,lifebar Brazil,Lifefood,Diverse,100% Biozutaten,15x40g,21.988500000000002,1.4385000000000012,7
625622,lifebar Cake Double Choclate,Lifefood,Diverse,100% Biozutaten,12x35g,20.544,1.3440000000000012,7
625623,lifebar Cake Pistachio Vanilla,Lifefood,Diverse,100% Biozutaten,12x35g,20.544,1.3440000000000012,7
625624,lifebar Cake Strawberry Caramel Matcha,Lifefood,Diverse,100% Biozutaten,12x35g,20.544,1.3440000000000012,7
625600,lifebar Feige,Lifefood,Diverse,100% Biozutaten,15x40g,21.988500000000002,1.4385000000000012,7
625608,lifebar High Protein Schokolade,Lifefood,Diverse,100% Biozutaten,15x40g,21.988500000000002,1.4385000000000012,7
625563,lifebar InChoco Cacao Nibs Vanilla,Lifefood,Diverse,100% Biozutaten,15x40g,27.927000000000003,1.8270000000000017,7
625564,lifebar InChoco Orange,Lifefood,Diverse,100% Biozutaten,15x40g,27.927000000000003,1.8270000000000017,7
625602,lifebar Kirsche,Lifefood,Diverse,100% Biozutaten,15x40g,21.988500000000002,1.4385000000000012,7
625604,lifebar Kokos,Lifefood,Diverse,100% Biozutaten,15x40g,21.988500000000002,1.4385000000000012,7
625619,lifebar Oat Snack Protein Chocolate Delight,Lifefood,Diverse,100% Biozutaten,15x40g,21.988500000000002,1.4385000000000012,7
625621,lifebar Oatsnack Cashew Choclate Chip,Lifefood,Diverse,100% Biozutaten,15x40g,21.988500000000002,1.4385000000000012,7
625601,lifebar Schokolade,Lifefood,Diverse,100% Biozutaten,15x40g,21.988500000000002,1.4385000000000012,7
625620,lifebar Super Power Mandel Cookie,Lifefood,Diverse,100% Biozutaten,15x40g,27.927000000000003,1.8270000000000017,7
625607,lifebar Superfoods Brazil Guarana,Lifefood,Diverse,100% Biozutaten,15x40g,21.988500000000002,1.4385000000000012,7
625606,lifebar Superfoods Chia Pistachio,Lifefood,Diverse,100% Biozutaten,15x40g,21.988500000000002,1.4385000000000012,7
685480,Mini Snackbox Cacao,Rawbite,Diverse,100% Biozutaten,45x15g,33.705000000000005,2.2050000000000054,7
685481,Mini Snackbox Cashew,Rawbite,Diverse,100% Biozutaten,45x15g,29.853,1.953000000000003,7
685482,Mini Snackbox Smooth Cacao,Rawbite,Diverse,100% Biozutaten,45x15g,33.705000000000005,2.2050000000000054,7
584701,My Raw Date Kakao,Allos,Diverse,100% Biozutaten,18x32g,16.5636,1.0836000000000006,7
584702,My Raw Date Nuss,Allos,Diverse,100% Biozutaten,18x32g,16.5636,1.0836000000000006,7
699633,No-Bake Apple Crumble,Dig Snacks,Diverse,100% Biozutaten,12x35g,18.618,1.218,7
699634,No-Bake Banana M*lk Chocolate Crumble,Dig Snacks,Diverse,100% Biozutaten,12x35g,18.618,1.218,7
699637,No-Bake Chocolate Crumble,Dig Snacks,Diverse,100% Biozutaten,12x35g,18.618,1.218,7
85117,Nuss-Schnitte Mandel,Allos,Diverse,100% Biozutaten,25x30g,24.8775,1.6275000000000013,7
686985,Nussriegel Coco Caramella,Foodloose,Diverse,100% Biozutaten,24x35g,31.843200000000003,2.0832000000000015,7
686983,Nussriegel Poesie Amelie,Foodloose,Diverse,100% Biozutaten,24x35g,31.843200000000003,2.0832000000000015,7
686987,Nussriegel Rock'o Choc,Foodloose,Diverse,100% Biozutaten,24x35g,31.843200000000003,2.0832000000000015,7
687014,Nussriegel Salty Cara,Foodloose,Diverse,100% Biozutaten,24x35g,31.843200000000003,2.0832000000000015,7
699649,Nussriegel Variety Pack,Foodloose,Diverse,100% Biozutaten,24x35g,31.843200000000003,2.0832000000000015,7
687017,Nut & Choc Peanut Crush,Foodloose,Diverse,100% Biozutaten,24x35g,33.384,2.184000000000001,7
686445,Nut Butter Bar Chocolate & Peanut Butter vegan,Clif Bar,USA,100% Biozutaten,12x50g,21.699600000000004,1.4196000000000026,7
686446,Nut Butter Bar Chocolate Chip & Peanut Butter veg.,Clif Bar,USA,100% Biozutaten,12x50g,21.699600000000004,1.4196000000000026,7
686447,Nut Butter Bar Peanut Butter vegan,Clif Bar,USA,100% Biozutaten,12x50g,21.699600000000004,1.4196000000000026,7
626220,Oat Bar Banana Bread glutenfrei,Hammermühle,Diverse,100% Biozutaten,15x45g,15.568500000000002,1.0185000000000013,7
626221,Oat Bar Peanut Chocolate glutenfrei,Hammermühle,Diverse,100% Biozutaten,15x45g,15.568500000000002,1.0185000000000013,7
626222,Oat Bar Sour Cherry Chocolate glutenfrei,Hammermühle,Diverse,100% Biozutaten,15x45g,15.568500000000002,1.0185000000000013,7
687063,Oat Treat Choc Chip Hazelnut,Foodloose,Diverse,100% Biozutaten,15x35g,20.704500000000003,1.3545000000000016,7
687062,Oat Treat White Pistachio & Matcha,Foodloose,Diverse,100% Biozutaten,15x35g,20.704500000000003,1.3545000000000016,7
699643,Proteinkugel mit Schokoladenfüllung vegan,Roobar,Diverse,100% Biozutaten,15x45g,20.0625,1.3125,7
685140,Proteinriegel Erdnussbutter mit Schokoladenüberzug,Roobar,Diverse,100% Biozutaten,16x40g,19.174400000000002,1.2544000000000004,7
685134,Proteinriegel Haselnuss mit Schokoladenüberzug,Roobar,Diverse,100% Biozutaten,16x40g,17.976000000000003,1.176000000000002,7
699611,Proteinriegel Hazelnut Brownie vegan,PURYA,Diverse,99%,12x45G,17.976000000000003,1.176000000000002,7
685133,Proteinriegel Mandel mit Schokoladenüberzug,Roobar,Diverse,100% Biozutaten,16x40g,17.976000000000003,1.176000000000002,7
699610,Proteinriegel Salted Peanut Caramel vegan,PURYA,Diverse,99%,12x45G,17.976000000000003,1.176000000000002,7
527350,Pumpkin Spice Haferriegel vegan,Rosengarten,Diverse,100% Biozutaten,12x50g,12.0696,0.7896000000000001,7
685153,RAW BITE Lime,Rawbite,Diverse,100% Biozutaten,12x50g,17.462400000000002,1.142400000000002,7
685519,Riegel Apple & Cinnamon,Rawbite,Diverse,100% Biozutaten,12x50g,17.334,1.1340000000000003,7
686810,Riegel Cacao Nibs,Tzampas,Diverse,100% Biozutaten,16x40g,26.0224,1.7024000000000008,7
685516,Riegel Cacao,Rawbite,Diverse,100% Biozutaten,12x50g,19.773600000000002,1.2936000000000014,7
685522,Riegel Cashew,Rawbite,Diverse,100% Biozutaten,12x50g,17.334,1.1340000000000003,7
686811,Riegel Choco,Tzampas,Diverse,100% Biozutaten,16x40g,26.0224,1.7024000000000008,7
686815,Riegel Cocoa Berry,Tzampas,Diverse,100% Biozutaten,16x40g,26.0224,1.7024000000000008,7
686816,Riegel Coconut Oat,Tzampas,Diverse,100% Biozutaten,16x40g,26.0224,1.7024000000000008,7
685517,Riegel Coconut,Rawbite,Diverse,100% Biozutaten,12x50g,17.334,1.1340000000000003,7
686812,Riegel Espresso,Tzampas,Diverse,100% Biozutaten,16x40g,26.0224,1.7024000000000008,7
686813,Riegel Goji,Tzampas,Diverse,100% Biozutaten,16x40g,26.0224,1.7024000000000008,7
686814,Riegel Golden Milk,Tzampas,Diverse,100% Biozutaten,16x40g,26.0224,1.7024000000000008,7
685518,Riegel Lime,Rawbite,Diverse,100% Biozutaten,12x50g,17.334,1.1340000000000003,7
685521,Riegel Orange Cacao,Rawbite,Diverse,100% Biozutaten,12x50g,19.773600000000002,1.2936000000000014,7
685515,Riegel Peanut,Rawbite,Diverse,100% Biozutaten,12x50g,17.334,1.1340000000000003,7
686817,Riegel Protein Crunch,Tzampas,Diverse,100% Biozutaten,16x40g,28.0768,1.8368000000000002,7
685523,Riegel Protein Crunchy Almond,Rawbite,Diverse,100% Biozutaten,12x45G,19.773600000000002,1.2936000000000014,7
685525,Riegel Protein Peanut Caramel,Rawbite,Diverse,100% Biozutaten,12x45G,19.773600000000002,1.2936000000000014,7
685524,Riegel Protein Smooth Cacao,Rawbite,Diverse,100% Biozutaten,12x45G,19.773600000000002,1.2936000000000014,7
685520,Riegel Vanilla Berries,Rawbite,Diverse,100% Biozutaten,12x50g,17.334,1.1340000000000003,7
527184,Spekulatius Haferriegel vegan,Rosengarten,Diverse,100% Biozutaten,12x50g,12.0696,0.7896000000000001,7
699631,Swedish Chocolate Ball,Dig Snacks,Diverse,100% Biozutaten,16x25g,21.5712,1.411200000000001,7
699630,Swedish Cinnamon Bun Ball,Dig Snacks,Diverse,100% Biozutaten,16x25g,21.5712,1.411200000000001,7
629415,Bio-Bärchen mit Gelatine,Sobo,Diverse,100% Biozutaten,16x100g,21.400000000000002,1.4000000000000021,7
629417,Bio-Bärchen ohne Gelatine mit Pektin vegan,Sobo,Diverse,98%,16x100g,21.400000000000002,1.4000000000000021,7
629421,Bio-Bärchen vegan ohne Gelatine mit Gummi arabicum,Sobo,Diverse,100% Biozutaten,16x75g,21.400000000000002,1.4000000000000021,7
686942,Bonbon Alpenkräuter,Bio4You,Diverse,98%,20x75g,21.828,1.4280000000000008,7
687044,Bonbon Das fruchtige Duo gefüllt,Bio4You,Diverse,98%,20x75g,21.828,1.4280000000000008,7
687010,Bonbon Eis,Bio4You,Deutschland,99%,20x75g,21.828,1.4280000000000008,7
686941,Bonbon Ingwer-Kräuter,Bio4You,Diverse,98%,20x75g,21.828,1.4280000000000008,7
686947,Bonbon Ingwer-Limette & Ingwer-Orange,Bio4You,Diverse,98%,20x75g,21.828,1.4280000000000008,7
686943,Bonbon Ingwer-Mango,Bio4You,Diverse,98%,20x75g,21.828,1.4280000000000008,7
687011,Bonbon Malz Karamell,Bio4You,Deutschland,99%,20x75g,21.828,1.4280000000000008,7
686948,Bonbon Mango-Orange,Bio4You,Diverse,98%,20x75g,21.828,1.4280000000000008,7
687037,Bonbon Manuka-Honig MGO 300+,Bio4You,Diverse,98%,20x60g,40.232000000000006,2.632000000000005,7
686946,Bonbon Salbei-Kräuter,Bio4You,Diverse,98%,20x75g,21.828,1.4280000000000008,7
686944,Bonbon Sanddorn-Granatapfel,Bio4You,Diverse,98%,20x75g,21.828,1.4280000000000008,7
686945,Bonbon Waldhonig,Bio4You,Diverse,98%,20x75g,21.828,1.4280000000000008,7
699473,Bonbons Fruchtmix,Candy Tree,Diverse,100% Biozutaten,12x100g,23.754,1.554000000000002,7
85577,Brausedrops in Rollen,Bio Vita,Diverse,95%,36x48g,38.52,2.520000000000003,7
685261,Cola Bottles,Ökovital,Diverse,100% Biozutaten,12x80g,14.6376,0.9576000000000011,7
698497,Eislollies Frucht,Terrasana,Diverse,100% Biozutaten,12x400ml,38.127599999999994,6.087599999999995,19
85204,Erdbeer Lutscher,Candy Tree,Diverse,100% Biozutaten,40Stück,23.540000000000003,1.5400000000000027,7
699762,Erdbeerschlange Giraffe,Candy Tree,Diverse,100% Biozutaten,24x50g,20.287200000000002,1.3272000000000013,7
685262,Exotik Mix,Ökovital,Diverse,99%,12x80g,14.6376,0.9576000000000011,7
698185,Fruchtbärchen,Sonnentor,Diverse,98%,10x100g,18.832000000000004,1.2320000000000029,7
698186,Früchtchen vegan,Sonnentor,Diverse,96%,10x100g,18.832000000000004,1.2320000000000029,7
574996,Fruchtgummi - Bärchen,Heimatgut,Deutschland,100% Biozutaten,12x100g,23.754,1.554000000000002,7
574992,Fruchtgummi - Cola Flaschen,Heimatgut,Deutschland,100% Biozutaten,12x100g,23.754,1.554000000000002,7
574991,Fruchtgummi - Grüner Apfel,Heimatgut,Deutschland,100% Biozutaten,12x100g,23.754,1.554000000000002,7
574990,Fruchtgummi - Rote Mischung,Heimatgut,Deutschland,100% Biozutaten,12x100g,23.754,1.554000000000002,7
685266,Fruit Frites Extra sauer,Ökovital,Diverse,99%,12x80g,14.6376,0.9576000000000011,7
685265,Frutti Jungle,Ökovital,Diverse,99%,12x80g,14.6376,0.9576000000000011,7
685280,Frutti Mellows,Ökovital,Diverse,99%,8x90g,10.700000000000001,0.7000000000000011,7
685268,Fruttini Bär fruchtig-sauer ohne Gelantine vegan,Ökovital,Diverse,96%,12x80g,15.664800000000001,1.0248000000000008,7
685269,Fruttini Mix fruchtig-sauer ohne Gelantine vegan,Ökovital,Diverse,96%,12x80g,15.664800000000001,1.0248000000000008,7
685270,Fruttini Worms fruchtig-sauer ohne Gelantine vegan,Ökovital,Diverse,96%,12x80g,14.6376,0.9576000000000011,7
585312,Gummibärchen ohne Gelatine - lose,Ökovital,Diverse,95%,"2x1,25kg",28.8686,1.8886000000000003,7
685309,Gummibärchen Ökovital Bär glutenfrei - lose,Ökovital,Diverse,99%,"2x2,5kg",57.4376,3.7576000000000036,7
685267,Gummibärchen Ökovital Bär ohne Gelantine vegan,Ökovital,Diverse,96%,12x80g,14.6376,0.9576000000000011,7
685260,Gummibärchen Ökovital Bär,Ökovital,Diverse,99%,12x80g,14.6376,0.9576000000000011,7
685275,Helix Lakritzschnecken ohne Gelantine vegan,Ökovital,Diverse,100% Biozutaten,12x80g,14.6376,0.9576000000000011,7
85559,Herbafresh Mint classic,Hoyer,Diverse,100% Biozutaten,12x17g,9.63,0.6300000000000008,7
85205,Himbeer Lutscher,Candy Tree,Diverse,100% Biozutaten,40Stück,26.536,1.7360000000000007,7
699763,Himbeerschlange Giraffe,Candy Tree,Diverse,100% Biozutaten,24x50g,24.1392,1.5792000000000002,7
85337,Jo Frutti,Ökovital,Diverse,99%,12x80g,15.7932,1.0332000000000008,7
698187,Joghurtfrüchte,Sonnentor,Diverse,98%,8x100g,15.065600000000002,0.9856000000000016,7
586750,Kaugummi Beeren Mix,Chicza,Mexico,100% Biozutaten,10x30g,15.515,1.0150000000000006,7
85862,Kaugummi Limone,Chicza,Mexico,100% Biozutaten,10x30g,15.515,1.0150000000000006,7
85861,Kaugummi Minze,Chicza,Mexico,100% Biozutaten,10x30g,15.515,1.0150000000000006,7
85860,Kaugummi Spearmint,Chicza,Mexico,100% Biozutaten,10x30g,15.515,1.0150000000000006,7
585864,Kaugummi Zimt,Chicza,Mexico,100% Biozutaten,10x30g,15.515,1.0150000000000006,7
699471,Kirsch Lutscher,Candy Tree,Diverse,100% Biozutaten,40x13g,29.532000000000004,1.9320000000000022,7
529578,Kuhbonbon Classic,Kuhbonbon,Polen,100% Biozutaten,12x120g,30.174,1.9740000000000002,7
529579,Kuhbonbon Salted Caramel,Kuhbonbon,Polen,100% Biozutaten,12x120g,30.174,1.9740000000000002,7
85062,Lakritz Tubis salzig vegan,Terrasana,Niederlande,100% Biozutaten,12x100g,19.3884,1.2683999999999997,7
685277,Lakritz-Mix salzig,Ökovital,Diverse,99%,12x80g,17.7192,1.159200000000002,7
85063,Lakritzkonfetti vegan,Terrasana,Diverse,100% Biozutaten,20x100g,35.52400000000001,2.324000000000005,7
699764,Lakritzschlange Giraffe,Candy Tree,Diverse,100% Biozutaten,24x50g,20.287200000000002,1.3272000000000013,7
685059,Lakritzschlange salzig vegan,Terrasana,Diverse,100% Biozutaten,24x56g,24.9096,1.6296,7
685065,Lakritzschlange süß vegan,Terrasana,Diverse,100% Biozutaten,24x56g,24.9096,1.6296,7
85057,Laktritz Tubis süß vegan,Terrasana,Diverse,100% Biozutaten,12x100g,18.8748,1.2348,7
85163,Lutschpastillen Ingwer-Zitrone,Aries,Diverse,100% Biozutaten,24x30g,48.792,3.192,7
85175,Lutschpastillen Salbei,Aries,Diverse,100% Biozutaten,24x30g,48.792,3.192,7
85162,Lutschpastillen Teebaum,Aries,Diverse,100% Biozutaten,24x30g,48.792,3.192,7
85174,Lutschpastillen Thymian,Aries,Diverse,100% Biozutaten,24x30g,48.792,3.192,7
696080,Manukahonig Halspastillen Cassis MGO 250,Hoyer,Diverse,99%,12x30g,24.2676,1.587600000000002,7
696081,Manukahonig Halspastillen Kräuter MGO 250,Hoyer,Diverse,99%,12x30g,24.2676,1.587600000000002,7
696339,Manukahonig Halspastillen Zitronenmelisse MGO 250,Hoyer,Diverse,99%,12x30g,24.2676,1.587600000000002,7
685279,Marshmellows Vanilla,Ökovital,Diverse,99%,8x90g,10.700000000000001,0.7000000000000011,7
85575,Minilutscher Stielkirschen,Bio Vita,Diverse,95%,10x50g,14.338000000000001,0.9380000000000006,7
699518,Orangen Lutscher,Candy Tree,Diverse,100% Biozutaten,12x70g,22.470000000000002,1.4700000000000024,7
699384,Santasapina Husten Bonbons,A Vogel,Diverse,konventionell,12x100g,24.1392,1.5792000000000002,7
685298,Smoothies mit Fruchtpüree zuckerreduziert,Ökovital,Diverse,99%,12x80g,15.7932,1.0332000000000008,7
699718,Snack Rosinen Saurer Apfel,Foodloose Cool Kids,Türkei,98%,10x84g,15.943000000000001,1.043000000000001,7
685300,Stärke Cola Bottles zuckerreduziert vegan,Ökovital,Diverse,100% Biozutaten,12x80g,15.664800000000001,1.0248000000000008,7
85570,Traubenzuckerdrops in Rollen,Bio Vita,Diverse,98%,36x44g,38.52,2.520000000000003,7
685055,Twists Süßlakritze vegan,Terrasana,Diverse,100% Biozutaten,10x100g,22.470000000000002,1.4700000000000024,7
685274,Veggie Beeren Mix fruchtig-sauer ohne Gel. vegan,Ökovital,Diverse,99%,12x80g,15.664800000000001,1.0248000000000008,7
685271,Veggie Hearts ohne Gelantine vegan,Ökovital,Diverse,96%,12x80g,14.6376,0.9576000000000011,7
685273,Veggie Mix fruchtig-sauer ohne Gelantine vegan,Ökovital,Diverse,99%,12x80g,14.6376,0.9576000000000011,7
685272,Veggie Vine Gums ohne Gelantine vegan,Ökovital,Diverse,99%,12x80g,14.6376,0.9576000000000011,7
685263,Vitamino Frutti,Ökovital,Diverse,99%,12x80g,14.6376,0.9576000000000011,7
85060,Wheel Lakritzschnecken vegan,Terrasana,Diverse,100% Biozutaten,20x100g,26.75,1.75,7
686897,Zitrone-Thymian Bonbons FairTrade,GEPA,Diverse,100% Biozutaten,12x100g,27.606,1.806000000000001,7
626860,4-Korn Mandel Kekse Vollkorn,Naturkostmühle Werz,Diverse,100% Biozutaten,6x150g,18.297000000000004,1.1970000000000027,7
82096,Alles Liebe Dinkelkekse mit Erdbeeren,Sonnentor,Diverse,100% Biozutaten,6x125g,18.297000000000004,1.1970000000000027,7
699395,Alpenbrot vegan,Linea Natura,Diverse,100% Biozutaten,12x125g,26.322000000000003,1.7220000000000013,7
697240,Amaretti - Mandelgebäck,La Selva,Diverse,100% Biozutaten,12x100g,27.606,1.806000000000001,7
699333,American Dinkel Schoko Cookies,Linea Natura,Diverse,100% Biozutaten,9x150g,21.6675,1.4175000000000004,7
685757,American Hafer Cookies vegan,Linea Natura,Diverse,100% Biozutaten,8x175g,19.26,1.2600000000000016,7
699332,American Schoko Cookies,Linea Natura,Diverse,100% Biozutaten,9x150g,21.6675,1.4175000000000004,7
527155,Ananas-Bomben vegan 5St,Rosmarin,Diverse,100% Biozutaten,12X165G,46.0956,3.015599999999999,7
699394,Apfeltraum Lebkuchen mit Apfelstückchen vegan,Linea Natura,Diverse,100% Biozutaten,12x125g,26.322000000000003,1.7220000000000013,7
699665,Apple Crumbles,Island Bakery,Diverse,EG-Bio,12x125g,52.644000000000005,3.4440000000000026,7
527271,Baumkuchenringe Vollmilch ca.50g - Theke,Rosengarten,Diverse,100% Biozutaten,16Stück,32.1856,2.1056000000000026,7
525415,Belgische Waffeln glutenfrei 2St,Nur Puur,Diverse,100% Biozutaten,6x200g,26.964000000000002,1.764000000000003,7
525420,Belgische Waffeln mit Vanille,Nur Puur,Diverse,100% Biozutaten,8x140g,16.0072,1.0472000000000001,7
626158,Better Keks Dinkel vegan,Allos,Diverse,100% Biozutaten,12x150g,20.415599999999998,1.3355999999999995,7
26573,Bio Kuss 6St,Linea Natura,Diverse,100% Biozutaten,12x100g,28.119600000000002,1.8396000000000008,7
699765,Biscotti Duo Schoko vegan glutenfrei,Schnitzer,Diverse,95%,12x130g,28.119600000000002,1.8396000000000008,7
699766,Biscotti Duo Vanille vegan glutenfrei,Schnitzer,Diverse,95%,12x130g,28.119600000000002,1.8396000000000008,7
699322,Braunhirse Taler mit Schokolade glutenfrei,Naturkostmühle Werz,Diverse,100% Biozutaten,6x150g,22.8552,1.4952000000000005,7
699787,Brutti ma buoni - Mandelgebäck,La Selva,Italien,100% Biozutaten,12x100g,37.107600000000005,2.4276000000000053,7
697241,Brutti ma buoni alle nocciole - Haselnussgebäck,La Selva,Diverse,100% Biozutaten,12x100g,39.9324,2.612400000000001,7
699320,Buchweizen Mandel Taler mit Schokolade glutenfrei,Naturkostmühle Werz,Diverse,100% Biozutaten,8x150g,30.4736,1.9936000000000007,7
26141,Butter-Brezeln,De Rit,Diverse,100% Biozutaten,6x150g,13.5462,0.8862000000000005,7
527332,Butter-Brezeln,De Rit,Diverse,100% Biozutaten,8x150g,18.0616,1.1815999999999995,7
626176,Butterkekse glutenfrei Vanillegeschmack,Hammermühle,Diverse,100% Biozutaten,6x130g,15.985800000000001,1.0458000000000016,7
701440,Butterkekse mit Milchschokolade,Bio Company,Diverse,100% Biozutaten,12x150g,38.52,2.520000000000003,7
701430,Butterkekse,Bio Company,Diverse,100% Biozutaten,12x167g,19.1316,1.2515999999999998,7
697242,Cantucci alle mandorle Mandelgebäck,La Selva,Diverse,100% Biozutaten,12x150g,35.31,2.3100000000000023,7
26736,Cantuccini,San Vicario,Diverse,100% Biozutaten,12x150g,37.107600000000005,2.4276000000000053,7
626841,Chia-Taler Kokos glutenfrei,Naturkostmühle Werz,Diverse,100% Biozutaten,6x125g,17.7192,1.159200000000002,7
626120,Choco Duo's Vollmilch,De Rit,Diverse,100% Biozutaten,14x150g,38.049200000000006,2.489200000000004,7
626121,Choco Duo's Zartbitter,De Rit,Diverse,100% Biozutaten,14x150g,38.049200000000006,2.489200000000004,7
698843,Chocolate Gingers,Island Bakery,Diverse,EG-Bio,12x133g,51.23160000000001,3.351600000000005,7
698845,Chocolate Limes,Island Bakery,Diverse,EG-Bio,12x133g,51.23160000000001,3.351600000000005,7
574986,Churro Snack mit Zimt,Heimatgut,Niederlande,100% Biozutaten,8x65g,14.4664,0.9464000000000006,7
26752,Cookie Dinkel-Haselnuss BIOLAND,Bohlsener Mühle,Diverse,Bioland,7x175g,15.3545,1.0045000000000002,7
626215,Cookie Taler Triple Chocolate BIOLAND,Bohlsener Mühle,Diverse,Bioland,7x200g,17.6015,1.1515000000000022,7
626214,Cookie Taler Triple Nut BIOLAND,Bohlsener Mühle,Diverse,Bioland,7x200g,17.6015,1.1515000000000022,7
566242,Cookies Choco & Cashew glutenfrei,Sommer,Diverse,100% Biozutaten,8x125g,16.692,1.0920000000000005,7
566243,"Cookies Cranberries, Mandel & Sesam glutenfrei",Sommer,Diverse,100% Biozutaten,8x125g,16.692,1.0920000000000005,7
566244,Cookies Hafer- Schoko und Haselnuss glutenfrei,Sommer,Diverse,100% Biozutaten,8x125g,16.692,1.0920000000000005,7
26753,Cookies kerniger Hafer BIOLAND,Bohlsener Mühle,Diverse,Bioland,7x175g,15.3545,1.0045000000000002,7
626188,Cookies Vollmilch Zartbitter BIOLAND,Bohlsener Mühle,Diverse,Bioland,7x175g,15.3545,1.0045000000000002,7
26754,Cookies Zartbitterschokolade BIOLAND,Bohlsener Mühle,Diverse,Bioland,7x175g,15.3545,1.0045000000000002,7
685287,Dankeschön Dinkelkekse,Sonnentor,Diverse,100% Biozutaten,6x125g,18.8106,1.2306000000000026,7
699833,Dinkel Butter Spekulatius Zartbitter,Schulte,Diverse,100% Biozutaten,8x150g,21.400000000000002,1.4000000000000021,7
699832,Dinkel Butter Spekulatius,Schulte,Diverse,100% Biozutaten,8x150g,20.972,1.3719999999999999,7
698210,Dinkel Butterkeks,Wikana,Diverse,100% Biozutaten,12x200g,22.3416,1.4616000000000007,7
527390,Dinkel Butterkekse Snack,Rosengarten,Diverse,100% Biozutaten,10x80g,13.375,0.875,7
514983,Dinkel Cantuccini Orange DEMETER,Sommer,Diverse,Demeter (Deutschland),6x150g,11.877,0.777000000000001,7
698212,Dinkel Doppelkeks mit Kakaocreme,Wikana,Diverse,100% Biozutaten,12x90g,12.711600000000002,0.8316000000000017,7
699760,Dinkel Doppelkeks mit Zitronencreme,Wikana,Diverse,100% Biozutaten,12x90g,12.0696,0.7896000000000001,7
685758,Dinkel Eierplätzchen,Linea Natura,Diverse,100% Biozutaten,12x150g,28.248,1.8480000000000025,7
525426,Dinkel Frischei-Waffeln,Nur Puur,Diverse,100% Biozutaten,12X165G,21.828,1.4280000000000008,7
26566,Dinkel Hafer Cookies - Mehrzweckdose,Linea Natura,Diverse,100% Biozutaten,12x175g,32.1,2.1000000000000014,7
698035,Dinkel Hanf-Schoko Keks mit Macawurzel,Sommer,Diverse,100% Biozutaten,6x150g,11.877,0.777000000000001,7
699836,Dinkel Kipferl,Schulte,Diverse,100% Biozutaten,7x150g,18.725,1.2250000000000014,7
527186,Dinkel Knusperwaffeln Vollmilch,Rosengarten,Diverse,100% Biozutaten,6x100g,22.0848,1.4448000000000008,7
527185,Dinkel Knusperwaffeln Zartbitter,Rosengarten,Diverse,100% Biozutaten,6x100g,22.0848,1.4448000000000008,7
685750,Dinkel Löffelbiscuits,Linea Natura,Diverse,100% Biozutaten,16x100g,22.256000000000004,1.456000000000003,7
525398,Dinkel Müsli Kekse vegan,Sommer,Diverse,Bioland,6x150g,12.005400000000002,0.785400000000001,7
514982,Dinkel Müsli Kekse vegan,Sommer,Diverse,Demeter (Deutschland),6x150g,11.877,0.777000000000001,7
527170,Dinkel Nougat Waffeln,Rosengarten,Diverse,100% Biozutaten,6x100g,16.05,1.0500000000000007,7
527172,Dinkel Nougatcreme Waffeln,Rosengarten,Diverse,100% Biozutaten,6x65g,18.0402,1.1801999999999992,7
626194,Dinkel Nuss Zimt Sterne BIOLAND,Bohlsener Mühle,Diverse,Bioland,6x125g,11.9412,0.7812000000000001,7
699075,Dinkel Pfefferkuchen,Erdmann Hauser,Diverse,Demeter (Deutschland),8x150g,20.116000000000003,1.3160000000000025,7
566298,Dinkel Pizzaparty-Stängel Kinder DEMETER,Sommer,Diverse,Demeter (Deutschland),7x100g,8.239,0.5390000000000006,7
698211,Dinkel Schoko Butterkeks,Wikana,Diverse,100% Biozutaten,12x200g,27.606,1.806000000000001,7
527391,Dinkel Schoko Kekse Vollmilch Snack,Rosengarten,Diverse,100% Biozutaten,10x80g,13.375,0.875,7
527167,Dinkel Schokobrezeln Vollmilch,Rosengarten,Diverse,100% Biozutaten,6x90g,12.0696,0.7896000000000001,7
527249,Dinkel Spekulatius,Rosengarten,Diverse,100% Biozutaten,12x150g,34.5396,2.259599999999999,7
699835,Dinkel Spritzgebäck Zartbitter,Schulte,Diverse,100% Biozutaten,7x150g,18.725,1.2250000000000014,7
699834,Dinkel Spritzgebäck,Schulte,Diverse,100% Biozutaten,7x150g,18.3505,1.2005000000000017,7
626837,Dinkel Vollkorn Rübli Häschen,Naturkostmühle Werz,Diverse,100% Biozutaten,8x125g,9.63,0.6300000000000008,7
527183,Dinkel Waffelblättchen Vollmilch,Rosengarten,Diverse,100% Biozutaten,6x125g,22.0848,1.4448000000000008,7
527182,Dinkel Waffelblättchen Zartbitter,Rosengarten,Diverse,100% Biozutaten,6x125g,22.0848,1.4448000000000008,7
527181,Dinkel Waffelröllchen Natur,Rosengarten,Diverse,100% Biozutaten,6x125g,12.0696,0.7896000000000001,7
527178,Dinkel Waffelröllchen Vollmilch,Rosengarten,Diverse,100% Biozutaten,6x150g,22.0848,1.4448000000000008,7
527179,Dinkel Waffelröllchen Zartbitter,Rosengarten,Diverse,100% Biozutaten,6x150g,22.0848,1.4448000000000008,7
514987,Dinkel Zitronenkekse mit Mandeln,Sommer,Diverse,9,6x150g,11.877,0.777000000000001,7
698061,Dinkel-3 Ingwer-Cookies DEMETER,Sommer,Diverse,Demeter (Deutschland),6x150g,12.005400000000002,0.785400000000001,7
698057,Dinkel-Amaretti mit Mandeln vegan,Sommer,Diverse,100% Biozutaten,6x125g,12.005400000000002,0.785400000000001,7
514959,Dinkel-Anissterne DEMETER vegan,Sommer,Diverse,Demeter (Deutschland),7x125g,11.6095,0.759500000000001,7
25159,Dinkel-Butterherzen DEMETER,Sommer,Diverse,Demeter (Deutschland),6x150g,11.877,0.777000000000001,7
26537,Dinkel-Butterkeks,Allos,Diverse,100% Biozutaten,12x150g,30.6876,2.0076,7
626022,Dinkel-Butterplätzchen BIOLAND,Bohlsener Mühle,Diverse,Bioland,6x125g,11.9412,0.7812000000000001,7
514961,Dinkel-Butterspekulatius DEMETER,Sommer,Diverse,Demeter (Deutschland),7x125g,11.6095,0.759500000000001,7
25155,Dinkel-Cantuccini mit Mandeln DEMETER,Sommer,Diverse,Demeter (Deutschland),6x150g,11.9412,0.7812000000000001,7
26394,Dinkel-Haferkekse BIOLAND,Bohlsener Mühle,Diverse,Bioland,6x125g,12.005400000000002,0.785400000000001,7
525347,Dinkel-Herzen DEMETER,Sommer,Diverse,Demeter (Deutschland),6x150g,11.877,0.777000000000001,7
25197,Dinkel-Kastanien-Mandelplätzchen,Sommer,Diverse,100% Biozutaten,6x150g,12.005400000000002,0.785400000000001,7
566203,Dinkel-Kokosgebäck,Sommer,Diverse,100% Biozutaten,6x150g,12.005400000000002,0.785400000000001,7
25181,Dinkel-Mandel-Aprikosen-Kekse DEMETER,Sommer,Diverse,Demeter (Deutschland),6x150g,12.005400000000002,0.785400000000001,7
514957,Dinkel-Nusskipferl DEMETER vegan,Sommer,Diverse,Demeter (Deutschland),7x125g,11.6095,0.759500000000001,7
525393,Dinkel-Oliven-Snacks natur,Sommer,Diverse,100% Biozutaten,7x150g,12.4334,0.8134000000000015,7
25184,Dinkel-Rüblikekse DEMETER,Sommer,Diverse,Demeter (Deutschland),6x150g,12.005400000000002,0.785400000000001,7
525346,Dinkel-Rüblikekse DEMETER,Sommer,Diverse,Demeter (Deutschland),6x150g,11.877,0.777000000000001,7
525397,Dinkel-Schoko-Cookies DEMETER,Sommer,Diverse,Bioland,6x150g,12.005400000000002,0.785400000000001,7
25156,Dinkel-Schoko-Cookies DEMETER,Sommer,Diverse,Demeter (Deutschland),6x150g,12.005400000000002,0.785400000000001,7
25168,Dinkel-Schoko-Orange-Cookies DEMETER,Sommer,Diverse,Demeter (Deutschland),6x150g,12.005400000000002,0.785400000000001,7
566306,Dinkel-Schoko-Split Cookies BIOLAND,Sommer,Diverse,Bioland,6x150g,11.877,0.777000000000001,7
25158,Dinkel-Schoko-Split DEMETER,Sommer,Diverse,Demeter (Deutschland),6x150g,11.877,0.777000000000001,7
626204,Dinkel-Spekulatius BIOLAND,Bohlsener Mühle,Diverse,Bioland,11x170g,29.189600000000002,1.909600000000001,7
527258,Dinkel-Vanille-Kipferl,Rosengarten,Diverse,100% Biozutaten,6x100g,17.2698,1.1297999999999995,7
26378,Dinkel-Vanillekipferl BIOLAND,Bohlsener Mühle,Diverse,Bioland,6x125g,12.005400000000002,0.785400000000001,7
626196,Dinkel-Vanillekipferl BIOLAND,Bohlsener Mühle,Diverse,Bioland,6x125g,11.9412,0.7812000000000001,7
25160,Dinkel-Vanillekipferl DEMETER,Sommer,Diverse,Demeter (Deutschland),6x150g,12.005400000000002,0.785400000000001,7
514958,Dinkel-Zimtgebäck DEMETER vegan,Sommer,Diverse,Demeter (Deutschland),7x125g,11.6095,0.759500000000001,7
26686,Dinkelchen in Vollmilchschkokolade - Thekendisplay,Dr. Quendt,Diverse,100% Biozutaten,20x20g,11.770000000000001,0.7700000000000014,7
26689,Dinkelchen in Vollmilchschkokolade,Dr. Quendt,Diverse,100% Biozutaten,12x85g,24.2676,1.587600000000002,7
566061,Dinkelkeks - Kinder Waldtiere DEMETER,Sommer,Diverse,Demeter (Deutschland),6x150g,9.951,0.6509999999999998,7
685768,Dinkelvollkorn Butter Spritzgebäck,Linea Natura,Diverse,100% Biozutaten,16x140g,36.808,2.4080000000000013,7
626210,DISPLAY Weihnachten 2026 Bohlsener Mühle,Bohlsener Mühle,Deutschland,Bioland,Display,309.23,20.230000000000018,7
27013,Dominosteine groß 48g - Theke,Rosmarin,Diverse,100% Biozutaten,24Stück,43.656,2.8560000000000016,7
699837,Dominosteine Zartbitter lose,Schulte,Diverse,100% Biozutaten,3kg,58.743,3.8430000000000035,7
527267,Dominosteine Zartbitter vegan,Rosengarten,Diverse,99%,6x140g,20.1588,1.3187999999999995,7
699830,Dominosteine Zartbitter,Schulte,Diverse,100% Biozutaten,15x125g,39.322500000000005,2.572500000000005,7
699056,Doppelkeks Dinkel Kakao vegan,Wikana,Diverse,95%,12x320g,30.0456,1.965600000000002,7
26543,Doppelkeks Duetto mit Kakaocremefüllung,Allos,Diverse,100% Biozutaten,12x330g,30.816000000000003,2.016000000000002,7
26510,Doppelkeks Duetto mit Zartbittercremefüllung,Allos,Diverse,100% Biozutaten,12x330g,30.6876,2.0076,7
698217,Doppelkeks Quinoa und Zartbittercreme FairTrade,Wikana,Diverse,100% Biozutaten,12x330g,27.734400000000004,1.8144000000000027,7
699057,Doppelkeks Waffel & Keks m. Kakaocreme vegan,Wikana,Diverse,95%,12x240g,24.9096,1.6296,7
26285,Double Chocolate Chip Cookies Haselnuss,De Rit,Diverse,100% Biozutaten,9x175g,28.89,1.8900000000000006,7
543213,Dreikorn Spritzgebäck,Erdmann Hauser,Diverse,Demeter (Deutschland),6x200g,11.2992,0.7392000000000003,7
525352,Dschungelkeks DEMETER,Mogli,Diverse,Demeter (Deutschland),7x125g,12.658100000000001,0.828100000000001,7
527314,Eierlikör-Bomben 3St,Rosmarin,Diverse,100% Biozutaten,18x100g,67.2174,4.3973999999999975,7
27055,Eiswaffel-Hörnchen mit Vollkornmehl,Rosmarin,Diverse,100% Biozutaten,18x10Stück,64.9062,4.246200000000002,7
527323,Entdecker Doppelkeks mit Kakaocremefüllung,Allos,Diverse,100% Biozutaten,12x300g,29.4036,1.9236000000000004,7
699323,Erdmandel Taler glutenfrei,Naturkostmühle Werz,Diverse,100% Biozutaten,6x125g,18.8748,1.2348,7
626166,Florentiner m gerösteten Haselnüssen&Mandeln glf,Hammermühle,Diverse,100% Biozutaten,8x80g,25.337600000000002,1.6576000000000022,7
527191,Fredos Popcorn salzig,Sanchon,Diverse,100% Biozutaten,8x50g,10.0152,0.6552000000000007,7
527192,Fredos Popcorn süß,Sanchon,Diverse,100% Biozutaten,8x60g,10.0152,0.6552000000000007,7
699682,Frohe Ostern Dinkelkekse,Sonnentor,Diverse,99%,6x125g,18.8106,1.2306000000000026,7
586880,Gewürzspekulatius glutenfrei,Hammermühle,Diverse,100% Biozutaten,10x125g,24.396,1.596,7
625599,Glückskekse vegan 10St,Rosenfellner Mühle,Österreich,100% Biozutaten,9x60g,38.134800000000006,2.494800000000005,7
699396,Grosse Orangen Lebkuchen vegan,Linea Natura,Diverse,100% Biozutaten,20x60g,27.82,1.8200000000000003,7
26590,Hafer Cookies - Mehrzweckdose,Linea Natura,Diverse,100% Biozutaten,12x175g,28.89,1.8900000000000006,7
527392,Hafer Schoko Kekse Vollmilch Snack,Rosengarten,Diverse,100% Biozutaten,10x80g,13.375,0.875,7
566264,Hafer-Zitronen-Kringel glutenfrei,Sommer,Diverse,100% Biozutaten,8x125g,13.696000000000002,0.8960000000000008,7
529544,Hafercookies Zartbitter,Läkaa,Diverse,99%,18x300g,54.1206,3.540600000000005,7
529540,Hafercookies,Läkaa,Diverse,99%,18x300g,31.971600000000002,2.0916000000000032,7
701438,Haferdoppelkekse Zartbitterschokolade,Bio Company,Diverse,100% Biozutaten,12x150g,38.52,2.520000000000003,7
526374,Hafergebäck Apfel-Haferlinge BIOLAND,Bohlsener Mühle,Diverse,Bioland,6x125g,9.886800000000001,0.6468000000000007,7
26159,Hafergebäck Haferlinge BIOLAND,Bohlsener Mühle,Diverse,Bioland,6x125g,9.886800000000001,0.6468000000000007,7
26155,Hafergebäck Kokos-Haferlinge BIOLAND,Bohlsener Mühle,Diverse,Bioland,6x125g,9.886800000000001,0.6468000000000007,7
26376,Hafergebäck Schoko-Haferlinge BIOLAND,Bohlsener Mühle,Diverse,Bioland,6x125g,9.886800000000001,0.6468000000000007,7
687049,Hafertaler,Linea Natura,Deutschland,100% Biozutaten,18x200g,26.7714,1.7514000000000003,7
698344,Hanf-Schoko Butterkeks,Chiron,Diverse,100% Biozutaten,6x150g,15.985800000000001,1.0458000000000016,7
586868,Haselnussgebäck Baci di Dama,Aiello,Diverse,100% Biozutaten,12x150g,55.854000000000006,3.6540000000000035,7
685751,"Herzen, Sterne, Brezeln vegan",Linea Natura,Diverse,100% Biozutaten,8x200g,31.672000000000004,2.0720000000000027,7
527095,Himbeer Mandeln,Rosengarten,Diverse,100% Biozutaten,6x100g,20.094600000000003,1.3146000000000022,7
527168,Himbeer Splitter mit veganer Schokolade,Rosengarten,Diverse,100% Biozutaten,6x90g,16.05,1.0500000000000007,7
699321,Hirse Kokos Taler mit Schokolade glutenfrei,Naturkostmühle Werz,Diverse,100% Biozutaten,8x150g,30.4736,1.9936000000000007,7
699457,Honigherzen Buchweizenkekse glutenfrei,Sonnentor,Diverse,99%,6x100g,18.297000000000004,1.1970000000000027,7
26220,Honigwaffeln,De Rit,Diverse,100% Biozutaten,12x175g,25.68,1.6799999999999997,7
26211,Honigwaffeln,Terrasana,Diverse,100% Biozutaten,12x175g,23.112000000000002,1.5120000000000005,7
699705,Honigwaffeln,Linea Natura,Diverse,100% Biozutaten,12x175g,21.828,1.4280000000000008,7
26250,Honigwaffeln,Green organics,Diverse,99%,9x175g,14.8302,0.9702000000000002,7
26589,Ingwer Cookies - Mehrzweckdose,Linea Natura,Diverse,100% Biozutaten,12x175g,32.1,2.1000000000000014,7
26138,Kaffeekekse,De Rit,Diverse,100% Biozutaten,9x165g,20.0304,1.3104000000000013,7
529546,Kakao Doppelkekse Cookies & Cream,Läkaa,Diverse,99%,8x176g,24.3104,1.5904000000000025,7
527093,Kakao Mandeln,Rosengarten,Diverse,100% Biozutaten,6x100g,16.05,1.0500000000000007,7
525354,Kakao-Kekse mit Dinkel und Butter DEMETER,Mogli,Diverse,Demeter (Deutschland),7x125g,12.658100000000001,0.828100000000001,7
698226,Kakao-Waffeln DEMETER,Mogli,Diverse,100% Biozutaten,20x15g,10.272,0.6720000000000006,7
701436,Kakaowaffeln,Bio Company,Israel,100% Biozutaten,12x150g,21.699600000000004,1.4196000000000026,7
527359,Karamellwaffeln glutenfrei,Hammermühle,Diverse,100% Biozutaten,6x210g,16.7562,1.0961999999999996,7
701354,Karamellwaffeln,Bio Company,Diverse,100% Biozutaten,12x175g,23.112000000000002,1.5120000000000005,7
626232,Karibix Hafer Vollkorn Fruchtkekse BIOLAND,Bohlsener Mühle,Diverse,Bioland,6x125g,9.886800000000001,0.6468000000000007,7
626065,Karibix Hafervollkorn Fruchtkekse BIOLAND,Bohlsener Mühle,Diverse,Bioland,6x125g,9.886800000000001,0.6468000000000007,7
626145,KeksFreunde Schoko,Bohlsener Mühle,Diverse,Bioland,6x125g,9.1806,0.6006,7
626146,KeksFreunde Vanille,Bohlsener Mühle,Diverse,Bioland,6x125g,9.1806,0.6006,7
626147,KeksFreunde Zitrone,Bohlsener Mühle,Diverse,Bioland,6x125g,9.1806,0.6006,7
695983,Kichererbsenwaffeln Vollmilch,Byodo,Diverse,100% Biozutaten,12x65g,19.1316,1.2515999999999998,7
695984,Kichererbsenwaffeln Zartbitter,Byodo,Diverse,100% Biozutaten,12x65g,19.1316,1.2515999999999998,7
586882,Kipferlkekse Vanille Haselnuss vegan glf.,Hammermühle,Diverse,100% Biozutaten,8x125g,18.404,1.2040000000000006,7
527133,Kirsch-Bomben vegan 6St,Rosmarin,Diverse,100% Biozutaten,10x200g,38.52,2.520000000000003,7
626833,Kleine Tierwelt Dinkel Vollkorn ungesüßt,Naturkostmühle Werz,Diverse,100% Biozutaten,8x125g,19.26,1.2600000000000016,7
586875,Knuspersterne mit Butter & Zimt glutenfrei,Hammermühle,Diverse,95%,8x100g,16.7776,1.0976,7
566394,Knusperwaffeln,Nur Puur,Diverse,100% Biozutaten,7x165g,14.006300000000001,0.9163000000000014,7
525353,Kokos-Kekse mit Dinkel und Butter DEMETER,Mogli,Diverse,Demeter (Deutschland),7x125g,12.658100000000001,0.828100000000001,7
82004,"Laune gut, alles gut Dinkelkekse",Sonnentor,Diverse,100% Biozutaten,6x125g,18.297000000000004,1.1970000000000027,7
527156,Lebkuchen in Vollmilch Brezeln - Sterne - Herzen,Rosmarin,Diverse,100% Biozutaten,12x175g,47.508,3.108000000000004,7
527157,Lebkuchen in Zartbitter Brezeln - Sterne - Herzen,Rosmarin,Diverse,100% Biozutaten,12x175g,46.224000000000004,3.024000000000001,7
685779,Lebkuchen Mix vegan,Linea Natura,Diverse,100% Biozutaten,12x200g,39.804,2.603999999999999,7
26188,Lebkuchen-Herzen in Vollmilch - Theke,Rosmarin,Diverse,100% Biozutaten,12Stück,16.820400000000003,1.1004000000000023,7
26180,Lebkuchen-Herzen in Zartbitter - Theke,Rosmarin,Diverse,100% Biozutaten,12Stück,16.820400000000003,1.1004000000000023,7
26186,Lebkuchen-Pferde mit Mandeln in Schokolade - Theke,Rosmarin,Diverse,100% Biozutaten,12Stück,31.971600000000002,2.0916000000000032,7
685772,Lebkuchenherzen Vollmilch mit Kirschfüllung,Linea Natura,Deutschland,100% Biozutaten,12x125g,35.31,2.3100000000000023,7
685773,Lebkuchenherzen Zartb. Johannisbeerfüllung vegan,Linea Natura,Deutschland,100% Biozutaten,12x125g,34.668,2.2680000000000007,7
26480,Lebkuchenherzen Zartbitter Aprikosenfüllung vegan,Rosengarten,Diverse,99%,12x125g,40.3176,2.637599999999999,7
699392,Lebkuchenherzen Zartbitter mit Eierlikör,Linea Natura,Diverse,100% Biozutaten,12x125g,47.508,3.108000000000004,7
85733,Lebkuchenherzen Zartbitter mit Kirschfüllung vegan,Linea Natura,Diverse,100% Biozutaten,12x125g,35.31,2.3100000000000023,7
698844,Lemon Melts,Island Bakery,Diverse,EG-Bio,12x133g,51.23160000000001,3.351600000000005,7
701352,Madeleines Dinkel,Bio Company,Diverse,100% Biozutaten,7x135g,15.579200000000002,1.0192000000000014,7
698993,Mandel Cantuccini aus Dinkel,Erdmann Hauser,Deutschland,Demeter (Deutschland),6x180g,14.124,0.9240000000000013,7
26763,Mandel-Elisen-Lebkuchen 1St vegan,Rosengarten,Diverse,99%,12x75g,29.6604,1.9404000000000003,7
527250,Mandel-Elisen-Lebkuchen 3St,Rosengarten,Diverse,99%,6x225g,44.1696,2.8896000000000015,7
26379,Mandel-Heidesand Dinkel-Buttergebäck BIOLAND,Bohlsener Mühle,Diverse,Bioland,6x125g,12.005400000000002,0.785400000000001,7
701454,Mandelcookies mit Zitrone,Bio Company,Frankreich,100% Biozutaten,8x200g,19.3456,1.2656000000000027,7
574985,Mikrowellen-Popcorn salzig,Heimatgut,Tschechische Republik,98%,12x90g,11.4276,0.7476000000000003,7
574984,Mikrowellen-Popcorn süß,Heimatgut,Tschechische Republik,100% Biozutaten,12x90g,11.4276,0.7476000000000003,7
699707,Mini Honigwaffeln,Linea Natura,Diverse,100% Biozutaten,12x150g,23.754,1.554000000000002,7
699706,Mini Karamellwaffeln,Linea Natura,Diverse,100% Biozutaten,12x150g,23.754,1.554000000000002,7
586876,Mini Spekulatius glutenfrei,Hammermühle,Diverse,100% Biozutaten,8x100g,19.5168,1.2768000000000015,7
626067,Mini-Cookie Himbeer Cheesecake BIOLAND,Bohlsener Mühle,Diverse,Bioland,6x125g,11.106600000000002,0.7266000000000012,7
626066,Mini-Cookie Karamell Salz BIOLAND,Bohlsener Mühle,Diverse,Bioland,6x125g,11.106600000000002,0.7266000000000012,7
526775,Mini-Cookie Schoko-Haselnuss BIOLAND,Bohlsener Mühle,Diverse,Bioland,6x125g,11.106600000000002,0.7266000000000012,7
626017,Mini-Cookie Schoko-Orange BIOLAND,Bohlsener Mühle,Diverse,Bioland,6x125g,11.106600000000002,0.7266000000000012,7
626213,Müsli Keks Bircher Art BIOLAND,Bohlsener Mühle,Diverse,Bioland,6x125g,11.106600000000002,0.7266000000000012,7
626211,Müsli Keks Classic BIOLAND,Bohlsener Mühle,Diverse,Bioland,6x125g,11.106600000000002,0.7266000000000012,7
626212,Müsli Keks Schoko BIOLAND,Bohlsener Mühle,Diverse,Bioland,6x125g,11.106600000000002,0.7266000000000012,7
699759,Nocciolata Mini Tartelettes Bianca,Rigoni di Asagio,Europäische Union,100% Biozutaten,10x250g,35.31,2.3100000000000023,7
699758,Nocciolata Mini Tartelettes Original,Rigoni di Asagio,Europäische Union,100% Biozutaten,10x250g,35.31,2.3100000000000023,7
527094,Nougat Cashews,Rosengarten,Diverse,100% Biozutaten,6x100g,16.05,1.0500000000000007,7
527158,Nougat Lebkuchen-Taler 7St,Rosmarin,Diverse,100% Biozutaten,12x150g,48.150000000000006,3.1500000000000057,7
527174,Nougat Splitter mit Vollmilchschokolade,Rosengarten,Diverse,100% Biozutaten,6x90g,16.05,1.0500000000000007,7
527297,Nougatwaffel Mandelsplittern ca.30g - Theke,Rosengarten,Diverse,100% Biozutaten,32Stück,42.800000000000004,2.8000000000000043,7
527327,Nutri+ Keks Hafer Schoko,Allos,Diverse,100% Biozutaten,6x130g,10.207799999999999,0.6677999999999997,7
527328,Nutri+ Keks Hafer,Allos,Diverse,100% Biozutaten,6x130g,10.207799999999999,0.6677999999999997,7
698841,Orange Melts,Island Bakery,Diverse,EG-Bio,12x133g,51.23160000000001,3.351600000000005,7
527248,Orangen Kekse m. ZB-Schokoladenboden,Rosengarten,Diverse,100% Biozutaten,8x150g,21.400000000000002,1.4000000000000021,7
85746,Orangen Lebkuchen Zartbitterschokolade vegan,Linea Natura,Diverse,100% Biozutaten,12x125g,34.026,2.2260000000000026,7
586881,Orangensterne m. VM-Schokolade glutenfrei,Hammermühle,Diverse,95%,8x100g,19.5168,1.2768000000000015,7
701350,Paillolines Blätterteigkekse Karamell,Bio Company,Diverse,100% Biozutaten,12x100g,20.544,1.3440000000000012,7
701432,Paillolines Vanille,Bio Company,Diverse,100% Biozutaten,12x100g,21.699600000000004,1.4196000000000026,7
527114,Pfeffernüsse mit Zartbitterfuß vegan,Rosengarten,Diverse,99%,12x125g,32.1,2.1000000000000014,7
685776,Pfeffernüsse schokoliert vegan,Linea Natura,Diverse,100% Biozutaten,12x125g,28.89,1.8900000000000006,7
85732,Pfeffernüsse vegan,Linea Natura,Diverse,100% Biozutaten,12x125g,25.038,1.6380000000000017,7
574993,Popcorn mit Kokosöl - salted Caramel,Heimatgut,Diverse,100% Biozutaten,10x90g,17.013,1.1130000000000013,7
574983,Popcorn mit Kokosöl salzig,Heimatgut,Diverse,100% Biozutaten,10x60g,17.013,1.1130000000000013,7
574982,Popcorn mit Kokosöl süß,Heimatgut,Diverse,100% Biozutaten,10x90g,17.013,1.1130000000000013,7
699878,Pumpkin Spice Dinkelkekse,Sonnentor,Diverse,99%,6x125g,18.297000000000004,1.1970000000000027,7
699761,Quinoa Kakaokeks FairTrade,Wikana,Diverse,100% Biozutaten,12x125g,21.314400000000003,1.394400000000001,7
626859,Reis Kokos Träumchen glutenfrei,Naturkostmühle Werz,Diverse,100% Biozutaten,6x110g,18.553800000000003,1.2138000000000027,7
26983,Reis Vollkorn Herzen glasiert glutenfrei,Naturkostmühle Werz,Diverse,100% Biozutaten,6x2Stück,23.112000000000002,1.5120000000000005,7
626863,Reis Zwerge glutenfrei,Naturkostmühle Werz,Diverse,100% Biozutaten,6x125g,18.553800000000003,1.2138000000000027,7
525364,Rübli Keks DEMETER,Mogli,Diverse,Demeter (Deutschland),7x125g,12.658100000000001,0.828100000000001,7
26680,Russisch Brot,Dr. Quendt,Diverse,100% Biozutaten,10x100g,15.194,0.9940000000000015,7
26588,Schoko Cookies - Mehrzweckdose,Linea Natura,Diverse,100% Biozutaten,12x175g,34.668,2.2680000000000007,7
585946,Schoko Cookies,GEPA,Diverse,100% Biozutaten,7x150g,21.721000000000004,1.421000000000003,7
526677,Schoko Hafertaler,Linea Natura,Diverse,100% Biozutaten,18x200g,48.150000000000006,3.1500000000000057,7
527097,Schoko küsst Praline Kakao m. Zartbitterschokolade,Rosengarten,Diverse,100% Biozutaten,6x85g,20.094600000000003,1.3146000000000022,7
26275,Schoko-Butterkeks,De Rit,Diverse,100% Biozutaten,12x150g,38.391600000000004,2.5116000000000014,7
26764,Schoko-Elisen-Lebkuchen Zartbitter 1St vegan,Rosengarten,Diverse,99%,12x75g,29.6604,1.9404000000000003,7
527251,Schoko-Elisen-Lebkuchen Zartbitter 3St vegan,Rosengarten,Diverse,99%,6x225g,44.1696,2.8896000000000015,7
26380,Schoko-Heidesand Dinkel-Buttergebäck BIOLAND,Bohlsener Mühle,Diverse,Bioland,6x125g,12.005400000000002,0.785400000000001,7
26610,SchokoDisk Vollmilch glutenfrei,Byodo,Diverse,100% Biozutaten,12x65g,17.334,1.1340000000000003,7
26611,SchokoDisk Zartbitter glutenfrei,Byodo,Diverse,100% Biozutaten,12x65g,17.334,1.1340000000000003,7
685257,Schokoladen Parade Buchweizenkekse,Sonnentor,Diverse,99%,6x100g,18.297000000000004,1.1970000000000027,7
82097,Schutzengel Dinkelkekse,Sonnentor,Diverse,100% Biozutaten,6x125g,18.8106,1.2306000000000026,7
699844,Schweinsöhrchen,Linea Natura,Diverse,99%,12x100g,19.902,1.3019999999999996,7
697996,Shortbread Bites aus Dinkel DEMETER,Sommer,Diverse,Demeter (Deutschland),6x150g,11.877,0.777000000000001,7
698840,Shortbread,Island Bakery,Diverse,EG-Bio,12x125g,46.0956,3.015599999999999,7
586877,Simply Seeds Kekse Apfel-Zimt glutenfrei,Hammermühle,Diverse,100% Biozutaten,7x100g,14.680400000000002,0.9604000000000017,7
626179,Simply Seeds Kekse Cranberry glutenfrei,Hammermühle,Diverse,95%,7x150g,14.605500000000001,0.9555000000000007,7
626178,Simply Seeds Kekse Kokos Mandel glutenfrei,Hammermühle,Diverse,95%,7x150g,14.605500000000001,0.9555000000000007,7
586878,Simply Seeds Kekse Mandel-Zimt glutenfrei,Hammermühle,Diverse,100% Biozutaten,7x100g,14.680400000000002,0.9604000000000017,7
626177,Simply Seeds Kekse Schoko glutenfrei,Hammermühle,Diverse,95%,7x150g,14.605500000000001,0.9555000000000007,7
26904,Spekulatius aus Weizen,Erdmann Hauser,Diverse,Demeter (Deutschland),8x150g,20.116000000000003,1.3160000000000025,7
526536,Spekulatius,Linea Natura,Diverse,100% Biozutaten,20x250g,47.080000000000005,3.0800000000000054,7
26900,Spritzgebäck aus Dinkel,Erdmann Hauser,Diverse,Demeter (Deutschland),6x200g,13.610400000000002,0.8904000000000014,7
26903,Spritzgebäck aus Einkorn,Erdmann Hauser,Diverse,Demeter (Deutschland),6x200g,13.610400000000002,0.8904000000000014,7
626063,Tierlix Dinkel Kinderkekse BIOLAND,Bohlsener Mühle,Diverse,Bioland,6x125g,9.886800000000001,0.6468000000000007,7
626231,Tierlix Dinkel-Hafer Vollkorn Kinderkekse BIOLAND,Bohlsener Mühle,Diverse,Bioland,6x125g,9.886800000000001,0.6468000000000007,7
586906,TOWERDISPLAY Weihnachten 2026 glf.-Hammermühle,Hammermühle,Diverse,100% Biozutaten,Display,275.63200000000006,18.03200000000004,7
626230,Traffix Dinkel Vollkorn-Kakao Kinderkekse BIOLAND,Bohlsener Mühle,Diverse,Bioland,6x125g,9.886800000000001,0.6468000000000007,7
626064,Traffix Dinkel-Kakao Kinderkekse BIOLAND,Bohlsener Mühle,Diverse,Bioland,6x125g,9.886800000000001,0.6468000000000007,7
685288,Viel Glück Dinkelkekse,Sonnentor,Diverse,100% Biozutaten,6x100g,18.8106,1.2306000000000026,7
626019,Vital Keks BIOLAND,Bohlsener Mühle,Diverse,Bioland,6x150g,11.106600000000002,0.7266000000000012,7
699838,VORODER-DISPLAY Weihnachten,Schulte,Diverse,100% Biozutaten,Display,228.98000000000002,14.980000000000018,7
586905,VORORDER CHEPDISPLAY Weihnachten 2026 glutenfr.,Hammermühle,Diverse,100% Biozutaten,Display,440.305,28.805000000000007,7
85013,VORORDER THEKENDISPLAY Ostern 2026 Rosengarten,Rosengarten,Diverse,100% Biozutaten,Display,113.31300000000002,7.413000000000011,7
586907,VORORDER TOWERDISPLAY Weihnachten 2026 glf.,Hammermühle,Diverse,100% Biozutaten,Display,261.829,17.12900000000002,7
97120,VORORDER-DISPLAY Weihnachtsgebäck 2026,Rosengarten,Diverse,100% Biozutaten,Display,445.869,29.16900000000004,7
597273,VORORDER-THEKENDISPLAY Weihnachten 2026,Rosengarten,Diverse,100% Biozutaten,Display,125.83200000000001,8.232000000000014,7
699786,Wafer Waffelriegel Coconut White Almond,Bett'r,Diverse,100% Biozutaten,16x33g,15.7504,1.0304000000000002,7
699475,Wafer Waffelriegel Hazelnut,Bett'r,Diverse,100% Biozutaten,16x33g,15.7504,1.0304000000000002,7
699785,Wafer Waffelriegel Peanut Salted Caramel,Bett'r,Diverse,100% Biozutaten,16x33g,15.7504,1.0304000000000002,7
699640,Waffel mit Erdbeer-Cashew-Creme less sugar,Bett'r,Diverse,100% Biozutaten,20x30g,13.268,0.8680000000000003,7
699641,Waffel mit Haselnuss-Kakao-Cremefüllung less sugar,Bett'r,Diverse,100% Biozutaten,20x30g,13.268,0.8680000000000003,7
685136,Waffel mit Haselnuss-Kakao-Cremefüllung,Bett'r,Diverse,100% Biozutaten,20x30g,13.268,0.8680000000000003,7
26586,Waffelblätter in Vollmilchschokolade,Linea Natura,Diverse,100% Biozutaten,12x100g,28.89,1.8900000000000006,7
26587,Waffelblätter in Zartbitterschokolade vegan,Linea Natura,Diverse,100% Biozutaten,12x100g,32.1,2.1000000000000014,7
698215,Weizen Doppelkeks mit Kakaocreme,Wikana,Diverse,100% Biozutaten,12x330g,25.038,1.6380000000000017,7
85738,Zartbitter Printen vegan,Linea Natura,Diverse,100% Biozutaten,12x125g,35.31,2.3100000000000023,7
527177,Zartbitter-Elisenlebkuchen ca.75g vegan - Theke,Rosengarten,Diverse,99%,18Stück,44.4906,2.9106000000000023,7
586683,Zimtsterne glutenfrei,Hammermühle,Diverse,100% Biozutaten,6x140g,23.0478,1.5077999999999996,7
699831,Zimtsterne,Schulte,Diverse,100% Biozutaten,14x115g,29.96,1.9600000000000009,7
527268,Zimtsterne,Rosengarten,Diverse,100% Biozutaten,6x140g,20.1588,1.3187999999999995,7
698182,Zitronen Kekse DEMETER,Mogli,Diverse,Demeter (Deutschland),7x125g,12.658100000000001,0.828100000000001,7
699393,Zitronenlebkuchen vegan,Linea Natura,Diverse,100% Biozutaten,12x125g,28.89,1.8900000000000006,7
698227,Zitronenwaffeln DEMETER,Mogli,Diverse,100% Biozutaten,20x15g,9.202,0.6020000000000003,7
701434,Zitronenwaffeln,Bio Company,Israel,100% Biozutaten,12x150g,21.699600000000004,1.4196000000000026,7
85434,Adventskalender gefüllt - Rosengarten,Rosengarten,Diverse,100% Biozutaten,12x75g,40.3176,2.637599999999999,7
27050,Baumstämme mit Nougat-Marzipanfüllung - Theke,Rosmarin,Diverse,100% Biozutaten,14Stück,28.462000000000003,1.8620000000000019,7
699444,Blätterkrokant Kugel alkoholfrei,Lanwehr,Diverse,100% Biozutaten,50x15g,40.125,2.625,7
85036,Dattel Kokoskonfekt FairTrade,Lubs,Diverse,100% Biozutaten,6x100g,10.849800000000002,0.7098000000000013,7
699443,Eierlikör-Trüffel Kugel alkoholhaltig,Lanwehr,Diverse,100% Biozutaten,50x15g,42.800000000000004,2.8000000000000043,7
27015,Eierlikör-Zipfel - Theke,Rosmarin,Diverse,100% Biozutaten,15Stück,29.692500000000003,1.9425000000000026,7
699061,Knusper-Nougat Kugel alkoholfrei,Lanwehr,Diverse,100% Biozutaten,50x15g,42.800000000000004,2.8000000000000043,7
625631,Lieblinge Haselnuss Nougat vegan glutenfrei,Lubs,Diverse,100% Biozutaten,12x60g,19.6452,1.2851999999999997,7
625632,Lieblinge Heidelbeere vegan glutenfrei,Lubs,Diverse,100% Biozutaten,12x60g,19.6452,1.2851999999999997,7
625636,Lieblinge Kakao Lebkuchengewürz vegan glutenfrei,Lubs,Diverse,100% Biozutaten,12x60g,20.544,1.3440000000000012,7
625633,Lieblinge Limette vegan glutenfrei,Lubs,Diverse,100% Biozutaten,12x60g,19.6452,1.2851999999999997,7
625630,Lieblinge Mandel Nougat vegan glutenfrei,Lubs,Diverse,100% Biozutaten,12x60g,19.6452,1.2851999999999997,7
625635,Lieblinge Mandel Orange vegan glutenfrei,Lubs,Diverse,100% Biozutaten,12x60g,20.544,1.3440000000000012,7
625634,Lieblinge Mango Maracuja vegan glutenfrei,Lubs,Diverse,100% Biozutaten,12x60g,19.6452,1.2851999999999997,7
85049,Lübecker Honigmarzipanbrot in Zartbitter,Lubs,Diverse,100% Biozutaten,18x50g,44.298,2.8980000000000032,7
585948,Lübecker Marzipanbrot mit Rohrohrzucker in Zartb.,Lubs,Diverse,100% Biozutaten,18x50g,45.261,2.9610000000000056,7
697512,Lübecker Marzipankartoffeln,Lubs,Diverse,100% Biozutaten,6x100g,20.865000000000002,1.365000000000002,7
526205,Lustiges Marzipan-Lamm - Tüte,Rosmarin,Diverse,100% Biozutaten,12Stück,34.668,2.2680000000000007,7
699441,Marzipan Kugel alkoholhaltig,Lanwehr,Diverse,100% Biozutaten,50x15g,43.870000000000005,2.8700000000000045,7
526202,Marzipan-Eier gemischt - Theke,Rosmarin,Diverse,100% Biozutaten,20Stück,31.886000000000003,2.086000000000002,7
527139,Marzipan-Glücksschweinchen Rosa - in der Tüte,Rosmarin,Deutschland,100% Biozutaten,15Stück,31.939500000000002,2.089500000000001,7
586910,Mini Schoko Weihnachtsmann in Stanniol,Rosengarten,Diverse,100% Biozutaten,24x28g,29.018400000000003,1.8984000000000023,7
527137,Mozart-Zipfel vegan - Theke,Rosmarin,Diverse,100% Biozutaten,15Stück,29.692500000000003,1.9425000000000026,7
85426,Nikolaus mit Bischofsmütze Vollmilch geschminkt,Rosengarten,Diverse,100% Biozutaten,12x60g,36.0804,2.3603999999999985,7
585226,Nikolaus Vollmilch mit Milchcremefüllung,Rosengarten,Diverse,100% Biozutaten,12x23g,20.0304,1.3104000000000013,7
585225,Nikolaus Vollmilch mit Nougatfüllung,Rosengarten,Diverse,100% Biozutaten,12x23g,20.0304,1.3104000000000013,7
699060,Nougat Kugel alkoholfrei,Lanwehr,Diverse,100% Biozutaten,50x15g,43.870000000000005,2.8700000000000045,7
85291,Ostereier Blätterkrokant Vollmilch,Lanwehr,Diverse,100% Biozutaten,50x20g,43.335,2.835000000000001,7
699331,Ostereier Eierlikör-Trüffel Kugel weiß,Lanwehr,Diverse,100% Biozutaten,50x20g,46.545,3.0450000000000017,7
85294,Ostereier gemischt 10 Sorten,Lanwehr,Bayern,100% Biozutaten,50x20g,47.615,3.115000000000002,7
699330,Ostereier Himbeer-Trüffel Kugel,Lanwehr,Diverse,100% Biozutaten,50x20g,48.150000000000006,3.1500000000000057,7
85287,Ostereier Kokos-Trüffel Vollmilch,Lanwehr,Diverse,100% Biozutaten,50x20g,45.475,2.9750000000000014,7
85283,Ostereier Nougat Vollmilch,Lanwehr,Diverse,100% Biozutaten,50x20g,48.150000000000006,3.1500000000000057,7
85289,Ostereier Panna-Cotta-Trüffel weiß,Lanwehr,Diverse,100% Biozutaten,50x20g,22.470000000000002,1.4700000000000024,7
699442,Sahne-Trüffel Kugel alkoholhaltig,Lanwehr,Diverse,100% Biozutaten,50x15g,40.660000000000004,2.6600000000000037,7
625613,Schoko Genuss Kugeln mit Kokos-Creme,Lubs,Diverse,100% Biozutaten,12x36g,21.5712,1.411200000000001,7
625614,Schoko Genuss Kugeln mit Nuss Nougat-Creme,Lubs,Diverse,100% Biozutaten,12x44g,24.524400000000004,1.6044000000000018,7
585257,Schoko-Lolly Nikolaus vegan,Rosengarten,Diverse,100% Biozutaten,20x15g,16.05,1.0500000000000007,7
85619,Schoko-Lolly Nikolaus Vollmilch,Rosengarten,Diverse,100% Biozutaten,20x15g,13.482000000000001,0.8820000000000014,7
85620,Schoko-Lolly Nikolaus weiß,Rosengarten,Diverse,100% Biozutaten,20x15g,16.05,1.0500000000000007,7
85618,Schoko-Lolly Nikolaus Zartbitter vegan,Rosengarten,Diverse,100% Biozutaten,20x15g,13.482000000000001,0.8820000000000014,7
584893,Schoko-Lolly Osterhase vegan,Rosengarten,Diverse,100% Biozutaten,20x15g,17.334,1.1340000000000003,7
85623,Schoko-Lolly Osterhase Vollmilch,Rosengarten,Diverse,100% Biozutaten,20x15g,13.482000000000001,0.8820000000000014,7
85624,Schoko-Lolly Osterhase Weiße Schokolade,Rosengarten,Diverse,100% Biozutaten,20x15g,17.334,1.1340000000000003,7
699803,SchokoSchatz Edition Bedrohte Tiere HABA,Schokoschatz,Diverse,100% Biozutaten,18x25g,52.965,3.4650000000000034,7
699800,SchokoSchatz für Kids Glückssteine,Schokoschatz,Diverse,100% Biozutaten,18x25g,52.965,3.4650000000000034,7
699801,SchokoSchatz für Lieblingsmenschen Ein Herz für Di,Schokoschatz,Diverse,100% Biozutaten,18x25g,81.855,5.355000000000004,7
699802,SchokoSchatz für Lieblingsmenschen Glücksbringer,Schokoschatz,Diverse,100% Biozutaten,18x25g,81.855,5.355000000000004,7
625638,Snack Balls Haselnuss Kakao vegan glutenfrei,Lubs,Diverse,100% Biozutaten,8x80g,14.894400000000001,0.974400000000001,7
625637,Snack Balls Mango Kokos vegan glutenfrei,Lubs,Diverse,100% Biozutaten,8x80g,14.894400000000001,0.974400000000001,7
699440,Vollmilch Kugel alkoholfrei,Lanwehr,Diverse,100% Biozutaten,50x15g,41.195,2.6950000000000003,7
85009,Vollmilch-Nougat-Osterhase gefüllt - Beutel,Rosengarten,Diverse,100% Biozutaten,12x25g,22.470000000000002,1.4700000000000024,7
597596,VORORDER-DISPLAY Schoko-Hohlfiguren 2026,Rosengarten,Diverse,100% Biozutaten,Display,519.6990000000001,33.99900000000008,7
85000,Weihnachtskugeln gemischt - 10 Sorten,Lanwehr,Diverse,100% Biozutaten,50x15g,42.800000000000004,2.8000000000000043,7
585217,Weihnachtsmann vegan,Rosengarten,Diverse,100% Biozutaten,6x90g,24.075000000000003,1.5750000000000028,7
85032,Weihnachtsmann Vollmilch geschminkt klein,Rosengarten,Diverse,100% Biozutaten,6x80g,20.1588,1.3187999999999995,7
85433,Weihnachtsmann Vollmilch in Stanniol,Rosengarten,Diverse,100% Biozutaten,12x50g,24.1392,1.5792000000000002,7
85050,Weihnachtsmann Vollmilch massiv,Rosengarten,Diverse,100% Biozutaten,"8x5x12,5g",26.878400000000003,1.7584000000000017,7
585417,Weihnachtsmann Zartbitterschokolade vegan,Rosengarten,Diverse,100% Biozutaten,6x80g,20.1588,1.3187999999999995,7
626773,BODENSTELLER herzhafte Snacks DE RIT 2026,De Rit,Diverse,100% Biozutaten,Display,116.56580000000001,7.625800000000012,7
626775,Bean Sticks Meersalz,De Rit,Diverse,100% Biozutaten,7x75G,14.231000000000002,0.9310000000000009,7
626774,Bean Sticks Paprika,De Rit,Diverse,100% Biozutaten,7x75G,14.231000000000002,0.9310000000000009,7
626130,Biosaurus Cheese-Igor,Bio Saurus Snacks,Diverse,100% Biozutaten,12x50g,16.5636,1.0836000000000006,7
626132,Biosaurus Ketchup-Babe,Bio Saurus Snacks,Diverse,100% Biozutaten,12x50g,16.5636,1.0836000000000006,7
626131,Biosaurus Sea Salt-Junior,Bio Saurus Snacks,Diverse,100% Biozutaten,12x50g,16.5636,1.0836000000000006,7
566077,Canyon Chips Dill und Schnittlauch,GoPure,Diverse,100% Biozutaten,6x125g,10.207799999999999,0.6677999999999997,7
566068,Canyon Chips gesalzen,GoPure,Diverse,100% Biozutaten,6x125g,10.207799999999999,0.6677999999999997,7
566069,Canyon Chips Paprika,GoPure,Diverse,100% Biozutaten,6x125g,10.207799999999999,0.6677999999999997,7
699909,Erbsen Chips Harissa,Terrasana,Diverse,100% Biozutaten,8x75g,14.124,0.9240000000000013,7
527315,Erdnuss-Flips,De Rit,Diverse,100% Biozutaten,6x125g,11.748600000000001,0.7686000000000011,7
681278,Erdnussflips,Trafo,Diverse,95%,8x75g,10.0152,0.6552000000000007,7
574987,Gemüse Chips fein gesalzen,Heimatgut,Diverse,100% Biozutaten,10x100g,24.503,1.6030000000000015,7
566219,Gemüsechips Mix,GoPure,Diverse,100% Biozutaten,6x90g,11.6844,0.7644000000000002,7
527162,Gemüsechips,Trafo,Diverse,100% Biozutaten,12x75g,25.5516,1.6716000000000015,7
681271,Handcooked Chips gesalzen,Trafo,Diverse,95%,10x125g,19.26,1.2600000000000016,7
681269,Handcooked-Kartoffelchips gesalzen Black Pepper,Trafo,Diverse,95%,10x125g,19.26,1.2600000000000016,7
681233,Handcooked-Kartoffelchips Paprika,Trafo,Diverse,100% Biozutaten,10x125g,19.26,1.2600000000000016,7
681272,Handcooked-Kartoffelchips Sweet Chilli,Trafo,Diverse,95%,10x125g,19.26,1.2600000000000016,7
543261,Hummus Chips Meersalz,Trafo,Diverse,100% Biozutaten,6x75g,12.519,0.8190000000000008,7
543262,Hummus Chips Paprika,Trafo,Diverse,100% Biozutaten,6x75g,12.519,0.8190000000000008,7
543263,Hummus Chips Rosmarin,Trafo,Diverse,100% Biozutaten,6x75g,12.519,0.8190000000000008,7
574988,Kartoffel Chips Meersalz,Heimatgut,Diverse,100% Biozutaten,8x125g,19.174400000000002,1.2544000000000004,7
574989,Kartoffel Chips Paprika,Heimatgut,Diverse,100% Biozutaten,8x125g,19.174400000000002,1.2544000000000004,7
681273,Kartoffel-Wellenchips gesalzen,Trafo,Diverse,100% Biozutaten,12x125g,22.0848,1.4448000000000008,7
566063,Kartoffelchips classic gesalzen,GoPure,Diverse,100% Biozutaten,10x125g,15.943000000000001,1.043000000000001,7
566067,Kartoffelchips classic Hibiskus,GoPure,Diverse,100% Biozutaten,10x125g,16.05,1.0500000000000007,7
566064,Kartoffelchips classic Paprika,GoPure,Diverse,100% Biozutaten,10x125g,15.943000000000001,1.043000000000001,7
566209,Kartoffelchips gesalzen - Kleingröße,Trafo,Diverse,100% Biozutaten,15x40g,11.556000000000001,0.7560000000000002,7
592566,Kartoffelchips gesalzen,Trafo,Diverse,95%,12x125g,19.773600000000002,1.2936000000000014,7
592558,Kartoffelchips in Kokosöl gebacken,Trafo,Diverse,95%,12x100g,23.754,1.554000000000002,7
592557,Kartoffelchips in Olivenöl gebacken,Trafo,Diverse,95%,12x100g,30.6876,2.0076,7
626741,Kartoffelchips Meersalz,De Rit,Diverse,100% Biozutaten,12x125g,23.6256,1.5456000000000003,7
681268,Kartoffelchips mit Paprika,Trafo,Diverse,95%,12x125g,19.773600000000002,1.2936000000000014,7
681275,Kartoffelchips ohne Salz,Trafo,Diverse,100% Biozutaten,12x125g,19.773600000000002,1.2936000000000014,7
626742,Kartoffelchips Paprika,De Rit,Diverse,100% Biozutaten,12x125g,23.6256,1.5456000000000003,7
681270,Kartoffelchips Salz & Essig,Trafo,Diverse,100% Biozutaten,12x125g,19.773600000000002,1.2936000000000014,7
26144,Käse-Stangen,De Rit,Niederlande,100% Biozutaten,10x100g,24.396,1.596,7
626733,Kichererbsenchips Meersalz,De Rit,Diverse,100% Biozutaten,8x75g,16.264,1.064,7
626731,Kichererbsenchips Paprika,De Rit,Diverse,100% Biozutaten,8x75g,16.264,1.064,7
626732,Kichererbsenchips Rosmarin,De Rit,Diverse,100% Biozutaten,8x75g,16.264,1.064,7
626734,Kichererbsenchips Sour Cream Onion,De Rit,Diverse,100% Biozutaten,8x75g,16.264,1.064,7
536502,Kochbananen Chips Meersalz vegan,El Origen,Diverse,100% Biozutaten,8x80g,12.412,0.8120000000000012,7
536501,Kochbananen Chips Paprika vegan,El Origen,Diverse,100% Biozutaten,8x80g,12.412,0.8120000000000012,7
691270,Lentil Chips mit Chili,Lima,Europäische Union,100% Biozutaten,12x90g,20.9292,1.3692000000000029,7
699474,Linsenchips Indian Curry,Terrasana,Diverse,100% Biozutaten,7x75G,12.4334,0.8134000000000015,7
701491,Linsenchips Paprika,Bio Company,Diverse,100% Biozutaten,6x75g,8.9238,0.5838000000000001,7
699695,Linsenchips Thai Sweet Chili,Terrasana,Diverse,100% Biozutaten,7x75G,12.5083,0.8183000000000007,7
626766,Lisas Kartoffelchips Chili,Lisas Chips,Europäische Union,95%,10x125g,14.98,0.9800000000000004,7
626764,Lisas Kartoffelchips Salz,Lisas Chips,Europäische Union,98%,10x125g,14.98,0.9800000000000004,7
626767,Lisas Kartoffelchips Sauerrahm,Lisas Chips,Europäische Union,95%,10x125g,14.98,0.9800000000000004,7
626769,Lisas Kartoffelchips Sweet BBQ,Lisas Chips,Europäische Union,95%,10x125g,14.98,0.9800000000000004,7
626768,Lisas Kartoffelchips Tzatziki Style,Lisas Chips,Europäische Union,95%,10x125g,14.98,0.9800000000000004,7
626765,Lisas Kartoffelchips Ungarisch,Lisas Chips,Europäische Union,95%,10x125g,14.98,0.9800000000000004,7
626762,Lisas Kesselchips BBQ BIOLAND,Lisas Chips,Diverse,Bioland,12x115g,21.699600000000004,1.4196000000000026,7
626760,Lisas Kesselchips Chili und Mango BIOLAND,Lisas Chips,Deutschland,Bioland,12x115g,21.699600000000004,1.4196000000000026,7
626754,Lisas Kesselchips gegrillte Paprika BIOLAND,Lisas Chips,Diverse,Bioland,12x115g,21.699600000000004,1.4196000000000026,7
626707,Lisas Kesselchips mit Meersalz BIOLAND,Lisas Chips,Diverse,Bioland,12x115g,21.699600000000004,1.4196000000000026,7
626708,Lisas Kesselchips Rosmarin und Meersalz BIOLAND,Lisas Chips,Diverse,Bioland,12x115g,21.699600000000004,1.4196000000000026,7
626761,Lisas Kesselchips Sauerrahm - Frühlingszw. BIOLAND,Lisas Chips,Diverse,Bioland,12x115g,21.699600000000004,1.4196000000000026,7
626763,Lisas Kesselchips Sweet Chili BIOLAND,Lisas Chips,Diverse,Bioland,12x115g,21.699600000000004,1.4196000000000026,7
626748,Lisas Kesselchips Tomate und Kräuter BIOLAND,Lisas Chips,Diverse,Bioland,12x115g,21.699600000000004,1.4196000000000026,7
536500,Maniok Chips Meersalz vegan,El Origen,Diverse,100% Biozutaten,8x60g,12.412,0.8120000000000012,7
536510,Maniok Chips Sourcream & Onion vegan,El Origen,Diverse,100% Biozutaten,8x60g,12.412,0.8120000000000012,7
699910,Quinoa Chips Paprika,Terrasana,Diverse,100% Biozutaten,6x75g,10.593000000000002,0.6930000000000014,7
685139,Reischips mit Chia und Quinoa,Bett'r,Diverse,100% Biozutaten,24x60G,25.423200000000005,1.6632000000000033,7
526788,Tortilla Chips mit Chili,Lima,Europäische Union,100% Biozutaten,12x90g,17.8476,1.1676000000000002,7
681262,Tortilla-Chips Chili,Trafo,Diverse,100% Biozutaten,15x75g,15.8895,1.0395000000000003,7
681264,Tortilla-Chips Nacho,Trafo,Diverse,100% Biozutaten,15x75g,18.4575,1.2074999999999996,7
681263,Tortilla-Chips naturel - Kleingröße,Trafo,Diverse,100% Biozutaten,15x75g,15.408000000000001,1.008000000000001,7
681266,Tortilla-Chips naturel,Trafo,Diverse,100% Biozutaten,10x200g,19.581000000000003,1.2810000000000024,7
574994,Twists Meersalz,Heimatgut,Diverse,100% Biozutaten,12x75g,24.2676,1.587600000000002,7
574995,Twists Paprika,Heimatgut,Diverse,100% Biozutaten,12x75g,24.2676,1.587600000000002,7
26682,Bemmchen Vollkorn-Brotchips,Dr. Quendt,Diverse,100% Biozutaten,10x100g,16.585,1.0850000000000009,7
626443,Bierstengel,Huober,Diverse,100% Biozutaten,8x100g,10.7856,0.7056000000000004,7
626445,Brezelkinder,Huober,Diverse,Demeter (Deutschland),12x125g,16.1784,1.0584000000000007,7
566241,Brot Chips Knoblauch und Kräuter DEMETER,Sommer,Europäische Union,Demeter (Deutschland),5x100g,5.617500000000001,0.3675000000000006,7
566156,Brot Chips Paprika und Chili DEMETER,Sommer,Europäische Union,Demeter (Deutschland),5x100g,5.8315,0.38149999999999995,7
566157,Brot Chips Salz und Pfeffer DEMETER,Sommer,Europäische Union,Demeter (Deutschland),5x100g,5.8315,0.38149999999999995,7
701482,Butter Twists,Bio Company,Diverse,100% Biozutaten,10x100g,18.939,1.2390000000000008,7
626643,Crossini Käse,Huober,Diverse,100% Biozutaten,10x100g,15.515,1.0150000000000006,7
626640,Crossini Pfeffer,Huober,Diverse,100% Biozutaten,10x100g,15.408000000000001,1.008000000000001,7
626641,Crossini Pizza,Huober,Diverse,100% Biozutaten,12x100g,18.618,1.218,7
525395,Dinkel Brezeln DEMETER,Mogli,Diverse,Demeter (Deutschland),9x50g,8.667,0.5670000000000002,7
525396,Dinkel-Bällchen Kräuterquark Art DEMETER,Mogli,Diverse,Demeter (Deutschland),10x40g,9.844,0.6440000000000001,7
525357,Dinkel-Bällchen Tomate & Karotte DEMETER,Mogli,Diverse,Demeter (Deutschland),10x40g,9.951,0.6509999999999998,7
25170,Dinkel-Oliven-Snacks Kräuter der Provence,Sommer,Diverse,100% Biozutaten,6x150g,10.657200000000001,0.6972000000000005,7
525345,Dinkel-Oliven-Snacks Kräuter der Provence,Sommer,Deutschland,Bioland,7x150g,12.4334,0.8134000000000015,7
25172,Dinkel-Oliven-Snacks natur,Sommer,Diverse,100% Biozutaten,6x150g,10.657200000000001,0.6972000000000005,7
566212,Dinkel-Oliven-Snacks Paprika,Sommer,Diverse,100% Biozutaten,6x150g,10.657200000000001,0.6972000000000005,7
525394,Dinkel-Oliven-Snacks Paprika,Sommer,Diverse,100% Biozutaten,7x150g,12.4334,0.8134000000000015,7
26310,Dinkels Kümmelkräcker,Rosengarten,Diverse,100% Biozutaten,6x100g,15.3438,1.0038,7
26313,Dinkels Parmesankräcker,Rosengarten,Diverse,100% Biozutaten,6x100g,18.0402,1.1801999999999992,7
26306,Dinkels Tomatenkräcker,Rosengarten,Diverse,100% Biozutaten,6x100g,15.3438,1.0038,7
702041,DISPLAY - Leer,Bio Company,Diverse,100% Biozutaten,Display,0,0,7
702040,DISPLAY - Topseller Feinkost,Bio Company,Diverse,100% Biozutaten,Display,0,0,7
525359,Dschungel-Sticks - Pizza-Stangengebäck DEMETER,Mogli,Diverse,Demeter (Deutschland),12x75g,17.334,1.1340000000000003,7
566373,Flutes Gruyere - Gebäckstangen,Nur Puur,Diverse,100% Biozutaten,12x100g,30.6876,2.0076,7
566372,Flutes salzig - Gebäckstangen,Nur Puur,Diverse,100% Biozutaten,12x100g,28.119600000000002,1.8396000000000008,7
26628,Grissini classico,Byodo,Diverse,100% Biozutaten,12x125g,15.5364,1.0164000000000009,7
699104,Grissini Käse glutenfrei,Schnitzer,Diverse,100% Biozutaten,8x100g,15.836000000000002,1.0360000000000014,7
26620,Grissini rustico mit Sesam,Byodo,Diverse,100% Biozutaten,12x2x50g,15.5364,1.0164000000000009,7
526173,Grissini Sesam glutenfrei vegan,Schnitzer,Diverse,100% Biozutaten,8x100g,15.836000000000002,1.0360000000000014,7
699105,Grissini Tomate glutenfrei,Schnitzer,Diverse,100% Biozutaten,8x100g,15.836000000000002,1.0360000000000014,7
626437,Grosse Brezel,Huober,Diverse,100% Biozutaten,10x200g,19.688,1.2880000000000003,7
626181,Hafer Brezeln glutenfrei,Hammermühle,Diverse,100% Biozutaten,9x80g,12.2301,0.8001000000000005,7
25101,Käse Grissini aus Weizen,Erdmann Hauser,Deutschland,Demeter (Deutschland),7x100g,8.9131,0.5831,7
625124,Kindersticks,Huober,Diverse,Demeter (Deutschland),12x100g,14.252400000000002,0.9324000000000012,7
26047,Knusper Grissini aus Dinkel,Erdmann Hauser,Deutschland,Demeter (Deutschland),7x100g,8.9131,0.5831,7
695626,Knusperecken Mais - Hülsenfrüchte,Byodo,Italien,100% Biozutaten,12x90g,19.902,1.3019999999999996,7
695638,Knusperecken Mais - schwarzer Reis,Byodo,Italien,100% Biozutaten,12x90g,19.902,1.3019999999999996,7
695625,Knusperecken Mais,Byodo,Italien,100% Biozutaten,12x90g,19.902,1.3019999999999996,7
696114,Knusperecken Onion - Protein,Byodo,Diverse,100% Biozutaten,12x80g,17.334,1.1340000000000003,7
580700,Knusperecken Protein - Rote Linse,Byodo,Diverse,100% Biozutaten,12x90g,19.1316,1.2515999999999998,7
695628,Knusperecken Roter Reis - Kichererbse,Byodo,Italien,100% Biozutaten,12x90g,19.902,1.3019999999999996,7
696113,Knusperecken Tomate - Protein,Byodo,Diverse,100% Biozutaten,12x80g,17.334,1.1340000000000003,7
625554,Life Crackers italienisch glutenfrei vegan,Lifefood,Diverse,100% Biozutaten,8x90g,38.948,2.548000000000002,7
625553,Life Crackers Olive glutenfrei vegan,Lifefood,Diverse,100% Biozutaten,8x90g,38.948,2.548000000000002,7
625557,Life Crackers Sauerkraut glutenfrei vegan,Lifefood,Diverse,100% Biozutaten,8x90g,38.948,2.548000000000002,7
26446,Longsticks mit Meersalz,Huober,Diverse,100% Biozutaten,12x125g,13.610400000000002,0.8904000000000014,7
26445,Longsticks mit Sesam,Huober,Diverse,100% Biozutaten,12x150g,13.610400000000002,0.8904000000000014,7
527317,Minibrezel Chili,Huober,Diverse,100% Biozutaten,10x75g,10.807,0.7070000000000007,7
527335,Minibrezel Classic,Huober,Diverse,100% Biozutaten,10x75g,10.807,0.7070000000000007,7
527336,Minibrezel Pizza,Huober,Diverse,100% Biozutaten,10x75g,10.807,0.7070000000000007,7
25104,Olivenöl Grissini aus Weizen,Erdmann Hauser,Europäische Union,Demeter (Deutschland),7x100g,8.9131,0.5831,7
25178,Pane Picco Asia DEMETER,Sommer,Diverse,Demeter (Deutschland),6x150g,9.7584,0.6384000000000007,7
25175,Pane Picco Sesam-Schwarzkümmel DEMETER,Sommer,Diverse,Demeter (Deutschland),6x150g,9.7584,0.6384000000000007,7
25102,Pizza Grissini aus Weizen,Erdmann Hauser,Deutschland,Demeter (Deutschland),7x100g,8.9131,0.5831,7
26437,Prinzessbrezel mit Salz,Huober,Diverse,100% Biozutaten,12x125g,12.3264,0.8064,7
685138,Quinoacracker Sesam,Bett'r,Diverse,100% Biozutaten,6x100g,7.7682,0.5082000000000004,7
685137,Quinoacracker Tomate Basilikum,Bett'r,Diverse,100% Biozutaten,6x100g,7.7682,0.5082000000000004,7
581398,Reiscräcker mit schwarzem Sesam,Terrasana,Diverse,100% Biozutaten,12x60g,29.018400000000003,1.8984000000000023,7
626182,Salzstangen glutenfrei,Hammermühle,Diverse,100% Biozutaten,10x45g,10.700000000000001,0.7000000000000011,7
26439,Schwäbische Knusperbrezel,Huober,Diverse,100% Biozutaten,20x175g,24.610000000000003,1.610000000000003,7
527420,Sesam & Rosmarin Cräcker,Terrasana,Diverse,100% Biozutaten,12x250g,29.532000000000004,1.9320000000000022,7
26110,Sesam Brezeln aus Dinkel DEMETER,Erdmann Hauser,Diverse,Demeter (Deutschland),12x125g,17.334,1.1340000000000003,7
26100,Sesam Knusper Brezeln aus Dinkel DEMETER,Erdmann Hauser,Diverse,Demeter (Deutschland),12x125g,17.334,1.1340000000000003,7
626168,Simply Seeds Cracker Käse & Zwiebel glutenfrei,Hammermühle,Diverse,95%,7x100g,13.706700000000001,0.8967000000000009,7
626169,Simply Seeds Cracker Parmesan & Pfeffer glutenfrei,Hammermühle,Diverse,95%,7x100g,13.706700000000001,0.8967000000000009,7
26443,Sticks & Brezel - Runddose,Huober,Diverse,100% Biozutaten,12x300g,23.8824,1.5624000000000002,7
26444,Sticks,Huober,Diverse,100% Biozutaten,20x175g,18.618,1.218,7
681258,Tamari Cracker,Arche,Japan,99%,8x80g,21.314400000000003,1.394400000000001,7
701090,Twist Butter und Käse,Bio Company,Diverse,100% Biozutaten,10x100g,21.935000000000002,1.4350000000000023,7
26105,Vollkorn Knusper Brezeln aus Weizen,Erdmann Hauser,Diverse,Demeter (Deutschland),12x125g,13.225200000000001,0.8652000000000015,7
698837,Vollkorn Sticks aus Dinkel hefefrei,Erdmann Hauser,Diverse,Demeter (Deutschland),12x100g,13.738800000000001,0.8988000000000014,7
26101,Vollkorn Sticks aus Weizen hefefrei,Erdmann Hauser,Diverse,Demeter (Deutschland),12x100g,11.4276,0.7476000000000003,7
699827,Adventskalender Merry Fitness vegan,Landgarten,Diverse,100% Biozutaten,380g,26.589500000000005,1.7395000000000032,7
698387,Cashewkerne geröstet & gesalzen,Horizon Natuurvoeding BV,Diverse,100% Biozutaten,12x100g,30.174,1.9740000000000002,7
555450,Cashewkerne geröstet & gesalzen,Morgenland,Diverse,100% Biozutaten,9x150g,33.2235,2.1735000000000007,7
701480,Cashewkerne geröstet und gesalzen,Bio Company,Diverse,100% Biozutaten,8x100g,17.12,1.120000000000001,7
686472,Cashewkerne mit Chili & Paprika FairTrade,Fairfood,Burkina Faso,100% Biozutaten,10x50g,17.762000000000004,1.1620000000000026,7
686490,Cashewkerne mit Chili & Paprika FairTrade,Fairfood,Diverse,100% Biozutaten,8x125g,27.3064,1.7864000000000004,7
586796,Cashewkerne mit Chilli & Paprika FairTrade,Fairfood,Burkina Faso,100% Biozutaten,6x133g,20.4798,1.3398000000000003,7
586797,Cashewkerne mit Curry & Salz FairTrade,Fairfood,Burkina Faso,100% Biozutaten,6x133g,20.4798,1.3398000000000003,7
686492,Cashewkerne mit Curry & Salz FairTrade,Fairfood,Diverse,100% Biozutaten,8x125g,27.3064,1.7864000000000004,7
586786,Cashewkerne mit Knoblauch & Pfeffer FairTrade,Fairfood,Burkina Faso,100% Biozutaten,6x133g,20.4798,1.3398000000000003,7
686470,Cashewkerne mit Rosmarin & Thymian FairTrade,Fairfood,Burkina Faso,100% Biozutaten,10x50g,17.762000000000004,1.1620000000000026,7
586785,Cashewkerne mit Rosmarin & Thymian FairTrade,Fairfood,Burkina Faso,100% Biozutaten,6x133g,20.4798,1.3398000000000003,7
686493,Cashewkerne mit Rosmarin & Thymian FairTrade,Fairfood,Diverse,100% Biozutaten,8x125g,27.3064,1.7864000000000004,7
586819,Cashewkerne mit Salz FairTrade,Fairfood,Diverse,100% Biozutaten,6x133g,20.4798,1.3398000000000003,7
697373,Cashews Kokos-Curry,Landgarten,Diverse,100% Biozutaten,10x50g,16.585,1.0850000000000009,7
699097,Cashews Rosmarin,Landgarten,Diverse,100% Biozutaten,10x50g,16.585,1.0850000000000009,7
699220,Cashews Wasabi,Landgarten,Diverse,100% Biozutaten,10x50g,16.585,1.0850000000000009,7
555727,Cashews würzig,Landgarten,Diverse,100% Biozutaten,10x50g,16.585,1.0850000000000009,7
697724,Crunchy Peas Hummus klassik,Landgarten,Diverse,100% Biozutaten,10x40g,12.733,0.8330000000000002,7
686497,Erdnüsse geröstet & gesalzen FairTrade,Fairfood,Volksrepublik China,100% Biozutaten,8x125g,16.3496,1.0695999999999994,7
686498,Erdnüsse geröstet & pikant FairTrade,Fairfood,Volksrepublik China,100% Biozutaten,8x125g,19.688,1.2880000000000003,7
701484,Erdnüsse in der Schale geröstet,Bio Company,Ägypten,EG-Bio,6x250g,10.593000000000002,0.6930000000000014,7
698389,Erdnusskerne geröstet & gesalzen,Horizon Natuurvoeding BV,Volksrepublik China,100% Biozutaten,8x200g,18.404,1.2040000000000006,7
701488,Erdnusskerne geröstet und gesalzen,Bio Company,Ägypten,100% Biozutaten,6x150g,8.410200000000001,0.5502000000000011,7
686496,Freiburger Nussmix geröstet & gewürzt,Fairfood,Diverse,100% Biozutaten,8x125g,27.3064,1.7864000000000004,7
686494,Freiburger Nussmix,Fairfood,Diverse,100% Biozutaten,10x50g,17.762000000000004,1.1620000000000026,7
686495,Freiburger Nussmix,Fairfood,Diverse,100% Biozutaten,6x133g,20.4798,1.3398000000000003,7
699613,Jancy's Curry Cashews,Tarabao,Diverse,100% Biozutaten,7x130g,27.1138,1.7738000000000014,7
529523,Jancy's Curry-Cashews,Tarabao,Diverse,100% Biozutaten,6x140g,23.2404,1.5204000000000022,7
555445,Jumbo Pistazien geröstet & gesalzen,Morgenland,Diverse,100% Biozutaten,6x300g,45.903,3.003,7
555448,Jumbo-Pistazien geröstet & gesalzen,Morgenland,Diverse,100% Biozutaten,9x125g,33.705000000000005,2.2050000000000054,7
697375,Knabber Mix original,Landgarten,Diverse,100% Biozutaten,10x50g,12.947000000000001,0.8470000000000013,7
626441,Knabber-Mix Party Classic,Huober,Diverse,100% Biozutaten,12x200g,17.0772,1.1172000000000004,7
626442,Knabber-Mix Party Pikant,Huober,Diverse,100% Biozutaten,12x200g,17.0772,1.1172000000000004,7
686499,Macadamia geröstet & gesalzen,Fairfood,Diverse,100% Biozutaten,8x125g,38.52,2.520000000000003,7
686528,Mandeln geröstet & gesalzen,Fairfood,Diverse,100% Biozutaten,8x125g,24.053600000000003,1.5736000000000026,7
701486,Mandeln geröstet und gesalzen,Bio Company,Europäische Union,100% Biozutaten,6x150g,16.2426,1.0625999999999998,7
697374,Mandeln Tomate-Kräuter,Landgarten,Diverse,100% Biozutaten,10x50g,16.585,1.0850000000000009,7
55714,Mandeln würzig,Landgarten,Diverse,100% Biozutaten,10x50g,16.585,1.0850000000000009,7
699099,Protein Kürbis Snack würzig,Landgarten,Diverse,100% Biozutaten,10x50g,12.947000000000001,0.8470000000000013,7
697380,Protein Mix Veggie,Landgarten,Diverse,100% Biozutaten,10x40g,12.947000000000001,0.8470000000000013,7
555480,Snack Brezel Banane Mandel,Morgenland,Diverse,100% Biozutaten,8x90g,16.1784,1.0584000000000007,7
555478,Snack Cashew Pekan Caramel,Morgenland,Diverse,100% Biozutaten,8x85g,16.1784,1.0584000000000007,7
555479,Snack Kokos Cranberry Cashew,Morgenland,Diverse,100% Biozutaten,8x90g,16.1784,1.0584000000000007,7
555477,Snack Pekannuss,Morgenland,Diverse,100% Biozutaten,8x85g,17.976000000000003,1.176000000000002,7
555476,Snack Tamari Mandel,Morgenland,Diverse,100% Biozutaten,8x100g,16.1784,1.0584000000000007,7
697371,Soja Snack original,Landgarten,Österreich,100% Biozutaten,10x50g,9.63,0.6300000000000008,7
55712,Soja Snack würzig,Landgarten,Diverse,100% Biozutaten,10x50g,9.63,0.6300000000000008,7
699614,Tamari Sesam Cashews,Tarabao,Diverse,100% Biozutaten,7x130g,27.1138,1.7738000000000014,7
667026,Anfangsmilch 1 auf Ziegenmilchbasis,Holle,Europäische Union,Demeter (Deutschland),5x400g,58.04750000000001,3.7975000000000065,7
660164,Anfangsmilch 1 DEMETER,Holle,Deutschland,Demeter (Deutschland),5x400g,32.3675,2.1174999999999997,7
667025,Anfangsmilch PRE aus Ziegenmilch,Holle,Europäische Union,Demeter (Deutschland),5x400g,58.5825,3.832500000000003,7
660162,Anfangsmilch PRE DEMETER,Holle,Deutschland,Demeter (Deutschland),5x400g,34.5075,2.2575000000000003,7
660123,Baby-Dinkelkeks DEMETER,Holle,Diverse,Demeter (Deutschland),12x150g,26.707200000000004,1.747200000000003,7
667049,Bananenmilchbrei instant,Holle,Deutschland,100% Biozutaten,8x250g,20.116000000000003,1.3160000000000025,7
60000,Beikostöl DEMETER,Holle,Europäische Union,Demeter (Deutschland),4x250ml,14.0812,0.9212000000000007,7
667027,Folgemilch 2 auf Ziegenmilchbasis,Holle,Europäische Union,Demeter (Deutschland),5x400g,58.04750000000001,3.7975000000000065,7
660165,Folgemilch 2 DEMETER,Holle,Deutschland,Demeter (Deutschland),4x600g,37.6212,2.461200000000005,7
667029,Folgemilch 3 auf Ziegenmilchbasis - ab 10. Monat,Holle,Europäische Union,Demeter (Deutschland),5x400g,58.5825,3.832500000000003,7
660163,Folgemilch 3 DEMETER,Holle,Deutschland,Demeter (Deutschland),4x600g,36.3372,2.377200000000002,7
660166,Folgemilch 4,Holle,Europäische Union,99%,4x600g,36.3372,2.377200000000002,7
660130,Juniormüsli mit Cornflakes DEMETER,Holle,Deutschland,Demeter (Deutschland),8x250g,20.116000000000003,1.3160000000000025,7
660131,Juniormüsli mit Frucht DEMETER,Holle,Deutschland,Demeter (Deutschland),8x250g,20.116000000000003,1.3160000000000025,7
667028,Kindermilch 4 auf Ziegenmilchbasis - ab 10. Monat,Holle,Europäische Union,Demeter (Deutschland),5x400g,58.04750000000001,3.7975000000000065,7
60704,PROBEN HOLLE Getreidenahrungen,Holle,Deutschland,Demeter (Deutschland),32x25g,0,0,7
660129,Vollkorn Babymüsli DEMETER,Holle,Europäische Union,Demeter (Deutschland),6x250g,15.985800000000001,1.0458000000000016,7
660137,Vollkorngetreidebrei 3-Korn Reis-Mais-Hirse,Holle,Europäische Union,100% Biozutaten,6x250g,15.087,0.9870000000000001,7
660133,Vollkorngetreidebrei Dinkel DEMETER,Holle,Europäische Union,Demeter (Deutschland),6x250g,12.7758,0.8358000000000008,7
660134,Vollkorngetreidebrei Grieß DEMETER,Holle,Deutschland,Demeter (Deutschland),6x250g,12.7758,0.8358000000000008,7
660135,Vollkorngetreidebrei Hafer DEMETER,Holle,Deutschland,Demeter (Deutschland),6x250g,12.7758,0.8358000000000008,7
660136,Vollkorngetreidebrei Hirse glutenfrei,Holle,Europäische Union,100% Biozutaten,6x250g,15.087,0.9870000000000001,7
660132,Vollkorngetreidebrei Reis glutenfrei,Holle,Italien,EG-Bio,6x250g,15.087,0.9870000000000001,7
667013,Apfel mit Heidelbeere DEMETER,Holle,Europäische Union,Demeter (Deutschland),6x190g,6.7410000000000005,0.4410000000000007,7
60184,Apfel pur DEMETER,Holle,Europäische Union,Demeter (Deutschland),6x125g,5.2644,0.34440000000000026,7
667020,Apfel und Banane mit Dinkel DEMETER,Holle,Diverse,Demeter (Deutschland),6x190g,6.7410000000000005,0.4410000000000007,7
660713,Apfel und Birne DEMETER,Holle,Europäische Union,Demeter (Deutschland),6x190g,6.997800000000001,0.45780000000000065,7
667021,Apfel und Birne mit Hafer DEMETER,Holle,Europäische Union,Demeter (Deutschland),6x190g,6.997800000000001,0.45780000000000065,7
667046,Apfel und Pflaume DEMETER,Holle,Diverse,100% Biozutaten,6x190g,6.7410000000000005,0.4410000000000007,7
667014,Apfel-Banane mit Aprikose DEMETER,Holle,Diverse,Demeter (Deutschland),6x190g,6.997800000000001,0.45780000000000065,7
560282,Birchermüsli DEMETER,Holle,Diverse,Demeter (Deutschland),6x220g,7.3188,0.47880000000000056,7
60185,Birne pur DEMETER,Holle,Italien,Demeter (Deutschland),6x125g,5.2644,0.34440000000000026,7
660156,Crunchy Snack Hirse-Mango,Holle,Europäische Union,100% Biozutaten,8x25g,7.276,0.476,7
660157,Crunchy Snack Hirse,Holle,Europäische Union,100% Biozutaten,8x25g,5.6496,0.36960000000000015,7
660161,Crunchy Snack Reis Linsen,Holle,Europäische Union,100% Biozutaten,8x25g,6.2488,0.4088000000000003,7
667009,Gemüseallerlei DEMETER,Holle,Europäische Union,100% Biozutaten,6x190g,6.0348,0.39480000000000004,7
667023,Gemüserisotto DEMETER,Holle,Europäische Union,Demeter (Deutschland),6x220g,7.4472000000000005,0.4872000000000005,7
560216,Hühnchenfleisch DEMETER,Holle,Deutschland,Demeter (Deutschland),6x125g,8.667,0.5670000000000002,7
660121,Karotten DEMETER,Holle,Europäische Union,Demeter (Deutschland),6x125g,5.328600000000001,0.34860000000000024,7
667022,Karotten und Kartoffeln mit Rind DEMETER,Holle,Europäische Union,Demeter (Deutschland),6x190g,7.1904,0.4704000000000006,7
560299,Karotten-Kartoffeln DEMETER,Holle,Deutschland,Demeter (Deutschland),6x190g,6.099,0.399,7
667008,Kartoffeln mit Erbsen & Zucchini DEMETER,Holle,Europäische Union,Demeter (Deutschland),6x190g,6.355800000000001,0.41580000000000084,7
560281,Kürbis mit Huhn,Holle,Europäische Union,100% Biozutaten,6x190g,7.4472000000000005,0.4872000000000005,7
560332,Kürbis mit Reis DEMETER,Holle,Europäische Union,Demeter (Deutschland),6x190g,6.355800000000001,0.41580000000000084,7
660122,Pastinakenpüree DEMETER,Holle,Europäische Union,Demeter (Deutschland),6x125g,5.328600000000001,0.34860000000000024,7
667010,Pfirsich und Apfel DEMETER,Holle,Europäische Union,Demeter (Deutschland),6x190g,6.7410000000000005,0.4410000000000007,7
60182,Rindfleischzubereitung DEMETER,Holle,Deutschland,Demeter (Deutschland),6x125g,10.593000000000002,0.6930000000000014,7
667024,Spaghetti Bolognese DEMETER,Holle,Europäische Union,Demeter (Deutschland),6x220g,9.309,0.609,7
667054,Spinat mit Kartoffeln,Holle,Europäische Union,100% Biozutaten,6x190g,6.355800000000001,0.41580000000000084,7
560259,Veggie Curry DEMETER,Holle,Europäische Union,Demeter (Deutschland),6x190g,7.1904,0.4704000000000006,7
536426,Zucchini-Kürbis und Kartoffeln,Holle,Europäische Union,Demeter (Deutschland),6x190g,6.0348,0.39480000000000004,7
560284,AAAAPower Parrot - Pouchy Birneund Apfel mit Spina,Holle,Europäische Union,Demeter (Deutschland),12x100g,9.63,0.6300000000000008,7
560344,Apple Ant Apfel- Banane-Birne DEMETER - Pouchy,Holle,Diverse,Demeter (Deutschland),10x100g,8.025,0.5250000000000004,7
25006,Babyzwieback Dinkel DEMETER,Holle,Diverse,Demeter (Deutschland),6x200g,13.6746,0.8946000000000005,7
560309,Berry Puppy Apfel-Pfirsich-Waldb. DEMETER - Pouchy,Holle,Diverse,Demeter (Deutschland),10x100g,8.025,0.5250000000000004,7
560347,Blue Bird - Pouchy Birne-Apfel-Heidelb.-Hafer DEM.,Holle,Diverse,Demeter (Deutschland),10x100g,8.025,0.5250000000000004,7
560348,Carrot Cat Karotte-Mango-Ban.-Birne DEM.-Pouchy,Holle,Diverse,Demeter (Deutschland),10x100g,8.025,0.5250000000000004,7
560350,Dino Danc Apfel-Heidelb.- Pflaume DEMETER - Pouchy,Holle,Italien,Demeter (Deutschland),10x100g,8.025,0.5250000000000004,7
660153,Früchteriegel Apfel-Banane,Holle,Diverse,100% Biozutaten,20x25g,13.054,0.854000000000001,7
660152,Früchteriegel Apfel-Birne,Holle,Diverse,100% Biozutaten,20x25g,13.054,0.854000000000001,7
560346,Kiwi Koala - Pouchy Birne-Banane-Kiwi DEMETER,Holle,Diverse,Demeter (Deutschland),10x100g,8.025,0.5250000000000004,7
660173,Lazy Sweetato - Pouchy,Holle,Diverse,100% Biozutaten,12x100g,10.914,0.7140000000000004,7
660150,Mini-Fruchtschnitten Banane-Orange,Holle,Diverse,100% Biozutaten,7x100g,17.976000000000003,1.176000000000002,7
560303,Panda Peach Pfirsich-Aprikose-Banane DEM. - Pouchy,Holle,Diverse,Demeter (Deutschland),10x100g,8.025,0.5250000000000004,7
560349,Tropic Tiger - Pouchy Apfel-Mango-Maracuja DEMETER,Holle,Diverse,Demeter (Deutschland),10x100g,8.025,0.5250000000000004,7
560311,Zebra Beet - Pouchy Apfel-Banane-Rote Bete DEMETER,Holle,Diverse,Demeter (Deutschland),10x100g,8.025,0.5250000000000004,7
695981,7 Kräuterpulver - Nachfüllbeutel,Doc Phytolabor Nature's,Diverse,100% Biozutaten,150g,11.117300000000002,0.7273000000000014,7
96992,7 Kräuterpulver,Doc Phytolabor Nature's,Diverse,100% Biozutaten,150g,12.0803,0.7903000000000002,7
96966,7 Kräuterpulver,Doc Phytolabor Nature's,Diverse,100% Biozutaten,75g,8.56,0.5600000000000005,7
699048,Alpenkraft Bronchialsirup,Salus,Diverse,S#,250ml,9.293899999999999,1.4838999999999993,19
696277,Aroniabeeren Pulver,Aronia Original,ZU,EG-Bio,6x100g,32.742000000000004,2.142000000000003,7
699484,Ashwagandha - Kapseln,Govinda,Diverse,100% Biozutaten,45g,6.2595,0.4095000000000004,7
592792,Baobab Pulver,Terrasana,Volksrepublik China,EG-Bio,6x190g,43.39920000000001,2.8392000000000053,7
582331,Biolat-F Fermentations Konzentrat,Doc Phytolabor Nature's,Diverse,100% Biozutaten,30ml,1.9278,0.30779999999999985,19
533425,Bittrio - Kräuterelixier,Herbaria,Diverse,100% Biozutaten,250ml,11.043199999999999,1.7631999999999994,19
50143,Blütenpollen Sierra Morena,Allos,Spanien,EG-Bio,6x200g,57.78,3.780000000000001,7
96330,Fenchel-Thymian Honigsirup,Hoyer,Diverse,100% Biozutaten,5x250g,18.9925,1.2424999999999997,7
699337,Flohsamenschalen - Kapseln,Govinda,Diverse,100% Biozutaten,"53,6g",6.152500000000001,0.40250000000000075,7
592791,Gerstengras Pulver,Terrasana,Neuseeland,EG-Bio,6x130g,30.6876,2.0076,7
96332,Guarana+Ginseng Kautabletten,Hoyer,Diverse,100% Biozutaten,8x60Stück,23.540000000000003,1.5400000000000027,7
35220,Guarana,Sinfo,Brasilien,EG-Bio,100g,9.3891,1.4990999999999994,19
580337,Hagebuttenpulver,Allgäuer Ölmühle,Rumänien,EG-Bio,4x500g,33.598,2.1980000000000004,7
699780,Hanf Proteinpulver,Terrasana,Diverse,EG-Bio,6x200g,21.378600000000002,1.3986000000000018,7
699608,High Protein Shake Berry 5k vegan,PURYA,Diverse,95%,10x30g,11.235000000000001,0.7350000000000012,7
699604,High Protein Shake Berry 5k vegan,PURYA,Diverse,95%,300g,7.693300000000001,0.5033000000000003,7
699609,High Protein Shake Cinnamon 5k vegan,PURYA,Diverse,97%,10x30g,11.235000000000001,0.7350000000000012,7
699606,High Protein Shake Kakao 4k vegan,PURYA,Diverse,95%,10x30g,11.235000000000001,0.7350000000000012,7
699602,High Protein Shake Kakao 4k vegan,PURYA,Diverse,95%,300g,7.693300000000001,0.5033000000000003,7
699605,High Protein Shake Pure 4k vegan,PURYA,Diverse,100% Biozutaten,300g,6.6233,0.4333,7
699607,High Protein Shake Vanille 5k vegan,PURYA,Diverse,95%,10x30g,11.235000000000001,0.7350000000000012,7
699603,High Protein Shake Vanille 5k vegan,PURYA,Diverse,95%,300g,7.693300000000001,0.5033000000000003,7
686547,Hildegard Tropfen 50% Vol. - Tropfen,Bitterkraft,Deutschland,konventionell,20ml,9.1035,1.4535,19
50148,Hochland-Blütenpollen,Hoyer,Europäische Union,EG-Bio,6x225g,61.567800000000005,4.027800000000006,7
697605,"Kraft, Ruhe und Wohl 3er Set",Kruut,Deutschland,100% Biozutaten,3x15ml,3.9055,0.25550000000000006,7
697719,Kräuterauszug Ayurveda,Kruut,Deutschland,100% Biozutaten,150ml,9.790500000000002,0.6405000000000012,7
697689,Kräuterauszug Balance,Kruut,Deutschland,100% Biozutaten,150ml,9.790500000000002,0.6405000000000012,7
697627,Kräuterauszug Bitter,Kruut,Deutschland,100% Biozutaten,150ml,9.790500000000002,0.6405000000000012,7
529555,Kräuterauszug Bitter,Kruut,Deutschland,100% Biozutaten,500ml,21.935000000000002,1.4350000000000023,7
699813,Kräuterauszug Christmas Oxymel,Kruut,Deutschland,100% Biozutaten,150ml,9.790500000000002,0.6405000000000012,7
697628,Kräuterauszug Immun,Kruut,Deutschland,100% Biozutaten,150ml,9.790500000000002,0.6405000000000012,7
697606,Kräuterauszug Kraft,Kruut,Deutschland,100% Biozutaten,150ml,9.790500000000002,0.6405000000000012,7
529530,Kräuterauszug Kraft,Kruut,Deutschland,100% Biozutaten,500ml,21.935000000000002,1.4350000000000023,7
697607,Kräuterauszug Ruhe,Kruut,Deutschland,100% Biozutaten,150ml,9.790500000000002,0.6405000000000012,7
529531,Kräuterauszug Ruhe,Kruut,Deutschland,100% Biozutaten,500ml,21.935000000000002,1.4350000000000023,7
697686,Kräuterauszug Zyklus,Kruut,Deutschland,100% Biozutaten,150ml,9.790500000000002,0.6405000000000012,7
533241,Kräuterwohl nach Hildegard von Bingen,Aronia Original,Diverse,100% Biozutaten,"0,7l",9.0321,1.4421,19
699335,Kurkuma - Kapseln,Govinda,Diverse,100% Biozutaten,100g,13.161000000000001,0.8610000000000007,7
699599,Kurkuma - Kapseln,Govinda,Indien,100% Biozutaten,45g,5.9813,0.3913000000000002,7
571832,Lichtyam® Pulver DEMETER,Andreashof,Regional,Demeter (Deutschland),60g,32.129999999999995,5.1299999999999955,19
696349,Lutschtabletten Acerola+Wildfrucht,Hoyer,Diverse,100% Biozutaten,8x60Stück,23.540000000000003,1.5400000000000027,7
696332,Lutschtabletten Echinacea+Sanddorn,Hoyer,Diverse,100% Biozutaten,8x60Stück,23.540000000000003,1.5400000000000027,7
696347,Lutschtabletten Propolis+Salbei,Hoyer,Diverse,98%,8x60Stück,23.540000000000003,1.5400000000000027,7
592784,Macapulver,Terrasana,Peru,EG-Bio,6x175g,21.892200000000003,1.4322000000000017,7
592788,Macapulver,Terrasana,Peru,EG-Bio,6x300g,35.952000000000005,2.352000000000004,7
580527,Manuka Oxymel IMMUN,Hoyer,Diverse,100% Biozutaten,6x200ml,76.39800000000001,4.998000000000005,7
580528,Manuka Oxymel VITAL - Active Aging,Hoyer,Diverse,100% Biozutaten,6x200ml,84.96600000000001,13.566000000000003,19
550246,Manukahonig MGO 250+ Liquid-Sticks,Hoyer,Neuseeland,100% Biozutaten,5x12x8g,35.31,2.3100000000000023,7
571784,Mein Birken Aktiv-Getränk,Weleda,Diverse,Naturkosmetik (BNN),200ml,10.6029,1.6928999999999998,19
571456,Mein Sanddorn Immungetränk,Weleda,Diverse,Naturkosmetik (BNN),200ml,11.117300000000002,0.7273000000000014,7
571455,Mein Sanddorn Immunsaft,Weleda,Diverse,Naturkosmetik (BNN),200ml,12.8758,2.0557999999999996,19
699483,Moringa - Kapseln,Govinda,Diverse,100% Biozutaten,45g,6.2595,0.4095000000000004,7
696970,Moringa Oleifera Blattpulver,Doc Phytolabor Nature's,Diverse,EG-Bio,100g,12.925600000000001,0.845600000000001,7
561019,My.Yo Inulin - pflanzliche Fasern aus der Agave,Metafood,Mexico,EG-Bio,400g,11.449,0.7490000000000006,7
699383,Nature C Lutschtabletten | 40St,A Vogel,Diverse,konventionell,"41,2g",12.893500000000001,0.8435000000000006,7
33139,Naturreiner Pflanzensaft Bärlauch,Schoenenberger,Diverse,EG-Bio,200ml,7.3661,1.1761,19
686542,Original Tropfen 22% Vol. - Spray,Bitterkraft,Deutschland,100% Biozutaten,20ml,9.6985,1.5484999999999989,19
686541,Original Tropfen 22% Vol.,Bitterkraft,Deutschland,100% Biozutaten,200ml,20.5751,3.2851,19
686543,Original Tropfen 22% Vol.,Bitterkraft,Deutschland,100% Biozutaten,20ml,6.4616999999999996,1.0316999999999998,19
692050,Rechtsregulat,Dr. Niedermaier,Deutschland,100% Biozutaten,20ml,2.38,0.3799999999999999,19
692051,Rechtsregulat,Dr. Niedermaier,Deutschland,100% Biozutaten,350ml,32.7131,5.223099999999999,19
692053,Regulatpro Arthro,Dr. Niedermaier,Deutschland,100% Biozutaten,350ml,32.7131,5.223099999999999,19
692055,Regulatpro Glukoaktiv,Dr. Niedermaier,Deutschland,100% Biozutaten,350ml,32.7131,5.223099999999999,19
692052,Regulatpro Metabolic,Dr. Niedermaier,Deutschland,100% Biozutaten,350ml,32.7131,5.223099999999999,19
532997,Rotbäckchen Mama Eisen plus,Rotbäckchen,Diverse,S#,"6x0,45l",34.4148,5.494799999999998,19
532995,Rotbäckchen Vital Eisen Formel,Rotbäckchen,Diverse,S#,"6x0,45l",34.4148,5.494799999999998,19
532994,Rotbäckchen Vital Energie Formel,Rotbäckchen,Diverse,S#,"6x0,45l",34.4148,5.494799999999998,19
532996,Rotbäckchen Vital Immun Formel,Rotbäckchen,Diverse,S#,"6x0,45l",34.4148,5.494799999999998,19
532970,Rotbäckchen Vital Vitamin D,Rotbäckchen,Diverse,S#,"6x0,45l",34.4148,5.494799999999998,19
532968,Rotbäckchen Vital Vitaminformel,Rotbäckchen,Diverse,S#,"6x0,45l",34.4148,5.494799999999998,19
696302,Rote Bete Pulver,Govinda,Deutschland,EG-Bio,6x200g,36.273,2.3730000000000047,7
699385,Santasapina Rottanne Hustensirup,A Vogel,Diverse,konventionell,200ml,9.6514,0.6314000000000011,7
699338,Schwarzkümmel - Kapseln,Govinda,Diverse,100% Biozutaten,"53,6g",10.2292,0.6692,7
699840,Trinkmahlzeit Real Meal Berry vegan,PURYA,Diverse,96%,6x500ml,14.994,2.394,19
699841,Trinkmahlzeit Real Meal Kakao vegan,PURYA,Diverse,96%,6x500ml,14.994,2.394,19
699792,Triphala - Kapseln,Govinda,Diverse,100% Biozutaten,45g,5.9813,0.3913000000000002,7
592790,Weizengras Pulver,Terrasana,Volksrepublik China,EG-Bio,6x130g,13.995600000000001,0.9156000000000013,7
699626,Wildkräuter Shot Ayurveda,Kruut,Deutschland,100% Biozutaten,10x60ml,17.849999999999998,2.849999999999998,19
699622,Wildkräuter Shot Balance,Kruut,Deutschland,100% Biozutaten,10x60ml,17.849999999999998,2.849999999999998,19
699623,Wildkräuter Shot Bitter,Kruut,Deutschland,100% Biozutaten,10x60ml,17.849999999999998,2.849999999999998,19
699814,Wildkräuter Shot Christmas,Kruut,Deutschland,100% Biozutaten,10x60ml,20.825,3.3249999999999993,19
699624,Wildkräuter Shot Immun,Kruut,Deutschland,100% Biozutaten,10x60ml,17.849999999999998,2.849999999999998,19
699620,Wildkräuter Shot Kraft,Kruut,Deutschland,100% Biozutaten,10x60ml,17.849999999999998,2.849999999999998,19
699621,Wildkräuter Shot Ruhe,Kruut,Deutschland,100% Biozutaten,10x60ml,17.849999999999998,2.849999999999998,19
699625,Wildkräuter Shot Zyklus,Kruut,Deutschland,100% Biozutaten,10x60ml,17.849999999999998,2.849999999999998,19
699226,7 Kräuter - Kapseln,Doc Phytolabor Nature's,Diverse,95%,100Stück,14.399,2.2989999999999995,19
696994,7 Kräutertropfen 38% Vol.,Doc Phytolabor Nature's,Diverse,100% Biozutaten,30ml,11.6025,1.8524999999999991,19
692039,ACE+Selen+Zink Schwarzkümmelöl - Kapseln,Fitne,Diverse,S#,60Stück,9.779800000000002,0.639800000000001,7
697624,Acerola Lutschtabletten,Sanatur,Deutschland,100% Biozutaten,60Stück,7.8217,0.5117000000000003,7
533409,Alepa Mariendistel Bio-Leber-Tonikum,Salus,Diverse,100% Biozutaten,250ml,15.220099999999999,2.4300999999999995,19
533405,Alpenkraft Bio-Immun-Tonikum,Salus,Diverse,100% Biozutaten,250ml,11.1146,1.7745999999999995,19
533411,Alpenkraft Cistus Tropfen,Salus,Diverse,100% Biozutaten,100ml,12.2808,1.960799999999999,19
697620,Ashwagandha - Kapseln,Sanatur,Indien,100% Biozutaten,60Stück,12.7865,0.8365000000000009,7
697733,Ashwagandha | 60St,GSE,Diverse,100% Biozutaten,"42,6g",9.234100000000002,0.6041000000000007,7
697420,Astaxanthin aus Alge + Selen 375mg | 45St,GSE,Diverse,100% Biozutaten,17g,18.532400000000003,1.2124000000000024,7
696909,Augen Complex 520mg | 60St,GSE,Diverse,100% Biozutaten,31g,18.532400000000003,1.2124000000000024,7
532729,Ballaststoff Shot,Voelkel,Diverse,100% Biozutaten,8x95ml,11.6144,1.8544,19
692036,Basen - Kapseln,Fitne,Diverse,S#,90Stück,12.829300000000002,0.8393000000000015,7
686549,Basenkraft,Bitterkraft,Deutschland,100% Biozutaten,330ml,17.0408,2.7208000000000006,19
697709,"Beauty Haut, Haare, Nägel Boost | 60St",GSE,Diverse,100% Biozutaten,30g,15.440100000000001,1.0101000000000013,7
697683,Beauty Kollagen Boost 500mg | 60St,GSE,Diverse,100% Biozutaten,30g,15.440100000000001,1.0101000000000013,7
697684,Beauty Retinol AE Boost 500mg | 60St,GSE,Diverse,100% Biozutaten,30g,15.440100000000001,1.0101000000000013,7
96369,Blutquick ohne Alkohol,Herbaria,Diverse,100% Biozutaten,250ml,7.3423,1.1723,19
96370,Blutquick ohne Alkohol,Herbaria,Diverse,100% Biozutaten,500ml,11.6144,1.8544,19
699217,Brennnesselsamen,Vitaldoc,Diverse,EG-Bio,100g,9.790500000000002,0.6405000000000012,7
696921,Calcium & Magnesium Complex 700mg | 60St,GSE,Diverse,100% Biozutaten,42g,17.6015,1.1515000000000022,7
592342,Calcium Plus - Kapseln,Fitne,Diverse,S#,30Stück,4.5475,0.2975000000000003,7
96364,Chlorella - Pulver,Sanatur,Volksrepublik China,Naturland,100g,17.3875,1.1374999999999993,7
697596,Chlorella 400mg - Tabletten,Sanatur,Volksrepublik China,Naturland,100Stück,8.0785,0.5285000000000002,7
96356,Chlorella 400mg - Tabletten,Sanatur,Volksrepublik China,Naturland,250Stück,17.858300000000003,1.1683000000000021,7
696901,Chlorella 500mg | 240St,GSE,Diverse,Naturland,120g,12.540400000000002,0.8204000000000011,7
696902,Chlorella 500mg | 550St,GSE,Diverse,Naturland,275g,25.1664,1.6463999999999999,7
696963,Chlorella 500mg | 80St,GSE,Diverse,Naturland,40g,5.029000000000001,0.3290000000000006,7
696912,CitroPlus 800 Grapefruitkern Extrakt - Tropfen,GSE,Diverse,100% Biozutaten,100ml,21.3465,1.3964999999999996,7
697688,CitroPlus 800 Grapefruitkern Extrakt - Tropfen,GSE,Diverse,100% Biozutaten,20ml,6.7945,0.44450000000000056,7
696911,CitroPlus 800 Grapefruitkern Extrakt - Tropfen,GSE,Diverse,100% Biozutaten,50ml,12.572500000000002,0.8225000000000016,7
696913,CitroPlus 800 Grapefruitkern Extrakt 500mg | 75St,GSE,Diverse,100% Biozutaten,"37,5g",9.3625,0.6125000000000007,7
556287,Darm-Care Kräuter-Tonikum plus,Salus,Diverse,konventionell,250ml,14.7798,2.3598,19
699379,Echinaforce Forte Immun | 30St,A Vogel,Diverse,konventionell,"13,5g",12.893500000000001,0.8435000000000006,7
696906,Eisen & Vitamin C Complex 600mg | 60St,GSE,Diverse,100% Biozutaten,36g,18.532400000000003,1.2124000000000024,7
592348,Eisen Komplex - Kapseln,Fitne,Diverse,S#,30Stück,5.5319,0.36190000000000033,7
532726,Eisen Shot,Voelkel,Diverse,100% Biozutaten,8x95ml,11.6144,1.8544,19
696922,Eisen Vital Complex,GSE,Diverse,100% Biozutaten,330ml,11.245499999999998,1.7954999999999988,19
692038,FemBalance - Kapseln,Fitne,Diverse,S#,60Stück,6.42,0.41999999999999993,7
696907,Folsäure Compact 280mg | 120St,GSE,Diverse,100% Biozutaten,34g,15.440100000000001,1.0101000000000013,7
696923,Frauen Vital Complex 500mg | 60St,GSE,Diverse,100% Biozutaten,30g,18.532400000000003,1.2124000000000024,7
699079,FreeBalance Löwenzahn-Brennnessel-Elixier,Salus,Diverse,100% Biozutaten,250ml,14.3701,0.940100000000001,7
96338,Gelée Royale forte - Kapseln,Hoyer,Diverse,100% Biozutaten,30Stück,9.8975,0.6475000000000009,7
96327,Gelée Royale+Blütenpollen+Weizenkeime - Ampullen,Hoyer,Diverse,konventionell,10x10ml,8.5323,1.3622999999999994,19
692040,Gelenk - Kapseln,Fitne,Diverse,nicht per Bio-VO geregelt,60Stück,11.449,0.7490000000000006,7
696915,Gerstengras Pulver,GSE,Deutschland,EG-Bio,120g,12.572500000000002,0.8225000000000016,7
696914,Gerstengras Tabletten 500mg | 240St,GSE,Deutschland,100% Biozutaten,120g,12.572500000000002,0.8225000000000016,7
696338,Ginseng - Kapseln,Hoyer,Diverse,100% Biozutaten,30Stück,8.5493,0.5593000000000004,7
694056,Ginseng Royale KONVENTIONELL - Ampullen,Hoyer,Diverse,konventionell,14x15ml,13.2685,2.118499999999999,19
96323,Gute-Nacht-Trunk - Ampullen,Hoyer,Diverse,100% Biozutaten,10x10ml,6.2951,1.0050999999999997,19
568280,Heilerde Ballaststoff Plus - 60 Kapseln,LUVOS,Deutschland,S#,60Stück,10.678600000000001,0.6986000000000008,7
568282,Heilerde Bitterquell Plus - 60 Kapseln,LUVOS,Deutschland,S#,60Stück,10.678600000000001,0.6986000000000008,7
697643,Immun Complex 500mg | 60St,GSE,Diverse,100% Biozutaten,30g,18.532400000000003,1.2124000000000024,7
532727,Immun Shot,Voelkel,Diverse,100% Biozutaten,8x95ml,11.6144,1.8544,19
696940,Jod 100% pflanzlich - Kapseln,Sanatur,Europäische Union,100% Biozutaten,60Stück,9.6193,0.6293000000000006,7
696961,Jod Compact 280mg | 120St,GSE,Diverse,100% Biozutaten,34g,15.440100000000001,1.0101000000000013,7
696925,Kinder Aktiv Complex,GSE,Diverse,100% Biozutaten,330ml,11.245499999999998,1.7954999999999988,19
685447,Kindervital Tonikum,Salus,Diverse,100% Biozutaten,250ml,12.376,1.975999999999999,19
696916,Konjac Glucomannan Sättigungspulver,GSE,Diverse,100% Biozutaten,135g,16.4577,2.627699999999999,19
596468,Kurkuma Plus - Kapseln,Sanatur,Diverse,S#,60Stück,18.179299999999998,1.1892999999999994,7
699216,Lecithin Granulat,Vitaldoc,Diverse,konventionell,250g,8.3995,0.5495000000000001,7
697419,Macandro 500mg | 75St,GSE,Diverse,100% Biozutaten,"37,5g",15.440100000000001,1.0101000000000013,7
96333,Magenwohl-Trunk - Ampullen,Hoyer,Diverse,100% Biozutaten,10x10ml,6.5331,1.0431,19
692042,Magnesium + Vitamin E - Kapseln,Fitne,Diverse,S#,60Stück,7.8859,0.5159000000000002,7
696927,Magnesium Compact 615mg | 60St,GSE,Diverse,100% Biozutaten,37g,17.6015,1.1515000000000022,7
580393,Mariendistelöl nativ,Bioplanete,Ungarn,EG-Bio,4x100ml,24.010800000000003,1.570800000000002,7
532728,Matcha Shot,Voelkel,Diverse,100% Biozutaten,8x95ml,11.6144,1.8544,19
692037,MenoBalance - Kapseln,Fitne,Diverse,S#,60Stück,12.829300000000002,0.8393000000000015,7
697687,MenoFree 500mg | 60St,GSE,Diverse,100% Biozutaten,30g,15.696900000000001,1.0269000000000013,7
533410,Multi-Vitamin-Energetikum,Salus,Diverse,100% Biozutaten,250ml,12.2808,1.960799999999999,19
696931,Muskeln & Nerven Magnesium - Kapseln,Sanatur,Europäische Union,S#,100Stück,11.9305,0.7805,7
692041,Nährstoffkomplex Haut & Haare - Kapseln,Fitne,Diverse,S#,120Stück,14.9693,0.9793000000000003,7
691998,Nährstoffkomplex Immunsystem - Kapseln,Fitne,Diverse,S#,60Stück,9.309,0.609,7
592963,Nährstoffkomplex Knorpel & Knochen - Kapseln,Fitne,Diverse,S#,60Stück,9.844,0.6440000000000001,7
699108,Natto Complex - Kapseln,Sanatur,Diverse,S#,60Stück,17.9225,1.1724999999999994,7
33145,Naturreiner Granatapfel-Muttersaft,Schoenenberger,Italien,EG-Bio,200ml,7.3661,1.1761,19
691959,Naturweisheit Meine Nacht - 46 Kapseln,Weleda,Diverse,S#,Stück,19.773600000000002,1.2936000000000014,7
556292,Neuro Balance Ashwagandha Tonikum,Salus,Diverse,100% Biozutaten,250ml,14.6608,2.3407999999999998,19
697645,Omega 3 Perillaöl Kapseln vegan | 90St,GSE,Diverse,,54g,15.675500000000001,1.025500000000001,7
580233,Omega Blue Leinöl-Mixtur,Bioplanete,Diverse,100% Biozutaten,4x100ml,24.182000000000002,1.5820000000000007,7
580366,Omega Silver Leinöl-Mixtur,Bioplanete,Diverse,100% Biozutaten,4x100ml,23.9252,1.5652000000000008,7
699720,Omega-3 Algenöl - Kapseln | 30St,Salus,Indien,konventionell,30Stück,15.996500000000001,1.0465000000000018,7
96372,Omega-3 Fettsäuren - Kapseln,Sanatur,Deutschland,konventionell,120Stück,15.7825,1.0325000000000006,7
696929,Omega-3 Fischöl - Kapseln 1080mg | 90St,GSE,Diverse,100% Biozutaten,97g,20.0625,1.3125,7
697642,OPC Zellschutz Complex 500mg | 60St,GSE,Diverse,100% Biozutaten,30g,18.532400000000003,1.2124000000000024,7
698660,OptiMSM Schwefel Pulver,Sanatur,USA,konventionell,190g,10.6251,0.6951,7
686540,Original Tropfen 22% Vol.,Bitterkraft,Deutschland,100% Biozutaten,100ml,15.7675,2.5175,19
550284,Propolis Extrakt - Tropfen,Hoyer,Diverse,100% Biozutaten,30ml,6.747299999999999,1.0772999999999993,19
696348,Propolis Extrakt alkoholfrei - Tropfen,Hoyer,Diverse,100% Biozutaten,30ml,7.0406,0.46060000000000034,7
533416,Salusan Ortho Hagebutten Tonikum,Salus,Diverse,100% Biozutaten,500ml,18.7544,2.9944000000000006,19
96322,Schlechtwetter-Trunk 15%Vol. - Ampullen,Hoyer,Diverse,100% Biozutaten,10x10ml,6.2951,1.0050999999999997,19
680095,Schwarzkümmelöl Immun,Bioplanete,Ägypten,100% Biozutaten,4x100ml,27.3492,1.789200000000001,7
696928,Selen Compact 500mg | 60St,GSE,Diverse,100% Biozutaten,30g,15.440100000000001,1.0101000000000013,7
596441,Spiru B-Vitamin Complex vegan - Kapseln 54g,Sanatur,Europäische Union,S#,90Stück,18.564500000000002,1.214500000000001,7
96342,Spirulina - Pulver,Sanatur,Volksrepublik China,Naturland,125g,14.605500000000001,0.9555000000000007,7
696905,Spirulina - Pulver,GSE,Diverse,Naturland,200g,12.540400000000002,0.8204000000000011,7
96363,Spirulina & Chlorella - Tabletten,Sanatur,Volksrepublik China,Naturland,250Stück,16.0393,1.0493000000000006,7
697597,Spirulina 400mg - Tabletten,Sanatur,Diverse,Naturland,100Stück,7.4793,0.48930000000000007,7
96341,Spirulina 400mg - Tabletten,Sanatur,Diverse,Naturland,250Stück,15.408000000000001,1.008000000000001,7
696903,Spirulina 500mg | 240St,GSE,Diverse,Naturland,120g,9.3946,0.6146000000000011,7
696904,Spirulina 500mg | 550St,GSE,Diverse,Naturland,275g,18.8534,1.2333999999999996,7
696962,Spirulina 500mg | 80St,GSE,Diverse,Naturland,40g,3.7129000000000003,0.24290000000000012,7
697731,Stoffwechsel Aktiv | 60St,GSE,Diverse,100% Biozutaten,30g,16.157,1.0570000000000004,7
96378,Traubenkern OPC & Vitamin C - Kapseln,Sanatur,Deutschland,100% Biozutaten,90Stück,9.8975,0.6475000000000009,7
697678,Vegan Plus 500mg | 60St,GSE,Diverse,100% Biozutaten,30g,15.440100000000001,1.0101000000000013,7
697730,Verdauung Aktiv | 60St,GSE,Diverse,100% Biozutaten,30g,12.947000000000001,0.8470000000000013,7
696964,Vino C OPC - Kapseln 600mg | 120St,GSE,Diverse,100% Biozutaten,72g,18.532400000000003,1.2124000000000024,7
696910,Vitamin B Complex 500mg | 60St,GSE,Diverse,100% Biozutaten,30g,18.532400000000003,1.2124000000000024,7
692035,Vitamin B Komplex - Kapseln,Fitne,Diverse,S#,90Stück,17.323300000000003,1.133300000000002,7
532604,Vitamin B12 Compact 280mg | 120St,GSE,Diverse,100% Biozutaten,34g,17.6015,1.1515000000000022,7
697636,Vitamin C Compact 500mg | 60St,GSE,Diverse,100% Biozutaten,30g,12.412,0.8120000000000012,7
696920,Vitamin D Compact 280mg | 120St,GSE,Diverse,100% Biozutaten,34g,15.440100000000001,1.0101000000000013,7
696930,Vitamin D3 - Tropfen,GSE,Diverse,100% Biozutaten,50ml,12.572500000000002,0.8225000000000016,7
697629,Vitamin D3 Compact 500mg | 60St,GSE,Diverse,100% Biozutaten,30g,17.2805,1.1305000000000014,7
696942,Vitamin D3 Plus 90St - Kapseln,Sanatur,Diverse,S#,67g,16.0393,1.0493000000000006,7
596467,Vitamin K2 & D3 Plus - Kapseln,Sanatur,Europäische Union,S#,90Stück,20.704500000000003,1.3545000000000016,7
697644,Zink + Vitamin C Complex 500mg | 60St,GSE,Diverse,100% Biozutaten,30g,18.532400000000003,1.2124000000000024,7
696926,Zink Compact 500mg | 60St,GSE,Diverse,100% Biozutaten,30g,15.5043,1.0143000000000004,7
96377,ZinkSpirulina & Acerola - Kapseln,Sanatur,Volksrepublik China,S#,90Stück,10.689300000000001,0.6993000000000009,7
697732,Zyklus Balance | 60St,GSE,Diverse,100% Biozutaten,"32,4g",16.157,1.0570000000000004,7
96801,Arnika-Essenz,Weleda,Diverse,S#,100ml,18.6235,2.9734999999999996,19
96800,Arnika-Essenz,Weleda,Diverse,S#,50ml,12.768699999999999,2.0386999999999986,19
534607,Arzneitee Melissenblätter,Salus,Diverse,S#,6x40g,22.0626,3.5226000000000006,19
534609,Arzneitee Spitzwegerichblätter,Salus,Diverse,S#,6x60g,24.2046,3.8645999999999994,19
534610,Arzneitee Weißdornblätter,Salus,Diverse,S#,6x100g,25.704,4.103999999999999,19
696535,Aufbaukalk 1 morgens,Weleda,Diverse,S#,45g,16.2673,2.597299999999999,19
696536,Aufbaukalk 2 abends,Weleda,Diverse,S#,45g,16.2673,2.597299999999999,19
96815,Balsamischer Melissengeist,Weleda,Diverse,S#,50ml,12.7806,2.0405999999999995,19
685445,Bronchial Husten Tropfen 54% Vol.,Salus,Diverse,nicht per Bio-VO geregelt,50ml,8.1039,1.2938999999999998,19
570389,Heilerde extrafein akut - 60 Kapseln,LUVOS,Deutschland,S#,60Stück,8.1396,1.2995999999999999,19
570388,Heilerde Luvos extrafein akut - Portionsbeutel,LUVOS,Deutschland,S#,"20x6,5g",6.5212,1.0412,19
570387,Heilerde Luvos extrafein akut - Pulver,LUVOS,Deutschland,S#,480g,10.0198,1.5998,19
568288,Heilerde Luvos fein akut Sodbrennen,LUVOS,Deutschland,S#,200g,3.5462,0.5661999999999998,19
568289,Heilerde Luvos fein akut Sodbrennen,LUVOS,Deutschland,S#,480g,6.6402,1.0602,19
570336,Heilerde Luvos ultrafein akut - Portionsbeutel,LUVOS,Deutschland,S#,"20x6,5g",6.3546,1.0145999999999997,19
568286,Heilerde Luvos ultrafein akut Pulver Sodbrennen,LUVOS,Deutschland,S#,380g,8.4728,1.3527999999999993,19
568270,Heilerde Luvos ultrafein akut Sodbrenn.-60Kapseln,LUVOS,Deutschland,S#,60Stück,8.4728,1.3527999999999993,19
568287,Heilerde Luvos ultrafein akut Sodbrennen,LUVOS,Deutschland,S#,200g,4.8313999999999995,0.7713999999999999,19
536427,Holle Stilltee - Tbt,Holle,Deutschland,100% Biozutaten,8x30g,17.548,1.1479999999999997,7
534603,Husten-Tee Nr. 9a - Tbt,Salus,Diverse,S#,6x15x2g,19.003200000000003,1.2432000000000016,7
699049,Leber Galle Tee Nr. 18A - Tbt,Salus,Diverse,nicht per Bio-VO geregelt,6x15x2g,19.003200000000003,1.2432000000000016,7
33114,Naturreiner Heilpflanzensaft Artischocke,Schoenenberger,Diverse,EG-Bio,200ml,7.3661,1.1761,19
33129,Naturreiner Heilpflanzensaft Baldrian,Schoenenberger,Diverse,EG-Bio,200ml,7.3661,1.1761,19
33116,Naturreiner Heilpflanzensaft Birkenblätter,Schoenenberger,Diverse,EG-Bio,200ml,7.3661,1.1761,19
33134,Naturreiner Heilpflanzensaft Brennnessel,Schoenenberger,Diverse,EG-Bio,200ml,7.3661,1.1761,19
33143,Naturreiner Heilpflanzensaft Echinacea,Schoenenberger,Diverse,EG-Bio,200ml,9.1987,1.4687000000000001,19
33119,Naturreiner Heilpflanzensaft Hafer,Schoenenberger,Diverse,EG-Bio,200ml,7.3661,1.1761,19
33413,Naturreiner Heilpflanzensaft Johanniskraut,Schoenenberger,Diverse,EG-Bio,200ml,7.3661,1.1761,19
33133,Naturreiner Heilpflanzensaft Löwenzahn,Schoenenberger,Diverse,EG-Bio,200ml,7.3661,1.1761,19
33131,Naturreiner Heilpflanzensaft Mistel,Schoenenberger,Diverse,S#,200ml,7.3661,1.1761,19
33122,Naturreiner Heilpflanzensaft Schafgarbe,Schoenenberger,Diverse,EG-Bio,200ml,7.3661,1.1761,19
33146,Naturreiner Heilpflanzensaft Schwarzrettich,Schoenenberger,Baden-Württemberg,EG-Bio,200ml,7.3661,1.1761,19
33135,Naturreiner Heilpflanzensaft Spitzwegerich,Schoenenberger,Diverse,EG-Bio,200ml,7.3661,1.1761,19
33138,Naturreiner Heilpflanzensaft Thymian,Schoenenberger,Diverse,EG-Bio,200ml,7.3661,1.1761,19
33136,Naturreiner Heilpflanzensaft Weißdorn,Schoenenberger,Diverse,EG-Bio,200ml,7.3661,1.1761,19
533426,Naturreiner Heilpflanzensaft Wermut,Schoenenberger,Deutschland,S#,200ml,7.3661,1.1761,19
33137,Naturreiner Heilpflanzensaft Zinnkraut,Schoenenberger,Diverse,konventionell,200ml,7.3661,1.1761,19
33132,Naturreiner Pflanzensaft Kartoffel,Schoenenberger,Diverse,S#,200ml,4.414899999999999,0.7048999999999994,19
536269,Nieren-Blasen-Tee Nr.23 - Tbt,Salus,Diverse,konventionell,6x15x2g,18.489600000000003,1.2096000000000018,7
699342,Bitterspray Natürlich BITTER 28% Vol.,Sonnentor,Diverse,100% Biozutaten,50ml,8.185500000000001,0.5355000000000008,7
568276,Heilerde Luvos imutox - Portionsbeutel,LUVOS,Deutschland,S#,"50x6,5g",13.423199999999998,2.1431999999999984,19
570335,Heilerde Luvos imutox,LUVOS,Deutschland,S#,380g,8.4728,1.3527999999999993,19
568274,Heilerde Luvos magenfein - Portionsbeutel,LUVOS,Deutschland,S#,"50x6,5g",13.423199999999998,2.1431999999999984,19
568273,Heilerde Luvos magenfein,LUVOS,Deutschland,S#,380g,8.4728,1.3527999999999993,19
68253,Heilerde Luvos mikrofein - 100 Kapseln,LUVOS,Deutschland,S#,100Stück,13.435099999999998,2.1450999999999993,19
68247,Heilerde Luvos mikrofein - 60 Kapseln,LUVOS,Deutschland,S#,60Stück,8.4728,1.3527999999999993,19
68248,Heilerde Luvos mikrofein,LUVOS,Deutschland,S#,380g,8.4728,1.3527999999999993,19
592958,Meerwasser Nasenspray,Fitne,Diverse,S#,20ml,4.045999999999999,0.6459999999999995,19
15090,Propolistropfen 80%Vol.,Sonnentor,Diverse,100% Biozutaten,6x20ml,47.980799999999995,7.660799999999995,19